1    1    1.000000
3    3    1.000000
5    5    1.000000
7    7    1.000000
9    9    1.000000
11    11    1.000000
13    13    1.000000
15    15    1.000000
17    17    1.000000
19    19    1.000000
21    21    1.000000
23    23    1.000000
25    25    1.000000
27    27    1.000000
29    29    1.000000
31    31    1.000000
33    33    1.000000
35    35    1.000000
37    37    1.000000
39    39    1.000000
41    41    1.000000
43    43    1.000000
45    45    1.000000
47    47    1.000000
49    49    1.000000
51    51    1.000000
53    53    1.000000
55    55    1.000000
57    57    1.000000
59    59    1.000000
61    61    1.000000
63    63    1.000000
65    65    1.000000
67    67    1.000000
69    69    1.000000
71    71    1.000000
73    73    1.000000
75    75    1.000000
77    77    1.000000
79    79    1.000000
81    81    1.000000
83    83    1.000000
85    85    1.000000
87    87    1.000000
89    89    1.000000
91    91    1.000000
93    93    1.000000
95    95    1.000000
97    97    1.000000
99    99    1.000000
101    101    1.000000
103    103    1.000000
105    105    1.000000
107    107    1.000000
109    109    1.000000
111    111    1.000000
113    113    1.000000
115    115    1.000000
117    117    1.000000
119    119    1.000000
121    121    1.000000
123    123    1.000000
125    125    1.000000
127    127    1.000000
129    129    1.000000
131    131    1.000000
133    133    1.000000
135    135    1.000000
137    137    1.000000
139    139    1.000000
141    141    1.000000
143    143    1.000000
145    145    1.000000
147    147    1.000000
149    149    1.000000
151    151    1.000000
153    153    1.000000
155    155    1.000000
157    157    1.000000
159    159    1.000000
161    161    1.000000
163    163    1.000000
165    165    1.000000
167    167    1.000000
169    169    1.000000
171    171    1.000000
173    173    1.000000
175    175    1.000000
177    177    1.000000
179    179    1.000000
181    181    1.000000
183    183    1.000000
185    185    1.000000
187    187    1.000000
189    189    1.000000
191    191    1.000000
193    193    1.000000
195    195    1.000000
197    197    1.000000
199    199    1.000000
201    201    1.000000
203    203    1.000000
205    205    1.000000
207    207    1.000000
209    209    1.000000
211    211    1.000000
213    213    1.000000
215    215    1.000000
217    217    1.000000
219    219    1.000000
221    221    1.000000
223    223    1.000000
225    225    1.000000
227    227    1.000000
229    229    1.000000
231    231    1.000000
233    233    1.000000
235    235    1.000000
237    237    1.000000
239    239    1.000000
241    241    1.000000
243    243    1.000000
245    245    1.000000
247    247    1.000000
249    249    1.000000
251    251    1.000000
253    253    1.000000
255    255    1.000000
257    257    1.000000
259    259    1.000000
261    261    1.000000
263    263    1.000000
265    265    1.000000
267    267    1.000000
269    269    1.000000
271    271    1.000000
273    273    1.000000
275    275    1.000000
277    277    1.000000
279    279    1.000000
281    281    1.000000
283    283    1.000000
285    285    1.000000
287    287    1.000000
289    289    1.000000
291    291    1.000000
293    293    1.000000
295    295    1.000000
297    297    1.000000
299    299    1.000000
301    301    1.000000
303    303    1.000000
305    305    1.000000
307    307    1.000000
309    309    1.000000
311    311    1.000000
313    313    1.000000
315    315    1.000000
317    317    1.000000
319    319    1.000000
321    321    1.000000
323    323    1.000000
325    325    1.000000
327    327    1.000000
329    329    1.000000
331    331    1.000000
333    333    1.000000
335    335    1.000000
337    337    1.000000
339    339    1.000000
341    341    1.000000
343    343    1.000000
345    345    1.000000
347    347    1.000000
349    349    1.000000
351    351    1.000000
353    353    1.000000
355    355    1.000000
357    357    1.000000
359    359    1.000000
361    361    1.000000
363    363    1.000000
365    365    1.000000
367    367    1.000000
369    369    1.000000
371    371    1.000000
373    373    1.000000
375    375    1.000000
377    377    1.000000
379    379    1.000000
381    381    1.000000
383    383    1.000000
385    385    1.000000
387    387    1.000000
389    389    1.000000
391    391    1.000000
393    393    1.000000
395    395    1.000000
397    397    1.000000
399    399    1.000000
401    401    1.000000
403    403    1.000000
405    405    1.000000
407    407    1.000000
409    409    1.000000
411    411    1.000000
413    413    1.000000
415    415    1.000000
417    417    1.000000
419    419    1.000000
421    421    1.000000
423    423    1.000000
425    425    1.000000
427    427    1.000000
429    429    1.000000
431    431    1.000000
433    433    1.000000
435    435    1.000000
437    437    1.000000
439    439    1.000000
441    441    1.000000
443    443    1.000000
445    445    1.000000
447    447    1.000000
449    449    1.000000
451    451    1.000000
453    453    1.000000
455    455    1.000000
457    457    1.000000
459    459    1.000000
461    461    1.000000
463    463    1.000000
465    465    1.000000
467    467    1.000000
469    469    1.000000
471    471    1.000000
473    473    1.000000
475    475    1.000000
477    477    1.000000
479    479    1.000000
481    481    1.000000
483    483    1.000000
485    485    1.000000
487    487    1.000000
489    489    1.000000
491    491    1.000000
493    493    1.000000
495    495    1.000000
497    497    1.000000
499    499    1.000000
501    501    1.000000
503    503    1.000000
505    505    1.000000
507    507    1.000000
509    509    1.000000
511    511    1.000000
513    513    1.000000
515    515    1.000000
517    517    1.000000
519    519    1.000000
521    521    1.000000
523    523    1.000000
525    525    1.000000
527    527    1.000000
529    529    1.000000
531    531    1.000000
533    533    1.000000
535    535    1.000000
537    537    1.000000
539    539    1.000000
541    541    1.000000
543    543    1.000000
545    545    1.000000
547    547    1.000000
549    549    1.000000
551    551    1.000000
553    553    1.000000
555    555    1.000000
557    557    1.000000
559    559    1.000000
561    561    1.000000
563    563    1.000000
565    565    1.000000
567    567    1.000000
569    569    1.000000
571    571    1.000000
573    573    1.000000
575    575    1.000000
577    577    1.000000
579    579    1.000000
581    581    1.000000
583    583    1.000000
585    585    1.000000
587    587    1.000000
589    589    1.000000
591    591    1.000000
593    593    1.000000
595    595    1.000000
597    597    1.000000
599    599    1.000000
601    601    1.000000
603    603    1.000000
605    605    1.000000
607    607    1.000000
609    609    1.000000
611    611    1.000000
613    613    1.000000
615    615    1.000000
617    617    1.000000
619    619    1.000000
621    621    1.000000
623    623    1.000000
625    625    1.000000
627    627    1.000000
629    629    1.000000
631    631    1.000000
633    633    1.000000
635    635    1.000000
637    637    1.000000
639    639    1.000000
641    641    1.000000
643    643    1.000000
645    645    1.000000
647    647    1.000000
649    649    1.000000
651    651    1.000000
653    653    1.000000
655    655    1.000000
657    657    1.000000
659    659    1.000000
661    661    1.000000
663    663    1.000000
665    665    1.000000
667    667    1.000000
669    669    1.000000
671    671    1.000000
673    673    1.000000
675    675    1.000000
677    677    1.000000
679    679    1.000000
681    681    1.000000
683    683    1.000000
685    685    1.000000
687    687    1.000000
689    689    1.000000
691    691    1.000000
693    693    1.000000
695    695    1.000000
697    697    1.000000
699    699    1.000000
701    701    1.000000
703    703    1.000000
705    705    1.000000
707    707    1.000000
709    709    1.000000
711    711    1.000000
713    713    1.000000
715    715    1.000000
717    717    1.000000
719    719    1.000000
721    721    1.000000
723    723    1.000000
725    725    1.000000
727    727    1.000000
729    729    1.000000
731    731    1.000000
733    733    1.000000
735    735    1.000000
737    737    1.000000
739    739    1.000000
741    741    1.000000
743    743    1.000000
745    745    1.000000
747    747    1.000000
749    749    1.000000
751    751    1.000000
753    753    1.000000
755    755    1.000000
757    757    1.000000
759    759    1.000000
761    761    1.000000
763    763    1.000000
765    765    1.000000
767    767    1.000000
769    769    1.000000
771    771    1.000000
773    773    1.000000
775    775    1.000000
777    777    1.000000
779    779    1.000000
781    781    1.000000
783    783    1.000000
785    785    1.000000
787    787    1.000000
789    789    1.000000
791    791    1.000000
793    793    1.000000
795    795    1.000000
797    797    1.000000
799    799    1.000000
801    801    1.000000
803    803    1.000000
805    805    1.000000
807    807    1.000000
809    809    1.000000
811    811    1.000000
813    813    1.000000
815    815    1.000000
817    817    1.000000
819    819    1.000000
821    821    1.000000
823    823    1.000000
825    825    1.000000
827    827    1.000000
829    829    1.000000
831    831    1.000000
833    833    1.000000
835    835    1.000000
837    837    1.000000
839    839    1.000000
841    841    1.000000
843    843    1.000000
845    845    1.000000
847    847    1.000000
849    849    1.000000
851    851    1.000000
853    853    1.000000
855    855    1.000000
857    857    1.000000
859    859    1.000000
861    861    1.000000
863    863    1.000000
865    865    1.000000
867    867    1.000000
869    869    1.000000
871    871    1.000000
873    873    1.000000
875    875    1.000000
877    877    1.000000
879    879    1.000000
881    881    1.000000
883    883    1.000000
885    885    1.000000
887    887    1.000000
889    889    1.000000
891    891    1.000000
893    893    1.000000
895    895    1.000000
897    897    1.000000
899    899    1.000000
901    901    1.000000
903    903    1.000000
905    905    1.000000
907    907    1.000000
909    909    1.000000
911    911    1.000000
913    913    1.000000
915    915    1.000000
917    917    1.000000
919    919    1.000000
921    921    1.000000
923    923    1.000000
925    925    1.000000
927    927    1.000000
929    929    1.000000
931    931    1.000000
933    933    1.000000
935    935    1.000000
937    937    1.000000
939    939    1.000000
941    941    1.000000
943    943    1.000000
945    945    1.000000
947    947    1.000000
949    949    1.000000
951    951    1.000000
953    953    1.000000
955    955    1.000000
957    957    1.000000
959    959    1.000000
961    961    1.000000
963    963    1.000000
965    965    1.000000
967    967    1.000000
969    969    1.000000
971    971    1.000000
973    973    1.000000
975    975    1.000000
977    977    1.000000
979    979    1.000000
981    981    1.000000
983    983    1.000000
985    985    1.000000
987    987    1.000000
989    989    1.000000
991    991    1.000000
993    993    1.000000
995    995    1.000000
997    997    1.000000
999    999    1.000000
1001    1001    1.000000
1003    1003    1.000000
1005    1005    1.000000
1007    1007    1.000000
1009    1009    1.000000
1011    1011    1.000000
1013    1013    1.000000
1015    1015    1.000000
1017    1017    1.000000
1019    1019    1.000000
1021    1021    1.000000
1023    1023    1.000000
1025    1025    1.000000
1027    1027    1.000000
1029    1029    1.000000
1031    1031    1.000000
1033    1033    1.000000
1035    1035    1.000000
1037    1037    1.000000
1039    1039    1.000000
1041    1041    1.000000
1043    1043    1.000000
1045    1045    1.000000
1047    1047    1.000000
1049    1049    1.000000
1051    1051    1.000000
1053    1053    1.000000
1055    1055    1.000000
1057    1057    1.000000
1059    1059    1.000000
1061    1061    1.000000
1063    1063    1.000000
1065    1065    1.000000
1067    1067    1.000000
1069    1069    1.000000
1071    1071    1.000000
1073    1073    1.000000
1075    1075    1.000000
1077    1077    1.000000
1079    1079    1.000000
1081    1081    1.000000
1083    1083    1.000000
1085    1085    1.000000
1087    1087    1.000000
1089    1089    1.000000
1091    1091    1.000000
1093    1093    1.000000
1095    1095    1.000000
1097    1097    1.000000
1099    1099    1.000000
1101    1101    1.000000
1103    1103    1.000000
1105    1105    1.000000
1107    1107    1.000000
1109    1109    1.000000
1111    1111    1.000000
1113    1113    1.000000
1115    1115    1.000000
1117    1117    1.000000
1119    1119    1.000000
1121    1121    1.000000
1123    1123    1.000000
1125    1125    1.000000
1127    1127    1.000000
1129    1129    1.000000
1131    1131    1.000000
1133    1133    1.000000
1135    1135    1.000000
1137    1137    1.000000
1139    1139    1.000000
1141    1141    1.000000
1143    1143    1.000000
1145    1145    1.000000
1147    1147    1.000000
1149    1149    1.000000
1151    1151    1.000000
1153    1153    1.000000
1155    1155    1.000000
1157    1157    1.000000
1159    1159    1.000000
1161    1161    1.000000
1163    1163    1.000000
1165    1165    1.000000
1167    1167    1.000000
1169    1169    1.000000
1171    1171    1.000000
1173    1173    1.000000
1175    1175    1.000000
1177    1177    1.000000
1179    1179    1.000000
1181    1181    1.000000
1183    1183    1.000000
1185    1185    1.000000
1187    1187    1.000000
1189    1189    1.000000
1191    1191    1.000000
1193    1193    1.000000
1195    1195    1.000000
1197    1197    1.000000
1199    1199    1.000000
1201    1201    1.000000
1203    1203    1.000000
1205    1205    1.000000
1207    1207    1.000000
1209    1209    1.000000
1211    1211    1.000000
1213    1213    1.000000
1215    1215    1.000000
1217    1217    1.000000
1219    1219    1.000000
1221    1221    1.000000
1223    1223    1.000000
1225    1225    1.000000
1227    1227    1.000000
1229    1229    1.000000
1231    1231    1.000000
1233    1233    1.000000
1235    1235    1.000000
1237    1237    1.000000
1239    1239    1.000000
1241    1241    1.000000
1243    1243    1.000000
1245    1245    1.000000
1247    1247    1.000000
1249    1249    1.000000
1251    1251    1.000000
1253    1253    1.000000
1255    1255    1.000000
1257    1257    1.000000
1259    1259    1.000000
1261    1261    1.000000
1263    1263    1.000000
1265    1265    1.000000
1267    1267    1.000000
1269    1269    1.000000
1271    1271    1.000000
1273    1273    1.000000
1275    1275    1.000000
1277    1277    1.000000
1279    1279    1.000000
1281    1281    1.000000
1283    1283    1.000000
1285    1285    1.000000
1287    1287    1.000000
1289    1289    1.000000
1291    1291    1.000000
1293    1293    1.000000
1295    1295    1.000000
1297    1297    1.000000
1299    1299    1.000000
1301    1301    1.000000
1303    1303    1.000000
1305    1305    1.000000
1307    1307    1.000000
1309    1309    1.000000
1311    1311    1.000000
1313    1313    1.000000
1315    1315    1.000000
1317    1317    1.000000
1319    1319    1.000000
1321    1321    1.000000
1323    1323    1.000000
1325    1325    1.000000
1327    1327    1.000000
1329    1329    1.000000
1331    1331    1.000000
1333    1333    1.000000
1335    1335    1.000000
1337    1337    1.000000
1339    1339    1.000000
1341    1341    1.000000
1343    1343    1.000000
1345    1345    1.000000
1347    1347    1.000000
1349    1349    1.000000
1351    1351    1.000000
1353    1353    1.000000
1355    1355    1.000000
1357    1357    1.000000
1359    1359    1.000000
1361    1361    1.000000
1363    1363    1.000000
1365    1365    1.000000
1367    1367    1.000000
1369    1369    1.000000
1371    1371    1.000000
1373    1373    1.000000
1375    1375    1.000000
1377    1377    1.000000
1379    1379    1.000000
1381    1381    1.000000
1383    1383    1.000000
1385    1385    1.000000
1387    1387    1.000000
1389    1389    1.000000
1391    1391    1.000000
1393    1393    1.000000
1395    1395    1.000000
1397    1397    1.000000
1399    1399    1.000000
1401    1401    1.000000
1403    1403    1.000000
1405    1405    1.000000
1407    1407    1.000000
1409    1409    1.000000
1411    1411    1.000000
1413    1413    1.000000
1415    1415    1.000000
1417    1417    1.000000
1419    1419    1.000000
1421    1421    1.000000
1423    1423    1.000000
1425    1425    1.000000
1427    1427    1.000000
1429    1429    1.000000
1431    1431    1.000000
1433    1433    1.000000
1435    1435    1.000000
1437    1437    1.000000
1439    1439    1.000000
1441    1441    1.000000
1443    1443    1.000000
1445    1445    1.000000
1447    1447    1.000000
1449    1449    1.000000
1451    1451    1.000000
1453    1453    1.000000
1455    1455    1.000000
1457    1457    1.000000
1459    1459    1.000000
1461    1461    1.000000
1463    1463    1.000000
1465    1465    1.000000
1467    1467    1.000000
1469    1469    1.000000
1471    1471    1.000000
1473    1473    1.000000
1475    1475    1.000000
1477    1477    1.000000
1479    1479    1.000000
1481    1481    1.000000
1483    1483    1.000000
1485    1485    1.000000
1487    1487    1.000000
1489    1489    1.000000
1491    1491    1.000000
1493    1493    1.000000
1495    1495    1.000000
1497    1497    1.000000
1499    1499    1.000000
1501    1501    1.000000
1503    1503    1.000000
1505    1505    1.000000
1507    1507    1.000000
1509    1509    1.000000
1511    1511    1.000000
1513    1513    1.000000
1515    1515    1.000000
1517    1517    1.000000
1519    1519    1.000000
1521    1521    1.000000
1523    1523    1.000000
1525    1525    1.000000
1527    1527    1.000000
1529    1529    1.000000
1531    1531    1.000000
1533    1533    1.000000
1535    1535    1.000000
1537    1537    1.000000
1539    1539    1.000000
1541    1541    1.000000
1543    1543    1.000000
1545    1545    1.000000
1547    1547    1.000000
1549    1549    1.000000
1551    1551    1.000000
1553    1553    1.000000
1555    1555    1.000000
1557    1557    1.000000
1559    1559    1.000000
1561    1561    1.000000
1563    1563    1.000000
1565    1565    1.000000
1567    1567    1.000000
1569    1569    1.000000
1571    1571    1.000000
1573    1573    1.000000
1575    1575    1.000000
1577    1577    1.000000
1579    1579    1.000000
1581    1581    1.000000
1583    1583    1.000000
1585    1585    1.000000
1587    1587    1.000000
1589    1589    1.000000
1591    1591    1.000000
1593    1593    1.000000
1595    1595    1.000000
1597    1597    1.000000
1599    1599    1.000000
1601    1601    1.000000
1603    1603    1.000000
1605    1605    1.000000
1607    1607    1.000000
1609    1609    1.000000
1611    1611    1.000000
1613    1613    1.000000
1615    1615    1.000000
1617    1617    1.000000
1619    1619    1.000000
1621    1621    1.000000
1623    1623    1.000000
1625    1625    1.000000
1627    1627    1.000000
1629    1629    1.000000
1631    1631    1.000000
1633    1633    1.000000
1635    1635    1.000000
1637    1637    1.000000
1639    1639    1.000000
1641    1641    1.000000
1643    1643    1.000000
1645    1645    1.000000
1647    1647    1.000000
1649    1649    1.000000
1651    1651    1.000000
1653    1653    1.000000
1655    1655    1.000000
1657    1657    1.000000
1659    1659    1.000000
1661    1661    1.000000
1663    1663    1.000000
1665    1665    1.000000
1667    1667    1.000000
1669    1669    1.000000
1671    1671    1.000000
1673    1673    1.000000
1675    1675    1.000000
1677    1677    1.000000
1679    1679    1.000000
1681    1681    1.000000
1683    1683    1.000000
1685    1685    1.000000
1687    1687    1.000000
1689    1689    1.000000
1691    1691    1.000000
1693    1693    1.000000
1695    1695    1.000000
1697    1697    1.000000
1699    1699    1.000000
1701    1701    1.000000
1703    1703    1.000000
1705    1705    1.000000
1707    1707    1.000000
1709    1709    1.000000
1711    1711    1.000000
1713    1713    1.000000
1715    1715    1.000000
1717    1717    1.000000
1719    1719    1.000000
1721    1721    1.000000
1723    1723    1.000000
1725    1725    1.000000
1727    1727    1.000000
1729    1729    1.000000
1731    1731    1.000000
1733    1733    1.000000
1735    1735    1.000000
1737    1737    1.000000
1739    1739    1.000000
1741    1741    1.000000
1743    1743    1.000000
1745    1745    1.000000
1747    1747    1.000000
1749    1749    1.000000
1751    1751    1.000000
1753    1753    1.000000
1755    1755    1.000000
1757    1757    1.000000
1759    1759    1.000000
1761    1761    1.000000
1763    1763    1.000000
1765    1765    1.000000
1767    1767    1.000000
1769    1769    1.000000
1771    1771    1.000000
1773    1773    1.000000
1775    1775    1.000000
1777    1777    1.000000
1779    1779    1.000000
1781    1781    1.000000
1783    1783    1.000000
1785    1785    1.000000
1787    1787    1.000000
1789    1789    1.000000
1791    1791    1.000000
1793    1793    1.000000
1795    1795    1.000000
1797    1797    1.000000
1799    1799    1.000000
1801    1801    1.000000
1803    1803    1.000000
1805    1805    1.000000
1807    1807    1.000000
1809    1809    1.000000
1811    1811    1.000000
1813    1813    1.000000
1815    1815    1.000000
1817    1817    1.000000
1819    1819    1.000000
1821    1821    1.000000
1823    1823    1.000000
1825    1825    1.000000
1827    1827    1.000000
1829    1829    1.000000
1831    1831    1.000000
1833    1833    1.000000
1835    1835    1.000000
1837    1837    1.000000
1839    1839    1.000000
1841    1841    1.000000
1843    1843    1.000000
1845    1845    1.000000
1847    1847    1.000000
1849    1849    1.000000
1851    1851    1.000000
1853    1853    1.000000
1855    1855    1.000000
1857    1857    1.000000
1859    1859    1.000000
1861    1861    1.000000
1863    1863    1.000000
1865    1865    1.000000
1867    1867    1.000000
1869    1869    1.000000
1871    1871    1.000000
1873    1873    1.000000
1875    1875    1.000000
1877    1877    1.000000
1879    1879    1.000000
1881    1881    1.000000
1883    1883    1.000000
1885    1885    1.000000
1887    1887    1.000000
1889    1889    1.000000
1891    1891    1.000000
1893    1893    1.000000
1895    1895    1.000000
1897    1897    1.000000
1899    1899    1.000000
1901    1901    1.000000
1903    1903    1.000000
1905    1905    1.000000
1907    1907    1.000000
1909    1909    1.000000
1911    1911    1.000000
1913    1913    1.000000
1915    1915    1.000000
1917    1917    1.000000
1919    1919    1.000000
1921    1921    1.000000
1923    1923    1.000000
1925    1925    1.000000
1927    1927    1.000000
1929    1929    1.000000
1931    1931    1.000000
1933    1933    1.000000
1935    1935    1.000000
1937    1937    1.000000
1939    1939    1.000000
1941    1941    1.000000
1943    1943    1.000000
1945    1945    1.000000
1947    1947    1.000000
1949    1949    1.000000
1951    1951    1.000000
1953    1953    1.000000
1955    1955    1.000000
1957    1957    1.000000
1959    1959    1.000000
1961    1961    1.000000
1963    1963    1.000000
1965    1965    1.000000
1967    1967    1.000000
1969    1969    1.000000
1971    1971    1.000000
1973    1973    1.000000
1975    1975    1.000000
1977    1977    1.000000
1979    1979    1.000000
1981    1981    1.000000
1983    1983    1.000000
1985    1985    1.000000
1987    1987    1.000000
1989    1989    1.000000
1991    1991    1.000000
1993    1993    1.000000
1995    1995    1.000000
1997    1997    1.000000
1999    1999    1.000000
2001    2001    1.000000
2003    2003    1.000000
2005    2005    1.000000
2007    2007    1.000000
2009    2009    1.000000
2011    2011    1.000000
2013    2013    1.000000
2015    2015    1.000000
2017    2017    1.000000
2019    2019    1.000000
2021    2021    1.000000
2023    2023    1.000000
2025    2025    1.000000
2027    2027    1.000000
2029    2029    1.000000
2031    2031    1.000000
2033    2033    1.000000
2035    2035    1.000000
2037    2037    1.000000
2039    2039    1.000000
2041    2041    1.000000
2043    2043    1.000000
2045    2045    1.000000
2047    2047    1.000000
2049    2049    1.000000
2051    2051    1.000000
2053    2053    1.000000
2055    2055    1.000000
2057    2057    1.000000
2059    2059    1.000000
2061    2061    1.000000
2063    2063    1.000000
2065    2065    1.000000
2067    2067    1.000000
2069    2069    1.000000
2071    2071    1.000000
2073    2073    1.000000
2075    2075    1.000000
2077    2077    1.000000
2079    2079    1.000000
2081    2081    1.000000
2083    2083    1.000000
2085    2085    1.000000
2087    2087    1.000000
2089    2089    1.000000
2091    2091    1.000000
2093    2093    1.000000
2095    2095    1.000000
2097    2097    1.000000
2099    2099    1.000000
2101    2101    1.000000
2103    2103    1.000000
2105    2105    1.000000
2107    2107    1.000000
2109    2109    1.000000
2111    2111    1.000000
2113    2113    1.000000
2115    2115    1.000000
2117    2117    1.000000
2119    2119    1.000000
2121    2121    1.000000
2123    2123    1.000000
2125    2125    1.000000
2127    2127    1.000000
2129    2129    1.000000
2131    2131    1.000000
2133    2133    1.000000
2135    2135    1.000000
2137    2137    1.000000
2139    2139    1.000000
2141    2141    1.000000
2143    2143    1.000000
2145    2145    1.000000
2147    2147    1.000000
2149    2149    1.000000
2151    2151    1.000000
2153    2153    1.000000
2155    2155    1.000000
2157    2157    1.000000
2159    2159    1.000000
2161    2161    1.000000
2163    2163    1.000000
2165    2165    1.000000
2167    2167    1.000000
2169    2169    1.000000
2171    2171    1.000000
2173    2173    1.000000
2175    2175    1.000000
2177    2177    1.000000
2179    2179    1.000000
2181    2181    1.000000
2183    2183    1.000000
2185    2185    1.000000
2187    2187    1.000000
2189    2189    1.000000
2191    2191    1.000000
2193    2193    1.000000
2195    2195    1.000000
2197    2197    1.000000
2199    2199    1.000000
2201    2201    1.000000
2203    2203    1.000000
2205    2205    1.000000
2207    2207    1.000000
2209    2209    1.000000
2211    2211    1.000000
2213    2213    1.000000
2215    2215    1.000000
2217    2217    1.000000
2219    2219    1.000000
2221    2221    1.000000
2223    2223    1.000000
2225    2225    1.000000
2227    2227    1.000000
2229    2229    1.000000
2231    2231    1.000000
2233    2233    1.000000
2235    2235    1.000000
2237    2237    1.000000
2239    2239    1.000000
2241    2241    1.000000
2243    2243    1.000000
2245    2245    1.000000
2247    2247    1.000000
2249    2249    1.000000
2251    2251    1.000000
2253    2253    1.000000
2255    2255    1.000000
2257    2257    1.000000
2259    2259    1.000000
2261    2261    1.000000
2263    2263    1.000000
2265    2265    1.000000
2267    2267    1.000000
2269    2269    1.000000
2271    2271    1.000000
2273    2273    1.000000
2275    2275    1.000000
2277    2277    1.000000
2279    2279    1.000000
2281    2281    1.000000
2283    2283    1.000000
2285    2285    1.000000
2287    2287    1.000000
2289    2289    1.000000
2291    2291    1.000000
2293    2293    1.000000
2295    2295    1.000000
2297    2297    1.000000
2299    2299    1.000000
2301    2301    1.000000
2303    2303    1.000000
2305    2305    1.000000
2307    2307    1.000000
2309    2309    1.000000
2311    2311    1.000000
2313    2313    1.000000
2315    2315    1.000000
2317    2317    1.000000
2319    2319    1.000000
2321    2321    1.000000
2323    2323    1.000000
2325    2325    1.000000
2327    2327    1.000000
2329    2329    1.000000
2331    2331    1.000000
2333    2333    1.000000
2335    2335    1.000000
2337    2337    1.000000
2339    2339    1.000000
2341    2341    1.000000
2343    2343    1.000000
2345    2345    1.000000
2347    2347    1.000000
2349    2349    1.000000
2351    2351    1.000000
2353    2353    1.000000
2355    2355    1.000000
2357    2357    1.000000
2359    2359    1.000000
2361    2361    1.000000
2363    2363    1.000000
2365    2365    1.000000
2367    2367    1.000000
2369    2369    1.000000
2371    2371    1.000000
2373    2373    1.000000
2375    2375    1.000000
2377    2377    1.000000
2379    2379    1.000000
2381    2381    1.000000
2383    2383    1.000000
2385    2385    1.000000
2387    2387    1.000000
2389    2389    1.000000
2391    2391    1.000000
2393    2393    1.000000
2395    2395    1.000000
2397    2397    1.000000
2399    2399    1.000000
2401    2401    1.000000
2403    2403    1.000000
2405    2405    1.000000
2407    2407    1.000000
2409    2409    1.000000
2411    2411    1.000000
2413    2413    1.000000
2415    2415    1.000000
2417    2417    1.000000
2419    2419    1.000000
2421    2421    1.000000
2423    2423    1.000000
2425    2425    1.000000
2427    2427    1.000000
2429    2429    1.000000
2431    2431    1.000000
2433    2433    1.000000
2435    2435    1.000000
2437    2437    1.000000
2439    2439    1.000000
2441    2441    1.000000
2443    2443    1.000000
2445    2445    1.000000
2447    2447    1.000000
2449    2449    1.000000
2451    2451    1.000000
2453    2453    1.000000
2455    2455    1.000000
2457    2457    1.000000
2459    2459    1.000000
2461    2461    1.000000
2463    2463    1.000000
2465    2465    1.000000
2467    2467    1.000000
2469    2469    1.000000
2471    2471    1.000000
2473    2473    1.000000
2475    2475    1.000000
2477    2477    1.000000
2479    2479    1.000000
2481    2481    1.000000
2483    2483    1.000000
2485    2485    1.000000
2487    2487    1.000000
2489    2489    1.000000
2491    2491    1.000000
2493    2493    1.000000
2495    2495    1.000000
2497    2497    1.000000
2499    2499    1.000000
2501    2501    1.000000
2503    2503    1.000000
2505    2505    1.000000
2507    2507    1.000000
2509    2509    1.000000
2511    2511    1.000000
2513    2513    1.000000
2515    2515    1.000000
2517    2517    1.000000
2519    2519    1.000000
2521    2521    1.000000
2523    2523    1.000000
2525    2525    1.000000
2527    2527    1.000000
2529    2529    1.000000
2531    2531    1.000000
2533    2533    1.000000
2535    2535    1.000000
2537    2537    1.000000
2539    2539    1.000000
2541    2541    1.000000
2543    2543    1.000000
2545    2545    1.000000
2547    2547    1.000000
2549    2549    1.000000
2551    2551    1.000000
2553    2553    1.000000
2555    2555    1.000000
2557    2557    1.000000
2559    2559    1.000000
2561    2561    1.000000
2563    2563    1.000000
2565    2565    1.000000
2567    2567    1.000000
2569    2569    1.000000
2571    2571    1.000000
2573    2573    1.000000
2575    2575    1.000000
2577    2577    1.000000
2579    2579    1.000000
2581    2581    1.000000
2583    2583    1.000000
2585    2585    1.000000
2587    2587    1.000000
2589    2589    1.000000
2591    2591    1.000000
2593    2593    1.000000
2595    2595    1.000000
2597    2597    1.000000
2599    2599    1.000000
2601    2601    1.000000
2603    2603    1.000000
2605    2605    1.000000
2607    2607    1.000000
2609    2609    1.000000
2611    2611    1.000000
2613    2613    1.000000
2615    2615    1.000000
2617    2617    1.000000
2619    2619    1.000000
2621    2621    1.000000
2623    2623    1.000000
2625    2625    1.000000
2627    2627    1.000000
2629    2629    1.000000
2631    2631    1.000000
2633    2633    1.000000
2635    2635    1.000000
2637    2637    1.000000
2639    2639    1.000000
2641    2641    1.000000
2643    2643    1.000000
2645    2645    1.000000
2647    2647    1.000000
2649    2649    1.000000
2651    2651    1.000000
2653    2653    1.000000
2655    2655    1.000000
2657    2657    1.000000
2659    2659    1.000000
2661    2661    1.000000
2663    2663    1.000000
2665    2665    1.000000
2667    2667    1.000000
2669    2669    1.000000
2671    2671    1.000000
2673    2673    1.000000
2675    2675    1.000000
2677    2677    1.000000
2679    2679    1.000000
2681    2681    1.000000
2683    2683    1.000000
2685    2685    1.000000
2687    2687    1.000000
2689    2689    1.000000
2691    2691    1.000000
2693    2693    1.000000
2695    2695    1.000000
2697    2697    1.000000
2699    2699    1.000000
2701    2701    1.000000
2703    2703    1.000000
2705    2705    1.000000
2707    2707    1.000000
2709    2709    1.000000
2711    2711    1.000000
2713    2713    1.000000
2715    2715    1.000000
2717    2717    1.000000
2719    2719    1.000000
2721    2721    1.000000
2723    2723    1.000000
2725    2725    1.000000
2727    2727    1.000000
2729    2729    1.000000
2731    2731    1.000000
2733    2733    1.000000
2735    2735    1.000000
2737    2737    1.000000
2739    2739    1.000000
2741    2741    1.000000
2743    2743    1.000000
2745    2745    1.000000
2747    2747    1.000000
2749    2749    1.000000
2751    2751    1.000000
2753    2753    1.000000
2755    2755    1.000000
2757    2757    1.000000
2759    2759    1.000000
2761    2761    1.000000
2763    2763    1.000000
2765    2765    1.000000
2767    2767    1.000000
2769    2769    1.000000
2771    2771    1.000000
2773    2773    1.000000
2775    2775    1.000000
2777    2777    1.000000
2779    2779    1.000000
2781    2781    1.000000
2783    2783    1.000000
2785    2785    1.000000
2787    2787    1.000000
2789    2789    1.000000
2791    2791    1.000000
2793    2793    1.000000
2795    2795    1.000000
2797    2797    1.000000
2799    2799    1.000000
2801    2801    1.000000
2803    2803    1.000000
2805    2805    1.000000
2807    2807    1.000000
2809    2809    1.000000
2811    2811    1.000000
2813    2813    1.000000
2815    2815    1.000000
2817    2817    1.000000
2819    2819    1.000000
2821    2821    1.000000
2823    2823    1.000000
2825    2825    1.000000
2827    2827    1.000000
2829    2829    1.000000
2831    2831    1.000000
2833    2833    1.000000
2835    2835    1.000000
2837    2837    1.000000
2839    2839    1.000000
2841    2841    1.000000
2843    2843    1.000000
2845    2845    1.000000
2847    2847    1.000000
2849    2849    1.000000
2851    2851    1.000000
2853    2853    1.000000
2855    2855    1.000000
2857    2857    1.000000
2859    2859    1.000000
2861    2861    1.000000
2863    2863    1.000000
2865    2865    1.000000
2867    2867    1.000000
2869    2869    1.000000
2871    2871    1.000000
2873    2873    1.000000
2875    2875    1.000000
2877    2877    1.000000
2879    2879    1.000000
2881    2881    1.000000
2883    2883    1.000000
2885    2885    1.000000
2887    2887    1.000000
2889    2889    1.000000
2891    2891    1.000000
2893    2893    1.000000
2895    2895    1.000000
2897    2897    1.000000
2899    2899    1.000000
2901    2901    1.000000
2903    2903    1.000000
2905    2905    1.000000
2907    2907    1.000000
2909    2909    1.000000
2911    2911    1.000000
2913    2913    1.000000
2915    2915    1.000000
2917    2917    1.000000
2919    2919    1.000000
2921    2921    1.000000
2923    2923    1.000000
2925    2925    1.000000
2927    2927    1.000000
2929    2929    1.000000
2931    2931    1.000000
2933    2933    1.000000
2935    2935    1.000000
2937    2937    1.000000
2939    2939    1.000000
2941    2941    1.000000
2943    2943    1.000000
2945    2945    1.000000
2947    2947    1.000000
2949    2949    1.000000
2951    2951    1.000000
2953    2953    1.000000
2955    2955    1.000000
2957    2957    1.000000
2959    2959    1.000000
2961    2961    1.000000
2963    2963    1.000000
2965    2965    1.000000
2967    2967    1.000000
2969    2969    1.000000
2971    2971    1.000000
2973    2973    1.000000
2975    2975    1.000000
2977    2977    1.000000
2979    2979    1.000000
2981    2981    1.000000
2983    2983    1.000000
2985    2985    1.000000
2987    2987    1.000000
2989    2989    1.000000
2991    2991    1.000000
2993    2993    1.000000
2995    2995    1.000000
2997    2997    1.000000
2999    2999    1.000000
3001    3001    1.000000
3003    3003    1.000000
3005    3005    1.000000
3007    3007    1.000000
3009    3009    1.000000
3011    3011    1.000000
3013    3013    1.000000
3015    3015    1.000000
3017    3017    1.000000
3019    3019    1.000000
3021    3021    1.000000
3023    3023    1.000000
3025    3025    1.000000
3027    3027    1.000000
3029    3029    1.000000
3031    3031    1.000000
3033    3033    1.000000
3035    3035    1.000000
3037    3037    1.000000
3039    3039    1.000000
3041    3041    1.000000
3043    3043    1.000000
3045    3045    1.000000
3047    3047    1.000000
3049    3049    1.000000
3051    3051    1.000000
3053    3053    1.000000
3055    3055    1.000000
3057    3057    1.000000
3059    3059    1.000000
3061    3061    1.000000
3063    3063    1.000000
3065    3065    1.000000
3067    3067    1.000000
3069    3069    1.000000
3071    3071    1.000000
3073    3073    1.000000
3075    3075    1.000000
3077    3077    1.000000
3079    3079    1.000000
3081    3081    1.000000
3083    3083    1.000000
3085    3085    1.000000
3087    3087    1.000000
3089    3089    1.000000
3091    3091    1.000000
3093    3093    1.000000
3095    3095    1.000000
3097    3097    1.000000
3099    3099    1.000000
3101    3101    1.000000
3103    3103    1.000000
3105    3105    1.000000
3107    3107    1.000000
3109    3109    1.000000
3111    3111    1.000000
3113    3113    1.000000
3115    3115    1.000000
3117    3117    1.000000
3119    3119    1.000000
3121    3121    1.000000
3123    3123    1.000000
3125    3125    1.000000
3127    3127    1.000000
3129    3129    1.000000
3131    3131    1.000000
3133    3133    1.000000
3135    3135    1.000000
3137    3137    1.000000
3139    3139    1.000000
3141    3141    1.000000
3143    3143    1.000000
3145    3145    1.000000
3147    3147    1.000000
3149    3149    1.000000
3151    3151    1.000000
3153    3153    1.000000
3155    3155    1.000000
3157    3157    1.000000
3159    3159    1.000000
3161    3161    1.000000
3163    3163    1.000000
3165    3165    1.000000
3167    3167    1.000000
3169    3169    1.000000
3171    3171    1.000000
3173    3173    1.000000
3175    3175    1.000000
3177    3177    1.000000
3179    3179    1.000000
3181    3181    1.000000
3183    3183    1.000000
3185    3185    1.000000
3187    3187    1.000000
3189    3189    1.000000
3191    3191    1.000000
3193    3193    1.000000
3195    3195    1.000000
3197    3197    1.000000
3199    3199    1.000000
3201    3201    1.000000
3203    3203    1.000000
3205    3205    1.000000
3207    3207    1.000000
3209    3209    1.000000
3211    3211    1.000000
3213    3213    1.000000
3215    3215    1.000000
3217    3217    1.000000
3219    3219    1.000000
3221    3221    1.000000
3223    3223    1.000000
3225    3225    1.000000
3227    3227    1.000000
3229    3229    1.000000
3231    3231    1.000000
3233    3233    1.000000
3235    3235    1.000000
3237    3237    1.000000
3239    3239    1.000000
3241    3241    1.000000
3243    3243    1.000000
3245    3245    1.000000
3247    3247    1.000000
3249    3249    1.000000
3251    3251    1.000000
3253    3253    1.000000
3255    3255    1.000000
3257    3257    1.000000
3259    3259    1.000000
3261    3261    1.000000
3263    3263    1.000000
3265    3265    1.000000
3267    3267    1.000000
3269    3269    1.000000
3271    3271    1.000000
3273    3273    1.000000
3275    3275    1.000000
3277    3277    1.000000
3279    3279    1.000000
3281    3281    1.000000
3283    3283    1.000000
3285    3285    1.000000
3287    3287    1.000000
3289    3289    1.000000
3291    3291    1.000000
3293    3293    1.000000
3295    3295    1.000000
3297    3297    1.000000
3299    3299    1.000000
3301    3301    1.000000
3303    3303    1.000000
3305    3305    1.000000
3307    3307    1.000000
3309    3309    1.000000
3311    3311    1.000000
3313    3313    1.000000
3315    3315    1.000000
3317    3317    1.000000
3319    3319    1.000000
3321    3321    1.000000
3323    3323    1.000000
3325    3325    1.000000
3327    3327    1.000000
3329    3329    1.000000
3331    3331    1.000000
3333    3333    1.000000
3335    3335    1.000000
3337    3337    1.000000
3339    3339    1.000000
3341    3341    1.000000
3343    3343    1.000000
3345    3345    1.000000
3347    3347    1.000000
3349    3349    1.000000
3351    3351    1.000000
3353    3353    1.000000
3355    3355    1.000000
3357    3357    1.000000
3359    3359    1.000000
3361    3361    1.000000
3363    3363    1.000000
3365    3365    1.000000
3367    3367    1.000000
3369    3369    1.000000
3371    3371    1.000000
3373    3373    1.000000
3375    3375    1.000000
3377    3377    1.000000
3379    3379    1.000000
3381    3381    1.000000
3383    3383    1.000000
3385    3385    1.000000
3387    3387    1.000000
3389    3389    1.000000
3391    3391    1.000000
3393    3393    1.000000
3395    3395    1.000000
3397    3397    1.000000
3399    3399    1.000000
3401    3401    1.000000
3403    3403    1.000000
3405    3405    1.000000
3407    3407    1.000000
3409    3409    1.000000
3411    3411    1.000000
3413    3413    1.000000
3415    3415    1.000000
3417    3417    1.000000
3419    3419    1.000000
3421    3421    1.000000
3423    3423    1.000000
3425    3425    1.000000
3427    3427    1.000000
3429    3429    1.000000
3431    3431    1.000000
3433    3433    1.000000
3435    3435    1.000000
3437    3437    1.000000
3439    3439    1.000000
3441    3441    1.000000
3443    3443    1.000000
3445    3445    1.000000
3447    3447    1.000000
3449    3449    1.000000
3451    3451    1.000000
3453    3453    1.000000
3455    3455    1.000000
3457    3457    1.000000
3459    3459    1.000000
3461    3461    1.000000
3463    3463    1.000000
3465    3465    1.000000
3467    3467    1.000000
3469    3469    1.000000
3471    3471    1.000000
3473    3473    1.000000
3475    3475    1.000000
3477    3477    1.000000
3479    3479    1.000000
3481    3481    1.000000
3483    3483    1.000000
3485    3485    1.000000
3487    3487    1.000000
3489    3489    1.000000
3491    3491    1.000000
3493    3493    1.000000
3495    3495    1.000000
3497    3497    1.000000
3499    3499    1.000000
3501    3501    1.000000
3503    3503    1.000000
3505    3505    1.000000
3507    3507    1.000000
3509    3509    1.000000
3511    3511    1.000000
3513    3513    1.000000
3515    3515    1.000000
3517    3517    1.000000
3519    3519    1.000000
3521    3521    1.000000
3523    3523    1.000000
3525    3525    1.000000
3527    3527    1.000000
3529    3529    1.000000
3531    3531    1.000000
3533    3533    1.000000
3535    3535    1.000000
3537    3537    1.000000
3539    3539    1.000000
3541    3541    1.000000
3543    3543    1.000000
3545    3545    1.000000
3547    3547    1.000000
3549    3549    1.000000
3551    3551    1.000000
3553    3553    1.000000
3555    3555    1.000000
3557    3557    1.000000
3559    3559    1.000000
3561    3561    1.000000
3563    3563    1.000000
3565    3565    1.000000
3567    3567    1.000000
3569    3569    1.000000
3571    3571    1.000000
3573    3573    1.000000
3575    3575    1.000000
3577    3577    1.000000
3579    3579    1.000000
3581    3581    1.000000
3583    3583    1.000000
3585    3585    1.000000
3587    3587    1.000000
3589    3589    1.000000
3591    3591    1.000000
3593    3593    1.000000
3595    3595    1.000000
3597    3597    1.000000
3599    3599    1.000000
3601    3601    1.000000
3603    3603    1.000000
3605    3605    1.000000
3607    3607    1.000000
3609    3609    1.000000
3611    3611    1.000000
3613    3613    1.000000
3615    3615    1.000000
3617    3617    1.000000
3619    3619    1.000000
3621    3621    1.000000
3623    3623    1.000000
3625    3625    1.000000
3627    3627    1.000000
3629    3629    1.000000
3631    3631    1.000000
3633    3633    1.000000
3635    3635    1.000000
3637    3637    1.000000
3639    3639    1.000000
3641    3641    1.000000
3643    3643    1.000000
3645    3645    1.000000
3647    3647    1.000000
3649    3649    1.000000
3651    3651    1.000000
3653    3653    1.000000
3655    3655    1.000000
3657    3657    1.000000
3659    3659    1.000000
3661    3661    1.000000
3663    3663    1.000000
3665    3665    1.000000
3667    3667    1.000000
3669    3669    1.000000
3671    3671    1.000000
3673    3673    1.000000
3675    3675    1.000000
3677    3677    1.000000
3679    3679    1.000000
3681    3681    1.000000
3683    3683    1.000000
3685    3685    1.000000
3687    3687    1.000000
3689    3689    1.000000
3691    3691    1.000000
3693    3693    1.000000
3695    3695    1.000000
3697    3697    1.000000
3699    3699    1.000000
3701    3701    1.000000
3703    3703    1.000000
3705    3705    1.000000
3707    3707    1.000000
3709    3709    1.000000
3711    3711    1.000000
3713    3713    1.000000
3715    3715    1.000000
3717    3717    1.000000
3719    3719    1.000000
3721    3721    1.000000
3723    3723    1.000000
3725    3725    1.000000
3727    3727    1.000000
3729    3729    1.000000
3731    3731    1.000000
3733    3733    1.000000
3735    3735    1.000000
3737    3737    1.000000
3739    3739    1.000000
3741    3741    1.000000
3743    3743    1.000000
3745    3745    1.000000
3747    3747    1.000000
3749    3749    1.000000
3751    3751    1.000000
3753    3753    1.000000
3755    3755    1.000000
3757    3757    1.000000
3759    3759    1.000000
3761    3761    1.000000
3763    3763    1.000000
3765    3765    1.000000
3767    3767    1.000000
3769    3769    1.000000
3771    3771    1.000000
3773    3773    1.000000
3775    3775    1.000000
3777    3777    1.000000
3779    3779    1.000000
3781    3781    1.000000
3783    3783    1.000000
3785    3785    1.000000
3787    3787    1.000000
3789    3789    1.000000
3791    3791    1.000000
3793    3793    1.000000
3795    3795    1.000000
3797    3797    1.000000
3799    3799    1.000000
3801    3801    1.000000
3803    3803    1.000000
3805    3805    1.000000
3807    3807    1.000000
3809    3809    1.000000
3811    3811    1.000000
3813    3813    1.000000
3815    3815    1.000000
3817    3817    1.000000
3819    3819    1.000000
3821    3821    1.000000
3823    3823    1.000000
3825    3825    1.000000
3827    3827    1.000000
3829    3829    1.000000
3831    3831    1.000000
3833    3833    1.000000
3835    3835    1.000000
3837    3837    1.000000
3839    3839    1.000000
3841    3841    1.000000
3843    3843    1.000000
3845    3845    1.000000
3847    3847    1.000000
3849    3849    1.000000
3851    3851    1.000000
3853    3853    1.000000
3855    3855    1.000000
3857    3857    1.000000
3859    3859    1.000000
3861    3861    1.000000
3863    3863    1.000000
3865    3865    1.000000
3867    3867    1.000000
3869    3869    1.000000
3871    3871    1.000000
3873    3873    1.000000
3875    3875    1.000000
3877    3877    1.000000
3879    3879    1.000000
3881    3881    1.000000
3883    3883    1.000000
3885    3885    1.000000
3887    3887    1.000000
3889    3889    1.000000
3891    3891    1.000000
3893    3893    1.000000
3895    3895    1.000000
3897    3897    1.000000
3899    3899    1.000000
3901    3901    1.000000
3903    3903    1.000000
3905    3905    1.000000
3907    3907    1.000000
3909    3909    1.000000
3911    3911    1.000000
3913    3913    1.000000
3915    3915    1.000000
3917    3917    1.000000
3919    3919    1.000000
3921    3921    1.000000
3923    3923    1.000000
3925    3925    1.000000
3927    3927    1.000000
3929    3929    1.000000
3931    3931    1.000000
3933    3933    1.000000
3935    3935    1.000000
3937    3937    1.000000
3939    3939    1.000000
3941    3941    1.000000
3943    3943    1.000000
3945    3945    1.000000
3947    3947    1.000000
3949    3949    1.000000
3951    3951    1.000000
3953    3953    1.000000
3955    3955    1.000000
3957    3957    1.000000
3959    3959    1.000000
3961    3961    1.000000
3963    3963    1.000000
3965    3965    1.000000
3967    3967    1.000000
3969    3969    1.000000
3971    3971    1.000000
3973    3973    1.000000
3975    3975    1.000000
3977    3977    1.000000
3979    3979    1.000000
3981    3981    1.000000
3983    3983    1.000000
3985    3985    1.000000
3987    3987    1.000000
3989    3989    1.000000
3991    3991    1.000000
3993    3993    1.000000
3995    3995    1.000000
3997    3997    1.000000
3999    3999    1.000000
4001    4001    1.000000
4003    4003    1.000000
4005    4005    1.000000
4007    4007    1.000000
4009    4009    1.000000
4011    4011    1.000000
4013    4013    1.000000
4015    4015    1.000000
4017    4017    1.000000
4019    4019    1.000000
4021    4021    1.000000
4023    4023    1.000000
4025    4025    1.000000
4027    4027    1.000000
4029    4029    1.000000
4031    4031    1.000000
4033    4033    1.000000
4035    4035    1.000000
4037    4037    1.000000
4039    4039    1.000000
4041    4041    1.000000
4043    4043    1.000000
4045    4045    1.000000
4047    4047    1.000000
4049    4049    1.000000
4051    4051    1.000000
4053    4053    1.000000
4055    4055    1.000000
4057    4057    1.000000
4059    4059    1.000000
4061    4061    1.000000
4063    4063    1.000000
4065    4065    1.000000
4067    4067    1.000000
4069    4069    1.000000
4071    4071    1.000000
4073    4073    1.000000
4075    4075    1.000000
4077    4077    1.000000
4079    4079    1.000000
4081    4081    1.000000
4083    4083    1.000000
4085    4085    1.000000
4087    4087    1.000000
4089    4089    1.000000
4091    4091    1.000000
4093    4093    1.000000
4095    4095    1.000000
4097    4097    1.000000
4099    4099    1.000000
4101    4101    1.000000
4103    4103    1.000000
4105    4105    1.000000
4107    4107    1.000000
4109    4109    1.000000
4111    4111    1.000000
4113    4113    1.000000
4115    4115    1.000000
4117    4117    1.000000
4119    4119    1.000000
4121    4121    1.000000
4123    4123    1.000000
4125    4125    1.000000
4127    4127    1.000000
4129    4129    1.000000
4131    4131    1.000000
4133    4133    1.000000
4135    4135    1.000000
4137    4137    1.000000
4139    4139    1.000000
4141    4141    1.000000
4143    4143    1.000000
4145    4145    1.000000
4147    4147    1.000000
4149    4149    1.000000
4151    4151    1.000000
4153    4153    1.000000
4155    4155    1.000000
4157    4157    1.000000
4159    4159    1.000000
4161    4161    1.000000
4163    4163    1.000000
4165    4165    1.000000
4167    4167    1.000000
4169    4169    1.000000
4171    4171    1.000000
4173    4173    1.000000
4175    4175    1.000000
4177    4177    1.000000
4179    4179    1.000000
4181    4181    1.000000
4183    4183    1.000000
4185    4185    1.000000
4187    4187    1.000000
4189    4189    1.000000
4191    4191    1.000000
4193    4193    1.000000
4195    4195    1.000000
4197    4197    1.000000
4199    4199    1.000000
4201    4201    1.000000
4203    4203    1.000000
4205    4205    1.000000
4207    4207    1.000000
4209    4209    1.000000
4211    4211    1.000000
4213    4213    1.000000
4215    4215    1.000000
4217    4217    1.000000
4219    4219    1.000000
4221    4221    1.000000
4223    4223    1.000000
4225    4225    1.000000
4227    4227    1.000000
4229    4229    1.000000
4231    4231    1.000000
4233    4233    1.000000
4235    4235    1.000000
4237    4237    1.000000
4239    4239    1.000000
4241    4241    1.000000
4243    4243    1.000000
4245    4245    1.000000
4247    4247    1.000000
4249    4249    1.000000
4251    4251    1.000000
4253    4253    1.000000
4255    4255    1.000000
4257    4257    1.000000
4259    4259    1.000000
4261    4261    1.000000
4263    4263    1.000000
4265    4265    1.000000
4267    4267    1.000000
4269    4269    1.000000
4271    4271    1.000000
4273    4273    1.000000
4275    4275    1.000000
4277    4277    1.000000
4279    4279    1.000000
4281    4281    1.000000
4283    4283    1.000000
4285    4285    1.000000
4287    4287    1.000000
4289    4289    1.000000
4291    4291    1.000000
4293    4293    1.000000
4295    4295    1.000000
4297    4297    1.000000
4299    4299    1.000000
4301    4301    1.000000
4303    4303    1.000000
4305    4305    1.000000
4307    4307    1.000000
4309    4309    1.000000
4311    4311    1.000000
4313    4313    1.000000
4315    4315    1.000000
4317    4317    1.000000
4319    4319    1.000000
4321    4321    1.000000
4323    4323    1.000000
4325    4325    1.000000
4327    4327    1.000000
4329    4329    1.000000
4331    4331    1.000000
4333    4333    1.000000
4335    4335    1.000000
4337    4337    1.000000
4339    4339    1.000000
4341    4341    1.000000
4343    4343    1.000000
4345    4345    1.000000
4347    4347    1.000000
4349    4349    1.000000
4351    4351    1.000000
4353    4353    1.000000
4355    4355    1.000000
4357    4357    1.000000
4359    4359    1.000000
4361    4361    1.000000
4363    4363    1.000000
4365    4365    1.000000
4367    4367    1.000000
4369    4369    1.000000
4371    4371    1.000000
4373    4373    1.000000
4375    4375    1.000000
4377    4377    1.000000
4379    4379    1.000000
4381    4381    1.000000
4383    4383    1.000000
4385    4385    1.000000
4387    4387    1.000000
4389    4389    1.000000
4391    4391    1.000000
4393    4393    1.000000
4395    4395    1.000000
4397    4397    1.000000
4399    4399    1.000000
4401    4401    1.000000
4403    4403    1.000000
4405    4405    1.000000
4407    4407    1.000000
4409    4409    1.000000
4411    4411    1.000000
4413    4413    1.000000
4415    4415    1.000000
4417    4417    1.000000
4419    4419    1.000000
4421    4421    1.000000
4423    4423    1.000000
4425    4425    1.000000
4427    4427    1.000000
4429    4429    1.000000
4431    4431    1.000000
4433    4433    1.000000
4435    4435    1.000000
4437    4437    1.000000
4439    4439    1.000000
4441    4441    1.000000
4443    4443    1.000000
4445    4445    1.000000
4447    4447    1.000000
4449    4449    1.000000
4451    4451    1.000000
4453    4453    1.000000
4455    4455    1.000000
4457    4457    1.000000
4459    4459    1.000000
4461    4461    1.000000
4463    4463    1.000000
4465    4465    1.000000
4467    4467    1.000000
4469    4469    1.000000
4471    4471    1.000000
4473    4473    1.000000
4475    4475    1.000000
4477    4477    1.000000
4479    4479    1.000000
4481    4481    1.000000
4483    4483    1.000000
4485    4485    1.000000
4487    4487    1.000000
4489    4489    1.000000
4491    4491    1.000000
4493    4493    1.000000
4495    4495    1.000000
4497    4497    1.000000
4499    4499    1.000000
4501    4501    1.000000
4503    4503    1.000000
4505    4505    1.000000
4507    4507    1.000000
4509    4509    1.000000
4511    4511    1.000000
4513    4513    1.000000
4515    4515    1.000000
4517    4517    1.000000
4519    4519    1.000000
4521    4521    1.000000
4523    4523    1.000000
4525    4525    1.000000
4527    4527    1.000000
4529    4529    1.000000
4531    4531    1.000000
4533    4533    1.000000
4535    4535    1.000000
4537    4537    1.000000
4539    4539    1.000000
4541    4541    1.000000
4543    4543    1.000000
4545    4545    1.000000
4547    4547    1.000000
4549    4549    1.000000
4551    4551    1.000000
4553    4553    1.000000
4555    4555    1.000000
4557    4557    1.000000
4559    4559    1.000000
4561    4561    1.000000
4563    4563    1.000000
4565    4565    1.000000
4567    4567    1.000000
4569    4569    1.000000
4571    4571    1.000000
4573    4573    1.000000
4575    4575    1.000000
4577    4577    1.000000
4579    4579    1.000000
4581    4581    1.000000
4583    4583    1.000000
4585    4585    1.000000
4587    4587    1.000000
4589    4589    1.000000
4591    4591    1.000000
4593    4593    1.000000
4595    4595    1.000000
4597    4597    1.000000
4599    4599    1.000000
4601    4601    1.000000
4603    4603    1.000000
4605    4605    1.000000
4607    4607    1.000000
4609    4609    1.000000
4611    4611    1.000000
4613    4613    1.000000
4615    4615    1.000000
4617    4617    1.000000
4619    4619    1.000000
4621    4621    1.000000
4623    4623    1.000000
4625    4625    1.000000
4627    4627    1.000000
4629    4629    1.000000
4631    4631    1.000000
4633    4633    1.000000
4635    4635    1.000000
4637    4637    1.000000
4639    4639    1.000000
4641    4641    1.000000
4643    4643    1.000000
4645    4645    1.000000
4647    4647    1.000000
4649    4649    1.000000
4651    4651    1.000000
4653    4653    1.000000
4655    4655    1.000000
4657    4657    1.000000
4659    4659    1.000000
4661    4661    1.000000
4663    4663    1.000000
4665    4665    1.000000
4667    4667    1.000000
4669    4669    1.000000
4671    4671    1.000000
4673    4673    1.000000
4675    4675    1.000000
4677    4677    1.000000
4679    4679    1.000000
4681    4681    1.000000
4683    4683    1.000000
4685    4685    1.000000
4687    4687    1.000000
4689    4689    1.000000
4691    4691    1.000000
4693    4693    1.000000
4695    4695    1.000000
4697    4697    1.000000
4699    4699    1.000000
4701    4701    1.000000
4703    4703    1.000000
4705    4705    1.000000
4707    4707    1.000000
4709    4709    1.000000
4711    4711    1.000000
4713    4713    1.000000
4715    4715    1.000000
4717    4717    1.000000
4719    4719    1.000000
4721    4721    1.000000
4723    4723    1.000000
4725    4725    1.000000
4727    4727    1.000000
4729    4729    1.000000
4731    4731    1.000000
4733    4733    1.000000
4735    4735    1.000000
4737    4737    1.000000
4739    4739    1.000000
4741    4741    1.000000
4743    4743    1.000000
4745    4745    1.000000
4747    4747    1.000000
4749    4749    1.000000
4751    4751    1.000000
4753    4753    1.000000
4755    4755    1.000000
4757    4757    1.000000
4759    4759    1.000000
4761    4761    1.000000
4763    4763    1.000000
4765    4765    1.000000
4767    4767    1.000000
4769    4769    1.000000
4771    4771    1.000000
4773    4773    1.000000
4775    4775    1.000000
4777    4777    1.000000
4779    4779    1.000000
4781    4781    1.000000
4783    4783    1.000000
4785    4785    1.000000
4787    4787    1.000000
4789    4789    1.000000
4791    4791    1.000000
4793    4793    1.000000
4795    4795    1.000000
4797    4797    1.000000
4799    4799    1.000000
4801    4801    1.000000
4803    4803    1.000000
4805    4805    1.000000
4807    4807    1.000000
4809    4809    1.000000
4811    4811    1.000000
4813    4813    1.000000
4815    4815    1.000000
4817    4817    1.000000
4819    4819    1.000000
4821    4821    1.000000
4823    4823    1.000000
4825    4825    1.000000
4827    4827    1.000000
4829    4829    1.000000
4831    4831    1.000000
4833    4833    1.000000
4835    4835    1.000000
4837    4837    1.000000
4839    4839    1.000000
4841    4841    1.000000
4843    4843    1.000000
4845    4845    1.000000
4847    4847    1.000000
4849    4849    1.000000
4851    4851    1.000000
4853    4853    1.000000
4855    4855    1.000000
4857    4857    1.000000
4859    4859    1.000000
4861    4861    1.000000
4863    4863    1.000000
4865    4865    1.000000
4867    4867    1.000000
4869    4869    1.000000
4871    4871    1.000000
4873    4873    1.000000
4875    4875    1.000000
4877    4877    1.000000
4879    4879    1.000000
4881    4881    1.000000
4883    4883    1.000000
4885    4885    1.000000
4887    4887    1.000000
4889    4889    1.000000
4891    4891    1.000000
4893    4893    1.000000
4895    4895    1.000000
4897    4897    1.000000
4899    4899    1.000000
4901    4901    1.000000
4903    4903    1.000000
4905    4905    1.000000
4907    4907    1.000000
4909    4909    1.000000
4911    4911    1.000000
4913    4913    1.000000
4915    4915    1.000000
4917    4917    1.000000
4919    4919    1.000000
4921    4921    1.000000
4923    4923    1.000000
4925    4925    1.000000
4927    4927    1.000000
4929    4929    1.000000
4931    4931    1.000000
4933    4933    1.000000
4935    4935    1.000000
4937    4937    1.000000
4939    4939    1.000000
4941    4941    1.000000
4943    4943    1.000000
4945    4945    1.000000
4947    4947    1.000000
4949    4949    1.000000
4951    4951    1.000000
4953    4953    1.000000
4955    4955    1.000000
4957    4957    1.000000
4959    4959    1.000000
4961    4961    1.000000
4963    4963    1.000000
4965    4965    1.000000
4967    4967    1.000000
4969    4969    1.000000
4971    4971    1.000000
4973    4973    1.000000
4975    4975    1.000000
4977    4977    1.000000
4979    4979    1.000000
4981    4981    1.000000
4983    4983    1.000000
4985    4985    1.000000
4987    4987    1.000000
4989    4989    1.000000
4991    4991    1.000000
4993    4993    1.000000
4995    4995    1.000000
4997    4997    1.000000
4999    4999    1.000000
5001    5001    1.000000
5003    5003    1.000000
5005    5005    1.000000
5007    5007    1.000000
5009    5009    1.000000
5011    5011    1.000000
5013    5013    1.000000
5015    5015    1.000000
5017    5017    1.000000
5019    5019    1.000000
5021    5021    1.000000
5023    5023    1.000000
5025    5025    1.000000
5027    5027    1.000000
5029    5029    1.000000
5031    5031    1.000000
5033    5033    1.000000
5035    5035    1.000000
5037    5037    1.000000
5039    5039    1.000000
5041    5041    1.000000
5043    5043    1.000000
5045    5045    1.000000
5047    5047    1.000000
5049    5049    1.000000
5051    5051    1.000000
5053    5053    1.000000
5055    5055    1.000000
5057    5057    1.000000
5059    5059    1.000000
5061    5061    1.000000
5063    5063    1.000000
5065    5065    1.000000
5067    5067    1.000000
5069    5069    1.000000
5071    5071    1.000000
5073    5073    1.000000
5075    5075    1.000000
5077    5077    1.000000
5079    5079    1.000000
5081    5081    1.000000
5083    5083    1.000000
5085    5085    1.000000
5087    5087    1.000000
5089    5089    1.000000
5091    5091    1.000000
5093    5093    1.000000
5095    5095    1.000000
5097    5097    1.000000
5099    5099    1.000000
5101    5101    1.000000
5103    5103    1.000000
5105    5105    1.000000
5107    5107    1.000000
5109    5109    1.000000
5111    5111    1.000000
5113    5113    1.000000
5115    5115    1.000000
5117    5117    1.000000
5119    5119    1.000000
5121    5121    1.000000
5123    5123    1.000000
5125    5125    1.000000
5127    5127    1.000000
5129    5129    1.000000
5131    5131    1.000000
5133    5133    1.000000
5135    5135    1.000000
5137    5137    1.000000
5139    5139    1.000000
5141    5141    1.000000
5143    5143    1.000000
5145    5145    1.000000
5147    5147    1.000000
5149    5149    1.000000
5151    5151    1.000000
5153    5153    1.000000
5155    5155    1.000000
5157    5157    1.000000
5159    5159    1.000000
5161    5161    1.000000
5163    5163    1.000000
5165    5165    1.000000
5167    5167    1.000000
5169    5169    1.000000
5171    5171    1.000000
5173    5173    1.000000
5175    5175    1.000000
5177    5177    1.000000
5179    5179    1.000000
5181    5181    1.000000
5183    5183    1.000000
5185    5185    1.000000
5187    5187    1.000000
5189    5189    1.000000
5191    5191    1.000000
5193    5193    1.000000
5195    5195    1.000000
5197    5197    1.000000
5199    5199    1.000000
5201    5201    1.000000
5203    5203    1.000000
5205    5205    1.000000
5207    5207    1.000000
5209    5209    1.000000
5211    5211    1.000000
5213    5213    1.000000
5215    5215    1.000000
5217    5217    1.000000
5219    5219    1.000000
5221    5221    1.000000
5223    5223    1.000000
5225    5225    1.000000
5227    5227    1.000000
5229    5229    1.000000
5231    5231    1.000000
5233    5233    1.000000
5235    5235    1.000000
5237    5237    1.000000
5239    5239    1.000000
5241    5241    1.000000
5243    5243    1.000000
5245    5245    1.000000
5247    5247    1.000000
5249    5249    1.000000
5251    5251    1.000000
5253    5253    1.000000
5255    5255    1.000000
5257    5257    1.000000
5259    5259    1.000000
5261    5261    1.000000
5263    5263    1.000000
5265    5265    1.000000
5267    5267    1.000000
5269    5269    1.000000
5271    5271    1.000000
5273    5273    1.000000
5275    5275    1.000000
5277    5277    1.000000
5279    5279    1.000000
5281    5281    1.000000
5283    5283    1.000000
5285    5285    1.000000
5287    5287    1.000000
5289    5289    1.000000
5291    5291    1.000000
5293    5293    1.000000
5295    5295    1.000000
5297    5297    1.000000
5299    5299    1.000000
5301    5301    1.000000
5303    5303    1.000000
5305    5305    1.000000
5307    5307    1.000000
5309    5309    1.000000
5311    5311    1.000000
5313    5313    1.000000
5315    5315    1.000000
5317    5317    1.000000
5319    5319    1.000000
5321    5321    1.000000
5323    5323    1.000000
5325    5325    1.000000
5327    5327    1.000000
5329    5329    1.000000
5331    5331    1.000000
5333    5333    1.000000
5335    5335    1.000000
5337    5337    1.000000
5339    5339    1.000000
5341    5341    1.000000
5343    5343    1.000000
5345    5345    1.000000
5347    5347    1.000000
5349    5349    1.000000
5351    5351    1.000000
5353    5353    1.000000
5355    5355    1.000000
5357    5357    1.000000
5359    5359    1.000000
5361    5361    1.000000
5363    5363    1.000000
5365    5365    1.000000
5367    5367    1.000000
5369    5369    1.000000
5371    5371    1.000000
5373    5373    1.000000
5375    5375    1.000000
5377    5377    1.000000
5379    5379    1.000000
5381    5381    1.000000
5383    5383    1.000000
5385    5385    1.000000
5387    5387    1.000000
5389    5389    1.000000
5391    5391    1.000000
5393    5393    1.000000
5395    5395    1.000000
5397    5397    1.000000
5399    5399    1.000000
5401    5401    1.000000
5403    5403    1.000000
5405    5405    1.000000
5407    5407    1.000000
5409    5409    1.000000
5411    5411    1.000000
5413    5413    1.000000
5415    5415    1.000000
5417    5417    1.000000
5419    5419    1.000000
5421    5421    1.000000
5423    5423    1.000000
5425    5425    1.000000
5427    5427    1.000000
5429    5429    1.000000
5431    5431    1.000000
5433    5433    1.000000
5435    5435    1.000000
5437    5437    1.000000
5439    5439    1.000000
5441    5441    1.000000
5443    5443    1.000000
5445    5445    1.000000
5447    5447    1.000000
5449    5449    1.000000
5451    5451    1.000000
5453    5453    1.000000
5455    5455    1.000000
5457    5457    1.000000
5459    5459    1.000000
5461    5461    1.000000
5463    5463    1.000000
5465    5465    1.000000
5467    5467    1.000000
5469    5469    1.000000
5471    5471    1.000000
5473    5473    1.000000
5475    5475    1.000000
5477    5477    1.000000
5479    5479    1.000000
5481    5481    1.000000
5483    5483    1.000000
5485    5485    1.000000
5487    5487    1.000000
5489    5489    1.000000
5491    5491    1.000000
5493    5493    1.000000
5495    5495    1.000000
5497    5497    1.000000
5499    5499    1.000000
5501    5501    1.000000
5503    5503    1.000000
5505    5505    1.000000
5507    5507    1.000000
5509    5509    1.000000
5511    5511    1.000000
5513    5513    1.000000
5515    5515    1.000000
5517    5517    1.000000
5519    5519    1.000000
5521    5521    1.000000
5523    5523    1.000000
5525    5525    1.000000
5527    5527    1.000000
5529    5529    1.000000
5531    5531    1.000000
5533    5533    1.000000
5535    5535    1.000000
5537    5537    1.000000
5539    5539    1.000000
5541    5541    1.000000
5543    5543    1.000000
5545    5545    1.000000
5547    5547    1.000000
5549    5549    1.000000
5551    5551    1.000000
5553    5553    1.000000
5555    5555    1.000000
5557    5557    1.000000
5559    5559    1.000000
5561    5561    1.000000
5563    5563    1.000000
5565    5565    1.000000
5567    5567    1.000000
5569    5569    1.000000
5571    5571    1.000000
5573    5573    1.000000
5575    5575    1.000000
5577    5577    1.000000
5579    5579    1.000000
5581    5581    1.000000
5583    5583    1.000000
5585    5585    1.000000
5587    5587    1.000000
5589    5589    1.000000
5591    5591    1.000000
5593    5593    1.000000
5595    5595    1.000000
5597    5597    1.000000
5599    5599    1.000000
5601    5601    1.000000
5603    5603    1.000000
5605    5605    1.000000
5607    5607    1.000000
5609    5609    1.000000
5611    5611    1.000000
5613    5613    1.000000
5615    5615    1.000000
5617    5617    1.000000
5619    5619    1.000000
5621    5621    1.000000
5623    5623    1.000000
5625    5625    1.000000
5627    5627    1.000000
5629    5629    1.000000
5631    5631    1.000000
5633    5633    1.000000
5635    5635    1.000000
5637    5637    1.000000
5639    5639    1.000000
5641    5641    1.000000
5643    5643    1.000000
5645    5645    1.000000
5647    5647    1.000000
5649    5649    1.000000
5651    5651    1.000000
5653    5653    1.000000
5655    5655    1.000000
5657    5657    1.000000
5659    5659    1.000000
5661    5661    1.000000
5663    5663    1.000000
5665    5665    1.000000
5667    5667    1.000000
5669    5669    1.000000
5671    5671    1.000000
5673    5673    1.000000
5675    5675    1.000000
5677    5677    1.000000
5679    5679    1.000000
5681    5681    1.000000
5683    5683    1.000000
5685    5685    1.000000
5687    5687    1.000000
5689    5689    1.000000
5691    5691    1.000000
5693    5693    1.000000
5695    5695    1.000000
5697    5697    1.000000
5699    5699    1.000000
5701    5701    1.000000
5703    5703    1.000000
5705    5705    1.000000
5707    5707    1.000000
5709    5709    1.000000
5711    5711    1.000000
5713    5713    1.000000
5715    5715    1.000000
5717    5717    1.000000
5719    5719    1.000000
5721    5721    1.000000
5723    5723    1.000000
5725    5725    1.000000
5727    5727    1.000000
5729    5729    1.000000
5731    5731    1.000000
5733    5733    1.000000
5735    5735    1.000000
5737    5737    1.000000
5739    5739    1.000000
5741    5741    1.000000
5743    5743    1.000000
5745    5745    1.000000
5747    5747    1.000000
5749    5749    1.000000
5751    5751    1.000000
5753    5753    1.000000
5755    5755    1.000000
5757    5757    1.000000
5759    5759    1.000000
5761    5761    1.000000
5763    5763    1.000000
5765    5765    1.000000
5767    5767    1.000000
5769    5769    1.000000
5771    5771    1.000000
5773    5773    1.000000
5775    5775    1.000000
5777    5777    1.000000
5779    5779    1.000000
5781    5781    1.000000
5783    5783    1.000000
5785    5785    1.000000
5787    5787    1.000000
5789    5789    1.000000
5791    5791    1.000000
5793    5793    1.000000
5795    5795    1.000000
5797    5797    1.000000
5799    5799    1.000000
5801    5801    1.000000
5803    5803    1.000000
5805    5805    1.000000
5807    5807    1.000000
5809    5809    1.000000
5811    5811    1.000000
5813    5813    1.000000
5815    5815    1.000000
5817    5817    1.000000
5819    5819    1.000000
5821    5821    1.000000
5823    5823    1.000000
5825    5825    1.000000
5827    5827    1.000000
5829    5829    1.000000
5831    5831    1.000000
5833    5833    1.000000
5835    5835    1.000000
5837    5837    1.000000
5839    5839    1.000000
5841    5841    1.000000
5843    5843    1.000000
5845    5845    1.000000
5847    5847    1.000000
5849    5849    1.000000
5851    5851    1.000000
5853    5853    1.000000
5855    5855    1.000000
5857    5857    1.000000
5859    5859    1.000000
5861    5861    1.000000
5863    5863    1.000000
5865    5865    1.000000
5867    5867    1.000000
5869    5869    1.000000
5871    5871    1.000000
5873    5873    1.000000
5875    5875    1.000000
5877    5877    1.000000
5879    5879    1.000000
5881    5881    1.000000
5883    5883    1.000000
5885    5885    1.000000
5887    5887    1.000000
5889    5889    1.000000
5891    5891    1.000000
5893    5893    1.000000
5895    5895    1.000000
5897    5897    1.000000
5899    5899    1.000000
5901    5901    1.000000
5903    5903    1.000000
5905    5905    1.000000
5907    5907    1.000000
5909    5909    1.000000
5911    5911    1.000000
5913    5913    1.000000
5915    5915    1.000000
5917    5917    1.000000
5919    5919    1.000000
5921    5921    1.000000
5923    5923    1.000000
5925    5925    1.000000
5927    5927    1.000000
5929    5929    1.000000
5931    5931    1.000000
5933    5933    1.000000
5935    5935    1.000000
5937    5937    1.000000
5939    5939    1.000000
5941    5941    1.000000
5943    5943    1.000000
5945    5945    1.000000
5947    5947    1.000000
5949    5949    1.000000
5951    5951    1.000000
5953    5953    1.000000
5955    5955    1.000000
5957    5957    1.000000
5959    5959    1.000000
5961    5961    1.000000
5963    5963    1.000000
5965    5965    1.000000
5967    5967    1.000000
5969    5969    1.000000
5971    5971    1.000000
5973    5973    1.000000
5975    5975    1.000000
5977    5977    1.000000
5979    5979    1.000000
5981    5981    1.000000
5983    5983    1.000000
5985    5985    1.000000
5987    5987    1.000000
5989    5989    1.000000
5991    5991    1.000000
5993    5993    1.000000
5995    5995    1.000000
5997    5997    1.000000
5999    5999    1.000000
6001    6001    1.000000
6003    6003    1.000000
6005    6005    1.000000
6007    6007    1.000000
6009    6009    1.000000
6011    6011    1.000000
6013    6013    1.000000
6015    6015    1.000000
6017    6017    1.000000
6019    6019    1.000000
6021    6021    1.000000
6023    6023    1.000000
6025    6025    1.000000
6027    6027    1.000000
6029    6029    1.000000
6031    6031    1.000000
6033    6033    1.000000
6035    6035    1.000000
6037    6037    1.000000
6039    6039    1.000000
6041    6041    1.000000
6043    6043    1.000000
6045    6045    1.000000
6047    6047    1.000000
6049    6049    1.000000
6051    6051    1.000000
6053    6053    1.000000
6055    6055    1.000000
6057    6057    1.000000
6059    6059    1.000000
6061    6061    1.000000
6063    6063    1.000000
6065    6065    1.000000
6067    6067    1.000000
6069    6069    1.000000
6071    6071    1.000000
6073    6073    1.000000
6075    6075    1.000000
6077    6077    1.000000
6079    6079    1.000000
6081    6081    1.000000
6083    6083    1.000000
6085    6085    1.000000
6087    6087    1.000000
6089    6089    1.000000
6091    6091    1.000000
6093    6093    1.000000
6095    6095    1.000000
6097    6097    1.000000
6099    6099    1.000000
6101    6101    1.000000
6103    6103    1.000000
6105    6105    1.000000
6107    6107    1.000000
6109    6109    1.000000
6111    6111    1.000000
6113    6113    1.000000
6115    6115    1.000000
6117    6117    1.000000
6119    6119    1.000000
6121    6121    1.000000
6123    6123    1.000000
6125    6125    1.000000
6127    6127    1.000000
6129    6129    1.000000
6131    6131    1.000000
6133    6133    1.000000
6135    6135    1.000000
6137    6137    1.000000
6139    6139    1.000000
6141    6141    1.000000
6143    6143    1.000000
6145    6145    1.000000
6147    6147    1.000000
6149    6149    1.000000
6151    6151    1.000000
6153    6153    1.000000
6155    6155    1.000000
6157    6157    1.000000
6159    6159    1.000000
6161    6161    1.000000
6163    6163    1.000000
6165    6165    1.000000
6167    6167    1.000000
6169    6169    1.000000
6171    6171    1.000000
6173    6173    1.000000
6175    6175    1.000000
6177    6177    1.000000
6179    6179    1.000000
6181    6181    1.000000
6183    6183    1.000000
6185    6185    1.000000
6187    6187    1.000000
6189    6189    1.000000
6191    6191    1.000000
6193    6193    1.000000
6195    6195    1.000000
6197    6197    1.000000
6199    6199    1.000000
6201    6201    1.000000
6203    6203    1.000000
6205    6205    1.000000
6207    6207    1.000000
6209    6209    1.000000
6211    6211    1.000000
6213    6213    1.000000
6215    6215    1.000000
6217    6217    1.000000
6219    6219    1.000000
6221    6221    1.000000
6223    6223    1.000000
6225    6225    1.000000
6227    6227    1.000000
6229    6229    1.000000
6231    6231    1.000000
6233    6233    1.000000
6235    6235    1.000000
6237    6237    1.000000
6239    6239    1.000000
6241    6241    1.000000
6243    6243    1.000000
6245    6245    1.000000
6247    6247    1.000000
6249    6249    1.000000
6251    6251    1.000000
6253    6253    1.000000
6255    6255    1.000000
6257    6257    1.000000
6259    6259    1.000000
6261    6261    1.000000
6263    6263    1.000000
6265    6265    1.000000
6267    6267    1.000000
6269    6269    1.000000
6271    6271    1.000000
6273    6273    1.000000
6275    6275    1.000000
6277    6277    1.000000
6279    6279    1.000000
6281    6281    1.000000
6283    6283    1.000000
6285    6285    1.000000
6287    6287    1.000000
6289    6289    1.000000
6291    6291    1.000000
6293    6293    1.000000
6295    6295    1.000000
6297    6297    1.000000
6299    6299    1.000000
6301    6301    1.000000
6303    6303    1.000000
6305    6305    1.000000
6307    6307    1.000000
6309    6309    1.000000
6311    6311    1.000000
6313    6313    1.000000
6315    6315    1.000000
6317    6317    1.000000
6319    6319    1.000000
6321    6321    1.000000
6323    6323    1.000000
6325    6325    1.000000
6327    6327    1.000000
6329    6329    1.000000
6331    6331    1.000000
6333    6333    1.000000
6335    6335    1.000000
6337    6337    1.000000
6339    6339    1.000000
6341    6341    1.000000
6343    6343    1.000000
6345    6345    1.000000
6347    6347    1.000000
6349    6349    1.000000
6351    6351    1.000000
6353    6353    1.000000
6355    6355    1.000000
6357    6357    1.000000
6359    6359    1.000000
6361    6361    1.000000
6363    6363    1.000000
6365    6365    1.000000
6367    6367    1.000000
6369    6369    1.000000
6371    6371    1.000000
6373    6373    1.000000
6375    6375    1.000000
6377    6377    1.000000
6379    6379    1.000000
6381    6381    1.000000
6383    6383    1.000000
6385    6385    1.000000
6387    6387    1.000000
6389    6389    1.000000
6391    6391    1.000000
6393    6393    1.000000
6395    6395    1.000000
6397    6397    1.000000
6399    6399    1.000000
6401    6401    1.000000
6403    6403    1.000000
6405    6405    1.000000
6407    6407    1.000000
6409    6409    1.000000
6411    6411    1.000000
6413    6413    1.000000
6415    6415    1.000000
6417    6417    1.000000
6419    6419    1.000000
6421    6421    1.000000
6423    6423    1.000000
6425    6425    1.000000
6427    6427    1.000000
6429    6429    1.000000
6431    6431    1.000000
6433    6433    1.000000
6435    6435    1.000000
6437    6437    1.000000
6439    6439    1.000000
6441    6441    1.000000
6443    6443    1.000000
6445    6445    1.000000
6447    6447    1.000000
6449    6449    1.000000
6451    6451    1.000000
6453    6453    1.000000
6455    6455    1.000000
6457    6457    1.000000
6459    6459    1.000000
6461    6461    1.000000
6463    6463    1.000000
6465    6465    1.000000
6467    6467    1.000000
6469    6469    1.000000
6471    6471    1.000000
6473    6473    1.000000
6475    6475    1.000000
6477    6477    1.000000
6479    6479    1.000000
6481    6481    1.000000
6483    6483    1.000000
6485    6485    1.000000
6487    6487    1.000000
6489    6489    1.000000
6491    6491    1.000000
6493    6493    1.000000
6495    6495    1.000000
6497    6497    1.000000
6499    6499    1.000000
6501    6501    1.000000
6503    6503    1.000000
6505    6505    1.000000
6507    6507    1.000000
6509    6509    1.000000
6511    6511    1.000000
6513    6513    1.000000
6515    6515    1.000000
6517    6517    1.000000
6519    6519    1.000000
6521    6521    1.000000
6523    6523    1.000000
6525    6525    1.000000
6527    6527    1.000000
6529    6529    1.000000
6531    6531    1.000000
6533    6533    1.000000
6535    6535    1.000000
6537    6537    1.000000
6539    6539    1.000000
6541    6541    1.000000
6543    6543    1.000000
6545    6545    1.000000
6547    6547    1.000000
6549    6549    1.000000
6551    6551    1.000000
6553    6553    1.000000
6555    6555    1.000000
6557    6557    1.000000
6559    6559    1.000000
6561    6561    1.000000
6563    6563    1.000000
6565    6565    1.000000
6567    6567    1.000000
6569    6569    1.000000
6571    6571    1.000000
6573    6573    1.000000
6575    6575    1.000000
6577    6577    1.000000
6579    6579    1.000000
6581    6581    1.000000
6583    6583    1.000000
6585    6585    1.000000
6587    6587    1.000000
6589    6589    1.000000
6591    6591    1.000000
6593    6593    1.000000
6595    6595    1.000000
6597    6597    1.000000
6599    6599    1.000000
6601    6601    1.000000
6603    6603    1.000000
6605    6605    1.000000
6607    6607    1.000000
6609    6609    1.000000
6611    6611    1.000000
6613    6613    1.000000
6615    6615    1.000000
6617    6617    1.000000
6619    6619    1.000000
6621    6621    1.000000
6623    6623    1.000000
6625    6625    1.000000
6627    6627    1.000000
6629    6629    1.000000
6631    6631    1.000000
6633    6633    1.000000
6635    6635    1.000000
6637    6637    1.000000
6639    6639    1.000000
6641    6641    1.000000
6643    6643    1.000000
6645    6645    1.000000
6647    6647    1.000000
6649    6649    1.000000
6651    6651    1.000000
6653    6653    1.000000
6655    6655    1.000000
6657    6657    1.000000
6659    6659    1.000000
6661    6661    1.000000
6663    6663    1.000000
6665    6665    1.000000
6667    6667    1.000000
6669    6669    1.000000
6671    6671    1.000000
6673    6673    1.000000
6675    6675    1.000000
6677    6677    1.000000
6679    6679    1.000000
6681    6681    1.000000
6683    6683    1.000000
6685    6685    1.000000
6687    6687    1.000000
6689    6689    1.000000
6691    6691    1.000000
6693    6693    1.000000
6695    6695    1.000000
6697    6697    1.000000
6699    6699    1.000000
6701    6701    1.000000
6703    6703    1.000000
6705    6705    1.000000
6707    6707    1.000000
6709    6709    1.000000
6711    6711    1.000000
6713    6713    1.000000
6715    6715    1.000000
6717    6717    1.000000
6719    6719    1.000000
6721    6721    1.000000
6723    6723    1.000000
6725    6725    1.000000
6727    6727    1.000000
6729    6729    1.000000
6731    6731    1.000000
6733    6733    1.000000
6735    6735    1.000000
6737    6737    1.000000
6739    6739    1.000000
6741    6741    1.000000
6743    6743    1.000000
6745    6745    1.000000
6747    6747    1.000000
6749    6749    1.000000
6751    6751    1.000000
6753    6753    1.000000
6755    6755    1.000000
6757    6757    1.000000
6759    6759    1.000000
6761    6761    1.000000
6763    6763    1.000000
6765    6765    1.000000
6767    6767    1.000000
6769    6769    1.000000
6771    6771    1.000000
6773    6773    1.000000
6775    6775    1.000000
6777    6777    1.000000
6779    6779    1.000000
6781    6781    1.000000
6783    6783    1.000000
6785    6785    1.000000
6787    6787    1.000000
6789    6789    1.000000
6791    6791    1.000000
6793    6793    1.000000
6795    6795    1.000000
6797    6797    1.000000
6799    6799    1.000000
6801    6801    1.000000
6803    6803    1.000000
6805    6805    1.000000
6807    6807    1.000000
6809    6809    1.000000
6811    6811    1.000000
6813    6813    1.000000
6815    6815    1.000000
6817    6817    1.000000
6819    6819    1.000000
6821    6821    1.000000
6823    6823    1.000000
6825    6825    1.000000
6827    6827    1.000000
6829    6829    1.000000
6831    6831    1.000000
6833    6833    1.000000
6835    6835    1.000000
6837    6837    1.000000
6839    6839    1.000000
6841    6841    1.000000
6843    6843    1.000000
6845    6845    1.000000
6847    6847    1.000000
6849    6849    1.000000
6851    6851    1.000000
6853    6853    1.000000
6855    6855    1.000000
6857    6857    1.000000
6859    6859    1.000000
6861    6861    1.000000
6863    6863    1.000000
6865    6865    1.000000
6867    6867    1.000000
6869    6869    1.000000
6871    6871    1.000000
6873    6873    1.000000
6875    6875    1.000000
6877    6877    1.000000
6879    6879    1.000000
6881    6881    1.000000
6883    6883    1.000000
6885    6885    1.000000
6887    6887    1.000000
6889    6889    1.000000
6891    6891    1.000000
6893    6893    1.000000
6895    6895    1.000000
6897    6897    1.000000
6899    6899    1.000000
6901    6901    1.000000
6903    6903    1.000000
6905    6905    1.000000
6907    6907    1.000000
6909    6909    1.000000
6911    6911    1.000000
6913    6913    1.000000
6915    6915    1.000000
6917    6917    1.000000
6919    6919    1.000000
6921    6921    1.000000
6923    6923    1.000000
6925    6925    1.000000
6927    6927    1.000000
6929    6929    1.000000
6931    6931    1.000000
6933    6933    1.000000
6935    6935    1.000000
6937    6937    1.000000
6939    6939    1.000000
6941    6941    1.000000
6943    6943    1.000000
6945    6945    1.000000
6947    6947    1.000000
6949    6949    1.000000
6951    6951    1.000000
6953    6953    1.000000
6955    6955    1.000000
6957    6957    1.000000
6959    6959    1.000000
6961    6961    1.000000
6963    6963    1.000000
6965    6965    1.000000
6967    6967    1.000000
6969    6969    1.000000
6971    6971    1.000000
6973    6973    1.000000
6975    6975    1.000000
6977    6977    1.000000
6979    6979    1.000000
6981    6981    1.000000
6983    6983    1.000000
6985    6985    1.000000
6987    6987    1.000000
6989    6989    1.000000
6991    6991    1.000000
6993    6993    1.000000
6995    6995    1.000000
6997    6997    1.000000
6999    6999    1.000000
7001    7001    1.000000
7003    7003    1.000000
7005    7005    1.000000
7007    7007    1.000000
7009    7009    1.000000
7011    7011    1.000000
7013    7013    1.000000
7015    7015    1.000000
7017    7017    1.000000
7019    7019    1.000000
7021    7021    1.000000
7023    7023    1.000000
7025    7025    1.000000
7027    7027    1.000000
7029    7029    1.000000
7031    7031    1.000000
7033    7033    1.000000
7035    7035    1.000000
7037    7037    1.000000
7039    7039    1.000000
7041    7041    1.000000
7043    7043    1.000000
7045    7045    1.000000
7047    7047    1.000000
7049    7049    1.000000
7051    7051    1.000000
7053    7053    1.000000
7055    7055    1.000000
7057    7057    1.000000
7059    7059    1.000000
7061    7061    1.000000
7063    7063    1.000000
7065    7065    1.000000
7067    7067    1.000000
7069    7069    1.000000
7071    7071    1.000000
7073    7073    1.000000
7075    7075    1.000000
7077    7077    1.000000
7079    7079    1.000000
7081    7081    1.000000
7083    7083    1.000000
7085    7085    1.000000
7087    7087    1.000000
7089    7089    1.000000
7091    7091    1.000000
7093    7093    1.000000
7095    7095    1.000000
7097    7097    1.000000
7099    7099    1.000000
7101    7101    1.000000
7103    7103    1.000000
7105    7105    1.000000
7107    7107    1.000000
7109    7109    1.000000
7111    7111    1.000000
7113    7113    1.000000
7115    7115    1.000000
7117    7117    1.000000
7119    7119    1.000000
7121    7121    1.000000
7123    7123    1.000000
7125    7125    1.000000
7127    7127    1.000000
7129    7129    1.000000
7131    7131    1.000000
7133    7133    1.000000
7135    7135    1.000000
7137    7137    1.000000
7139    7139    1.000000
7141    7141    1.000000
7143    7143    1.000000
7145    7145    1.000000
7147    7147    1.000000
7149    7149    1.000000
7151    7151    1.000000
7153    7153    1.000000
7155    7155    1.000000
7157    7157    1.000000
7159    7159    1.000000
7161    7161    1.000000
7163    7163    1.000000
7165    7165    1.000000
7167    7167    1.000000
7169    7169    1.000000
7171    7171    1.000000
7173    7173    1.000000
7175    7175    1.000000
7177    7177    1.000000
7179    7179    1.000000
7181    7181    1.000000
7183    7183    1.000000
7185    7185    1.000000
7187    7187    1.000000
7189    7189    1.000000
7191    7191    1.000000
7193    7193    1.000000
7195    7195    1.000000
7197    7197    1.000000
7199    7199    1.000000
7201    7201    1.000000
7203    7203    1.000000
7205    7205    1.000000
7207    7207    1.000000
7209    7209    1.000000
7211    7211    1.000000
7213    7213    1.000000
7215    7215    1.000000
7217    7217    1.000000
7219    7219    1.000000
7221    7221    1.000000
7223    7223    1.000000
7225    7225    1.000000
7227    7227    1.000000
7229    7229    1.000000
7231    7231    1.000000
7233    7233    1.000000
7235    7235    1.000000
7237    7237    1.000000
7239    7239    1.000000
7241    7241    1.000000
7243    7243    1.000000
7245    7245    1.000000
7247    7247    1.000000
7249    7249    1.000000
7251    7251    1.000000
7253    7253    1.000000
7255    7255    1.000000
7257    7257    1.000000
7259    7259    1.000000
7261    7261    1.000000
7263    7263    1.000000
7265    7265    1.000000
7267    7267    1.000000
7269    7269    1.000000
7271    7271    1.000000
7273    7273    1.000000
7275    7275    1.000000
7277    7277    1.000000
7279    7279    1.000000
7281    7281    1.000000
7283    7283    1.000000
7285    7285    1.000000
7287    7287    1.000000
7289    7289    1.000000
7291    7291    1.000000
7293    7293    1.000000
7295    7295    1.000000
7297    7297    1.000000
7299    7299    1.000000
7301    7301    1.000000
7303    7303    1.000000
7305    7305    1.000000
7307    7307    1.000000
7309    7309    1.000000
7311    7311    1.000000
7313    7313    1.000000
7315    7315    1.000000
7317    7317    1.000000
7319    7319    1.000000
7321    7321    1.000000
7323    7323    1.000000
7325    7325    1.000000
7327    7327    1.000000
7329    7329    1.000000
7331    7331    1.000000
7333    7333    1.000000
7335    7335    1.000000
7337    7337    1.000000
7339    7339    1.000000
7341    7341    1.000000
7343    7343    1.000000
7345    7345    1.000000
7347    7347    1.000000
7349    7349    1.000000
7351    7351    1.000000
7353    7353    1.000000
7355    7355    1.000000
7357    7357    1.000000
7359    7359    1.000000
7361    7361    1.000000
7363    7363    1.000000
7365    7365    1.000000
7367    7367    1.000000
7369    7369    1.000000
7371    7371    1.000000
7373    7373    1.000000
7375    7375    1.000000
7377    7377    1.000000
7379    7379    1.000000
7381    7381    1.000000
7383    7383    1.000000
7385    7385    1.000000
7387    7387    1.000000
7389    7389    1.000000
7391    7391    1.000000
7393    7393    1.000000
7395    7395    1.000000
7397    7397    1.000000
7399    7399    1.000000
7401    7401    1.000000
7403    7403    1.000000
7405    7405    1.000000
7407    7407    1.000000
7409    7409    1.000000
7411    7411    1.000000
7413    7413    1.000000
7415    7415    1.000000
7417    7417    1.000000
7419    7419    1.000000
7421    7421    1.000000
7423    7423    1.000000
7425    7425    1.000000
7427    7427    1.000000
7429    7429    1.000000
7431    7431    1.000000
7433    7433    1.000000
7435    7435    1.000000
7437    7437    1.000000
7439    7439    1.000000
7441    7441    1.000000
7443    7443    1.000000
7445    7445    1.000000
7447    7447    1.000000
7449    7449    1.000000
7451    7451    1.000000
7453    7453    1.000000
7455    7455    1.000000
7457    7457    1.000000
7459    7459    1.000000
7461    7461    1.000000
7463    7463    1.000000
7465    7465    1.000000
7467    7467    1.000000
7469    7469    1.000000
7471    7471    1.000000
7473    7473    1.000000
7475    7475    1.000000
7477    7477    1.000000
7479    7479    1.000000
7481    7481    1.000000
7483    7483    1.000000
7485    7485    1.000000
7487    7487    1.000000
7489    7489    1.000000
7491    7491    1.000000
7493    7493    1.000000
7495    7495    1.000000
7497    7497    1.000000
7499    7499    1.000000
7501    7501    1.000000
7503    7503    1.000000
7505    7505    1.000000
7507    7507    1.000000
7509    7509    1.000000
7511    7511    1.000000
7513    7513    1.000000
7515    7515    1.000000
7517    7517    1.000000
7519    7519    1.000000
7521    7521    1.000000
7523    7523    1.000000
7525    7525    1.000000
7527    7527    1.000000
7529    7529    1.000000
7531    7531    1.000000
7533    7533    1.000000
7535    7535    1.000000
7537    7537    1.000000
7539    7539    1.000000
7541    7541    1.000000
7543    7543    1.000000
7545    7545    1.000000
7547    7547    1.000000
7549    7549    1.000000
7551    7551    1.000000
7553    7553    1.000000
7555    7555    1.000000
7557    7557    1.000000
7559    7559    1.000000
7561    7561    1.000000
7563    7563    1.000000
7565    7565    1.000000
7567    7567    1.000000
7569    7569    1.000000
7571    7571    1.000000
7573    7573    1.000000
7575    7575    1.000000
7577    7577    1.000000
7579    7579    1.000000
7581    7581    1.000000
7583    7583    1.000000
7585    7585    1.000000
7587    7587    1.000000
7589    7589    1.000000
7591    7591    1.000000
7593    7593    1.000000
7595    7595    1.000000
7597    7597    1.000000
7599    7599    1.000000
7601    7601    1.000000
7603    7603    1.000000
7605    7605    1.000000
7607    7607    1.000000
7609    7609    1.000000
7611    7611    1.000000
7613    7613    1.000000
7615    7615    1.000000
7617    7617    1.000000
7619    7619    1.000000
7621    7621    1.000000
7623    7623    1.000000
7625    7625    1.000000
7627    7627    1.000000
7629    7629    1.000000
7631    7631    1.000000
7633    7633    1.000000
7635    7635    1.000000
7637    7637    1.000000
7639    7639    1.000000
7641    7641    1.000000
7643    7643    1.000000
7645    7645    1.000000
7647    7647    1.000000
7649    7649    1.000000
7651    7651    1.000000
7653    7653    1.000000
7655    7655    1.000000
7657    7657    1.000000
7659    7659    1.000000
7661    7661    1.000000
7663    7663    1.000000
7665    7665    1.000000
7667    7667    1.000000
7669    7669    1.000000
7671    7671    1.000000
7673    7673    1.000000
7675    7675    1.000000
7677    7677    1.000000
7679    7679    1.000000
7681    7681    1.000000
7683    7683    1.000000
7685    7685    1.000000
7687    7687    1.000000
7689    7689    1.000000
7691    7691    1.000000
7693    7693    1.000000
7695    7695    1.000000
7697    7697    1.000000
7699    7699    1.000000
7701    7701    1.000000
7703    7703    1.000000
7705    7705    1.000000
7707    7707    1.000000
7709    7709    1.000000
7711    7711    1.000000
7713    7713    1.000000
7715    7715    1.000000
7717    7717    1.000000
7719    7719    1.000000
7721    7721    1.000000
7723    7723    1.000000
7725    7725    1.000000
7727    7727    1.000000
7729    7729    1.000000
7731    7731    1.000000
7733    7733    1.000000
7735    7735    1.000000
7737    7737    1.000000
7739    7739    1.000000
7741    7741    1.000000
7743    7743    1.000000
7745    7745    1.000000
7747    7747    1.000000
7749    7749    1.000000
7751    7751    1.000000
7753    7753    1.000000
7755    7755    1.000000
7757    7757    1.000000
7759    7759    1.000000
7761    7761    1.000000
7763    7763    1.000000
7765    7765    1.000000
7767    7767    1.000000
7769    7769    1.000000
7771    7771    1.000000
7773    7773    1.000000
7775    7775    1.000000
7777    7777    1.000000
7779    7779    1.000000
7781    7781    1.000000
7783    7783    1.000000
7785    7785    1.000000
7787    7787    1.000000
7789    7789    1.000000
7791    7791    1.000000
7793    7793    1.000000
7795    7795    1.000000
7797    7797    1.000000
7799    7799    1.000000
7801    7801    1.000000
7803    7803    1.000000
7805    7805    1.000000
7807    7807    1.000000
7809    7809    1.000000
7811    7811    1.000000
7813    7813    1.000000
7815    7815    1.000000
7817    7817    1.000000
7819    7819    1.000000
7821    7821    1.000000
7823    7823    1.000000
7825    7825    1.000000
7827    7827    1.000000
7829    7829    1.000000
7831    7831    1.000000
7833    7833    1.000000
7835    7835    1.000000
7837    7837    1.000000
7839    7839    1.000000
7841    7841    1.000000
7843    7843    1.000000
7845    7845    1.000000
7847    7847    1.000000
7849    7849    1.000000
7851    7851    1.000000
7853    7853    1.000000
7855    7855    1.000000
7857    7857    1.000000
7859    7859    1.000000
7861    7861    1.000000
7863    7863    1.000000
7865    7865    1.000000
7867    7867    1.000000
7869    7869    1.000000
7871    7871    1.000000
7873    7873    1.000000
7875    7875    1.000000
7877    7877    1.000000
7879    7879    1.000000
7881    7881    1.000000
7883    7883    1.000000
7885    7885    1.000000
7887    7887    1.000000
7889    7889    1.000000
7891    7891    1.000000
7893    7893    1.000000
7895    7895    1.000000
7897    7897    1.000000
7899    7899    1.000000
7901    7901    1.000000
7903    7903    1.000000
7905    7905    1.000000
7907    7907    1.000000
7909    7909    1.000000
7911    7911    1.000000
7913    7913    1.000000
7915    7915    1.000000
7917    7917    1.000000
7919    7919    1.000000
7921    7921    1.000000
7923    7923    1.000000
7925    7925    1.000000
7927    7927    1.000000
7929    7929    1.000000
7931    7931    1.000000
7933    7933    1.000000
7935    7935    1.000000
7937    7937    1.000000
7939    7939    1.000000
7941    7941    1.000000
7943    7943    1.000000
7945    7945    1.000000
7947    7947    1.000000
7949    7949    1.000000
7951    7951    1.000000
7953    7953    1.000000
7955    7955    1.000000
7957    7957    1.000000
7959    7959    1.000000
7961    7961    1.000000
7963    7963    1.000000
7965    7965    1.000000
7967    7967    1.000000
7969    7969    1.000000
7971    7971    1.000000
7973    7973    1.000000
7975    7975    1.000000
7977    7977    1.000000
7979    7979    1.000000
7981    7981    1.000000
7983    7983    1.000000
7985    7985    1.000000
7987    7987    1.000000
7989    7989    1.000000
7991    7991    1.000000
7993    7993    1.000000
7995    7995    1.000000
7997    7997    1.000000
7999    7999    1.000000
8001    8001    1.000000
8003    8003    1.000000
8005    8005    1.000000
8007    8007    1.000000
8009    8009    1.000000
8011    8011    1.000000
8013    8013    1.000000
8015    8015    1.000000
8017    8017    1.000000
8019    8019    1.000000
8021    8021    1.000000
8023    8023    1.000000
8025    8025    1.000000
8027    8027    1.000000
8029    8029    1.000000
8031    8031    1.000000
8033    8033    1.000000
8035    8035    1.000000
8037    8037    1.000000
8039    8039    1.000000
8041    8041    1.000000
8043    8043    1.000000
8045    8045    1.000000
8047    8047    1.000000
8049    8049    1.000000
8051    8051    1.000000
8053    8053    1.000000
8055    8055    1.000000
8057    8057    1.000000
8059    8059    1.000000
8061    8061    1.000000
8063    8063    1.000000
8065    8065    1.000000
8067    8067    1.000000
8069    8069    1.000000
8071    8071    1.000000
8073    8073    1.000000
8075    8075    1.000000
8077    8077    1.000000
8079    8079    1.000000
8081    8081    1.000000
8083    8083    1.000000
8085    8085    1.000000
8087    8087    1.000000
8089    8089    1.000000
8091    8091    1.000000
8093    8093    1.000000
8095    8095    1.000000
8097    8097    1.000000
8099    8099    1.000000
8101    8101    1.000000
8103    8103    1.000000
8105    8105    1.000000
8107    8107    1.000000
8109    8109    1.000000
8111    8111    1.000000
8113    8113    1.000000
8115    8115    1.000000
8117    8117    1.000000
8119    8119    1.000000
8121    8121    1.000000
8123    8123    1.000000
8125    8125    1.000000
8127    8127    1.000000
8129    8129    1.000000
8131    8131    1.000000
8133    8133    1.000000
8135    8135    1.000000
8137    8137    1.000000
8139    8139    1.000000
8141    8141    1.000000
8143    8143    1.000000
8145    8145    1.000000
8147    8147    1.000000
8149    8149    1.000000
8151    8151    1.000000
8153    8153    1.000000
8155    8155    1.000000
8157    8157    1.000000
8159    8159    1.000000
8161    8161    1.000000
8163    8163    1.000000
8165    8165    1.000000
8167    8167    1.000000
8169    8169    1.000000
8171    8171    1.000000
8173    8173    1.000000
8175    8175    1.000000
8177    8177    1.000000
8179    8179    1.000000
8181    8181    1.000000
8183    8183    1.000000
8185    8185    1.000000
8187    8187    1.000000
8189    8189    1.000000
8191    8191    1.000000
8193    8193    1.000000
8195    8195    1.000000
8197    8197    1.000000
8199    8199    1.000000
8201    8201    1.000000
8203    8203    1.000000
8205    8205    1.000000
8207    8207    1.000000
8209    8209    1.000000
8211    8211    1.000000
8213    8213    1.000000
8215    8215    1.000000
8217    8217    1.000000
8219    8219    1.000000
8221    8221    1.000000
8223    8223    1.000000
8225    8225    1.000000
8227    8227    1.000000
8229    8229    1.000000
8231    8231    1.000000
8233    8233    1.000000
8235    8235    1.000000
8237    8237    1.000000
8239    8239    1.000000
8241    8241    1.000000
8243    8243    1.000000
8245    8245    1.000000
8247    8247    1.000000
8249    8249    1.000000
8251    8251    1.000000
8253    8253    1.000000
8255    8255    1.000000
8257    8257    1.000000
8259    8259    1.000000
8261    8261    1.000000
8263    8263    1.000000
8265    8265    1.000000
8267    8267    1.000000
8269    8269    1.000000
8271    8271    1.000000
8273    8273    1.000000
8275    8275    1.000000
8277    8277    1.000000
8279    8279    1.000000
8281    8281    1.000000
8283    8283    1.000000
8285    8285    1.000000
8287    8287    1.000000
8289    8289    1.000000
8291    8291    1.000000
8293    8293    1.000000
8295    8295    1.000000
8297    8297    1.000000
8299    8299    1.000000
8301    8301    1.000000
8303    8303    1.000000
8305    8305    1.000000
8307    8307    1.000000
8309    8309    1.000000
8311    8311    1.000000
8313    8313    1.000000
8315    8315    1.000000
8317    8317    1.000000
8319    8319    1.000000
8321    8321    1.000000
8323    8323    1.000000
8325    8325    1.000000
8327    8327    1.000000
8329    8329    1.000000
8331    8331    1.000000
8333    8333    1.000000
8335    8335    1.000000
8337    8337    1.000000
8339    8339    1.000000
8341    8341    1.000000
8343    8343    1.000000
8345    8345    1.000000
8347    8347    1.000000
8349    8349    1.000000
8351    8351    1.000000
8353    8353    1.000000
8355    8355    1.000000
8357    8357    1.000000
8359    8359    1.000000
8361    8361    1.000000
8363    8363    1.000000
8365    8365    1.000000
8367    8367    1.000000
8369    8369    1.000000
8371    8371    1.000000
8373    8373    1.000000
8375    8375    1.000000
8377    8377    1.000000
8379    8379    1.000000
8381    8381    1.000000
8383    8383    1.000000
8385    8385    1.000000
8387    8387    1.000000
8389    8389    1.000000
8391    8391    1.000000
8393    8393    1.000000
8395    8395    1.000000
8397    8397    1.000000
8399    8399    1.000000
8401    8401    1.000000
8403    8403    1.000000
8405    8405    1.000000
8407    8407    1.000000
8409    8409    1.000000
8411    8411    1.000000
8413    8413    1.000000
8415    8415    1.000000
8417    8417    1.000000
8419    8419    1.000000
8421    8421    1.000000
8423    8423    1.000000
8425    8425    1.000000
8427    8427    1.000000
8429    8429    1.000000
8431    8431    1.000000
8433    8433    1.000000
8435    8435    1.000000
8437    8437    1.000000
8439    8439    1.000000
8441    8441    1.000000
8443    8443    1.000000
8445    8445    1.000000
8447    8447    1.000000
8449    8449    1.000000
8451    8451    1.000000
8453    8453    1.000000
8455    8455    1.000000
8457    8457    1.000000
8459    8459    1.000000
8461    8461    1.000000
8463    8463    1.000000
8465    8465    1.000000
8467    8467    1.000000
8469    8469    1.000000
8471    8471    1.000000
8473    8473    1.000000
8475    8475    1.000000
8477    8477    1.000000
8479    8479    1.000000
8481    8481    1.000000
8483    8483    1.000000
8485    8485    1.000000
8487    8487    1.000000
8489    8489    1.000000
8491    8491    1.000000
8493    8493    1.000000
8495    8495    1.000000
8497    8497    1.000000
8499    8499    1.000000
8501    8501    1.000000
8503    8503    1.000000
8505    8505    1.000000
8507    8507    1.000000
8509    8509    1.000000
8511    8511    1.000000
8513    8513    1.000000
8515    8515    1.000000
8517    8517    1.000000
8519    8519    1.000000
8521    8521    1.000000
8523    8523    1.000000
8525    8525    1.000000
8527    8527    1.000000
8529    8529    1.000000
8531    8531    1.000000
8533    8533    1.000000
8535    8535    1.000000
8537    8537    1.000000
8539    8539    1.000000
8541    8541    1.000000
8543    8543    1.000000
8545    8545    1.000000
8547    8547    1.000000
8549    8549    1.000000
8551    8551    1.000000
8553    8553    1.000000
8555    8555    1.000000
8557    8557    1.000000
8559    8559    1.000000
8561    8561    1.000000
8563    8563    1.000000
8565    8565    1.000000
8567    8567    1.000000
8569    8569    1.000000
8571    8571    1.000000
8573    8573    1.000000
8575    8575    1.000000
8577    8577    1.000000
8579    8579    1.000000
8581    8581    1.000000
8583    8583    1.000000
8585    8585    1.000000
8587    8587    1.000000
8589    8589    1.000000
8591    8591    1.000000
8593    8593    1.000000
8595    8595    1.000000
8597    8597    1.000000
8599    8599    1.000000
8601    8601    1.000000
8603    8603    1.000000
8605    8605    1.000000
8607    8607    1.000000
8609    8609    1.000000
8611    8611    1.000000
8613    8613    1.000000
8615    8615    1.000000
8617    8617    1.000000
8619    8619    1.000000
8621    8621    1.000000
8623    8623    1.000000
8625    8625    1.000000
8627    8627    1.000000
8629    8629    1.000000
8631    8631    1.000000
8633    8633    1.000000
8635    8635    1.000000
8637    8637    1.000000
8639    8639    1.000000
8641    8641    1.000000
8643    8643    1.000000
8645    8645    1.000000
8647    8647    1.000000
8649    8649    1.000000
8651    8651    1.000000
8653    8653    1.000000
8655    8655    1.000000
8657    8657    1.000000
8659    8659    1.000000
8661    8661    1.000000
8663    8663    1.000000
8665    8665    1.000000
8667    8667    1.000000
8669    8669    1.000000
8671    8671    1.000000
8673    8673    1.000000
8675    8675    1.000000
8677    8677    1.000000
8679    8679    1.000000
8681    8681    1.000000
8683    8683    1.000000
8685    8685    1.000000
8687    8687    1.000000
8689    8689    1.000000
8691    8691    1.000000
8693    8693    1.000000
8695    8695    1.000000
8697    8697    1.000000
8699    8699    1.000000
8701    8701    1.000000
8703    8703    1.000000
8705    8705    1.000000
8707    8707    1.000000
8709    8709    1.000000
8711    8711    1.000000
8713    8713    1.000000
8715    8715    1.000000
8717    8717    1.000000
8719    8719    1.000000
8721    8721    1.000000
8723    8723    1.000000
8725    8725    1.000000
8727    8727    1.000000
8729    8729    1.000000
8731    8731    1.000000
8733    8733    1.000000
8735    8735    1.000000
8737    8737    1.000000
8739    8739    1.000000
8741    8741    1.000000
8743    8743    1.000000
8745    8745    1.000000
8747    8747    1.000000
8749    8749    1.000000
8751    8751    1.000000
8753    8753    1.000000
8755    8755    1.000000
8757    8757    1.000000
8759    8759    1.000000
8761    8761    1.000000
8763    8763    1.000000
8765    8765    1.000000
8767    8767    1.000000
8769    8769    1.000000
8771    8771    1.000000
8773    8773    1.000000
8775    8775    1.000000
8777    8777    1.000000
8779    8779    1.000000
8781    8781    1.000000
8783    8783    1.000000
8785    8785    1.000000
8787    8787    1.000000
8789    8789    1.000000
8791    8791    1.000000
8793    8793    1.000000
8795    8795    1.000000
8797    8797    1.000000
8799    8799    1.000000
8801    8801    1.000000
8803    8803    1.000000
8805    8805    1.000000
8807    8807    1.000000
8809    8809    1.000000
8811    8811    1.000000
8813    8813    1.000000
8815    8815    1.000000
8817    8817    1.000000
8819    8819    1.000000
8821    8821    1.000000
8823    8823    1.000000
8825    8825    1.000000
8827    8827    1.000000
8829    8829    1.000000
8831    8831    1.000000
8833    8833    1.000000
8835    8835    1.000000
8837    8837    1.000000
8839    8839    1.000000
8841    8841    1.000000
8843    8843    1.000000
8845    8845    1.000000
8847    8847    1.000000
8849    8849    1.000000
8851    8851    1.000000
8853    8853    1.000000
8855    8855    1.000000
8857    8857    1.000000
8859    8859    1.000000
8861    8861    1.000000
8863    8863    1.000000
8865    8865    1.000000
8867    8867    1.000000
8869    8869    1.000000
8871    8871    1.000000
8873    8873    1.000000
8875    8875    1.000000
8877    8877    1.000000
8879    8879    1.000000
8881    8881    1.000000
8883    8883    1.000000
8885    8885    1.000000
8887    8887    1.000000
8889    8889    1.000000
8891    8891    1.000000
8893    8893    1.000000
8895    8895    1.000000
8897    8897    1.000000
8899    8899    1.000000
8901    8901    1.000000
8903    8903    1.000000
8905    8905    1.000000
8907    8907    1.000000
8909    8909    1.000000
8911    8911    1.000000
8913    8913    1.000000
8915    8915    1.000000
8917    8917    1.000000
8919    8919    1.000000
8921    8921    1.000000
8923    8923    1.000000
8925    8925    1.000000
8927    8927    1.000000
8929    8929    1.000000
8931    8931    1.000000
8933    8933    1.000000
8935    8935    1.000000
8937    8937    1.000000
8939    8939    1.000000
8941    8941    1.000000
8943    8943    1.000000
8945    8945    1.000000
8947    8947    1.000000
8949    8949    1.000000
8951    8951    1.000000
8953    8953    1.000000
8955    8955    1.000000
8957    8957    1.000000
8959    8959    1.000000
8961    8961    1.000000
8963    8963    1.000000
8965    8965    1.000000
8967    8967    1.000000
8969    8969    1.000000
8971    8971    1.000000
8973    8973    1.000000
8975    8975    1.000000
8977    8977    1.000000
8979    8979    1.000000
8981    8981    1.000000
8983    8983    1.000000
8985    8985    1.000000
8987    8987    1.000000
8989    8989    1.000000
8991    8991    1.000000
8993    8993    1.000000
8995    8995    1.000000
8997    8997    1.000000
8999    8999    1.000000
9001    9001    1.000000
9003    9003    1.000000
9005    9005    1.000000
9007    9007    1.000000
9009    9009    1.000000
9011    9011    1.000000
9013    9013    1.000000
9015    9015    1.000000
9017    9017    1.000000
9019    9019    1.000000
9021    9021    1.000000
9023    9023    1.000000
9025    9025    1.000000
9027    9027    1.000000
9029    9029    1.000000
9031    9031    1.000000
9033    9033    1.000000
9035    9035    1.000000
9037    9037    1.000000
9039    9039    1.000000
9041    9041    1.000000
9043    9043    1.000000
9045    9045    1.000000
9047    9047    1.000000
9049    9049    1.000000
9051    9051    1.000000
9053    9053    1.000000
9055    9055    1.000000
9057    9057    1.000000
9059    9059    1.000000
9061    9061    1.000000
9063    9063    1.000000
9065    9065    1.000000
9067    9067    1.000000
9069    9069    1.000000
9071    9071    1.000000
9073    9073    1.000000
9075    9075    1.000000
9077    9077    1.000000
9079    9079    1.000000
9081    9081    1.000000
9083    9083    1.000000
9085    9085    1.000000
9087    9087    1.000000
9089    9089    1.000000
9091    9091    1.000000
9093    9093    1.000000
9095    9095    1.000000
9097    9097    1.000000
9099    9099    1.000000
9101    9101    1.000000
9103    9103    1.000000
9105    9105    1.000000
9107    9107    1.000000
9109    9109    1.000000
9111    9111    1.000000
9113    9113    1.000000
9115    9115    1.000000
9117    9117    1.000000
9119    9119    1.000000
9121    9121    1.000000
9123    9123    1.000000
9125    9125    1.000000
9127    9127    1.000000
9129    9129    1.000000
9131    9131    1.000000
9133    9133    1.000000
9135    9135    1.000000
9137    9137    1.000000
9139    9139    1.000000
9141    9141    1.000000
9143    9143    1.000000
9145    9145    1.000000
9147    9147    1.000000
9149    9149    1.000000
9151    9151    1.000000
9153    9153    1.000000
9155    9155    1.000000
9157    9157    1.000000
9159    9159    1.000000
9161    9161    1.000000
9163    9163    1.000000
9165    9165    1.000000
9167    9167    1.000000
9169    9169    1.000000
9171    9171    1.000000
9173    9173    1.000000
9175    9175    1.000000
9177    9177    1.000000
9179    9179    1.000000
9181    9181    1.000000
9183    9183    1.000000
9185    9185    1.000000
9187    9187    1.000000
9189    9189    1.000000
9191    9191    1.000000
9193    9193    1.000000
9195    9195    1.000000
9197    9197    1.000000
9199    9199    1.000000
9201    9201    1.000000
9203    9203    1.000000
9205    9205    1.000000
9207    9207    1.000000
9209    9209    1.000000
9211    9211    1.000000
9213    9213    1.000000
9215    9215    1.000000
9217    9217    1.000000
9219    9219    1.000000
9221    9221    1.000000
9223    9223    1.000000
9225    9225    1.000000
9227    9227    1.000000
9229    9229    1.000000
9231    9231    1.000000
9233    9233    1.000000
9235    9235    1.000000
9237    9237    1.000000
9239    9239    1.000000
9241    9241    1.000000
9243    9243    1.000000
9245    9245    1.000000
9247    9247    1.000000
9249    9249    1.000000
9251    9251    1.000000
9253    9253    1.000000
9255    9255    1.000000
9257    9257    1.000000
9259    9259    1.000000
9261    9261    1.000000
9263    9263    1.000000
9265    9265    1.000000
9267    9267    1.000000
9269    9269    1.000000
9271    9271    1.000000
9273    9273    1.000000
9275    9275    1.000000
9277    9277    1.000000
9279    9279    1.000000
9281    9281    1.000000
9283    9283    1.000000
9285    9285    1.000000
9287    9287    1.000000
9289    9289    1.000000
9291    9291    1.000000
9293    9293    1.000000
9295    9295    1.000000
9297    9297    1.000000
9299    9299    1.000000
9301    9301    1.000000
9303    9303    1.000000
9305    9305    1.000000
9307    9307    1.000000
9309    9309    1.000000
9311    9311    1.000000
9313    9313    1.000000
9315    9315    1.000000
9317    9317    1.000000
9319    9319    1.000000
9321    9321    1.000000
9323    9323    1.000000
9325    9325    1.000000
9327    9327    1.000000
9329    9329    1.000000
9331    9331    1.000000
9333    9333    1.000000
9335    9335    1.000000
9337    9337    1.000000
9339    9339    1.000000
9341    9341    1.000000
9343    9343    1.000000
9345    9345    1.000000
9347    9347    1.000000
9349    9349    1.000000
9351    9351    1.000000
9353    9353    1.000000
9355    9355    1.000000
9357    9357    1.000000
9359    9359    1.000000
9361    9361    1.000000
9363    9363    1.000000
9365    9365    1.000000
9367    9367    1.000000
9369    9369    1.000000
9371    9371    1.000000
9373    9373    1.000000
9375    9375    1.000000
9377    9377    1.000000
9379    9379    1.000000
9381    9381    1.000000
9383    9383    1.000000
9385    9385    1.000000
9387    9387    1.000000
9389    9389    1.000000
9391    9391    1.000000
9393    9393    1.000000
9395    9395    1.000000
9397    9397    1.000000
9399    9399    1.000000
9401    9401    1.000000
9403    9403    1.000000
9405    9405    1.000000
9407    9407    1.000000
9409    9409    1.000000
9411    9411    1.000000
9413    9413    1.000000
9415    9415    1.000000
9417    9417    1.000000
9419    9419    1.000000
9421    9421    1.000000
9423    9423    1.000000
9425    9425    1.000000
9427    9427    1.000000
9429    9429    1.000000
9431    9431    1.000000
9433    9433    1.000000
9435    9435    1.000000
9437    9437    1.000000
9439    9439    1.000000
9441    9441    1.000000
9443    9443    1.000000
9445    9445    1.000000
9447    9447    1.000000
9449    9449    1.000000
9451    9451    1.000000
9453    9453    1.000000
9455    9455    1.000000
9457    9457    1.000000
9459    9459    1.000000
9461    9461    1.000000
9463    9463    1.000000
9465    9465    1.000000
9467    9467    1.000000
9469    9469    1.000000
9471    9471    1.000000
9473    9473    1.000000
9475    9475    1.000000
9477    9477    1.000000
9479    9479    1.000000
9481    9481    1.000000
9483    9483    1.000000
9485    9485    1.000000
9487    9487    1.000000
9489    9489    1.000000
9491    9491    1.000000
9493    9493    1.000000
9495    9495    1.000000
9497    9497    1.000000
9499    9499    1.000000
9501    9501    1.000000
9503    9503    1.000000
9505    9505    1.000000
9507    9507    1.000000
9509    9509    1.000000
9511    9511    1.000000
9513    9513    1.000000
9515    9515    1.000000
9517    9517    1.000000
9519    9519    1.000000
9521    9521    1.000000
9523    9523    1.000000
9525    9525    1.000000
9527    9527    1.000000
9529    9529    1.000000
9531    9531    1.000000
9533    9533    1.000000
9535    9535    1.000000
9537    9537    1.000000
9539    9539    1.000000
9541    9541    1.000000
9543    9543    1.000000
9545    9545    1.000000
9547    9547    1.000000
9549    9549    1.000000
9551    9551    1.000000
9553    9553    1.000000
9555    9555    1.000000
9557    9557    1.000000
9559    9559    1.000000
9561    9561    1.000000
9563    9563    1.000000
9565    9565    1.000000
9567    9567    1.000000
9569    9569    1.000000
9571    9571    1.000000
9573    9573    1.000000
9575    9575    1.000000
9577    9577    1.000000
9579    9579    1.000000
9581    9581    1.000000
9583    9583    1.000000
9585    9585    1.000000
9587    9587    1.000000
9589    9589    1.000000
9591    9591    1.000000
9593    9593    1.000000
9595    9595    1.000000
9597    9597    1.000000
9599    9599    1.000000
9601    9601    1.000000
9603    9603    1.000000
9605    9605    1.000000
9607    9607    1.000000
9609    9609    1.000000
9611    9611    1.000000
9613    9613    1.000000
9615    9615    1.000000
9617    9617    1.000000
9619    9619    1.000000
9621    9621    1.000000
9623    9623    1.000000
9625    9625    1.000000
9627    9627    1.000000
9629    9629    1.000000
9631    9631    1.000000
9633    9633    1.000000
9635    9635    1.000000
9637    9637    1.000000
9639    9639    1.000000
9641    9641    1.000000
9643    9643    1.000000
9645    9645    1.000000
9647    9647    1.000000
9649    9649    1.000000
9651    9651    1.000000
9653    9653    1.000000
9655    9655    1.000000
9657    9657    1.000000
9659    9659    1.000000
9661    9661    1.000000
9663    9663    1.000000
9665    9665    1.000000
9667    9667    1.000000
9669    9669    1.000000
9671    9671    1.000000
9673    9673    1.000000
9675    9675    1.000000
9677    9677    1.000000
9679    9679    1.000000
9681    9681    1.000000
9683    9683    1.000000
9685    9685    1.000000
9687    9687    1.000000
9689    9689    1.000000
9691    9691    1.000000
9693    9693    1.000000
9695    9695    1.000000
9697    9697    1.000000
9699    9699    1.000000
9701    9701    1.000000
9703    9703    1.000000
9705    9705    1.000000
9707    9707    1.000000
9709    9709    1.000000
9711    9711    1.000000
9713    9713    1.000000
9715    9715    1.000000
9717    9717    1.000000
9719    9719    1.000000
9721    9721    1.000000
9723    9723    1.000000
9725    9725    1.000000
9727    9727    1.000000
9729    9729    1.000000
9731    9731    1.000000
9733    9733    1.000000
9735    9735    1.000000
9737    9737    1.000000
9739    9739    1.000000
9741    9741    1.000000
9743    9743    1.000000
9745    9745    1.000000
9747    9747    1.000000
9749    9749    1.000000
9751    9751    1.000000
9753    9753    1.000000
9755    9755    1.000000
9757    9757    1.000000
9759    9759    1.000000
9761    9761    1.000000
9763    9763    1.000000
9765    9765    1.000000
9767    9767    1.000000
9769    9769    1.000000
9771    9771    1.000000
9773    9773    1.000000
9775    9775    1.000000
9777    9777    1.000000
9779    9779    1.000000
9781    9781    1.000000
9783    9783    1.000000
9785    9785    1.000000
9787    9787    1.000000
9789    9789    1.000000
9791    9791    1.000000
9793    9793    1.000000
9795    9795    1.000000
9797    9797    1.000000
9799    9799    1.000000
9801    9801    1.000000
9803    9803    1.000000
9805    9805    1.000000
9807    9807    1.000000
9809    9809    1.000000
9811    9811    1.000000
9813    9813    1.000000
9815    9815    1.000000
9817    9817    1.000000
9819    9819    1.000000
9821    9821    1.000000
9823    9823    1.000000
9825    9825    1.000000
9827    9827    1.000000
9829    9829    1.000000
9831    9831    1.000000
9833    9833    1.000000
9835    9835    1.000000
9837    9837    1.000000
9839    9839    1.000000
9841    9841    1.000000
9843    9843    1.000000
9845    9845    1.000000
9847    9847    1.000000
9849    9849    1.000000
9851    9851    1.000000
9853    9853    1.000000
9855    9855    1.000000
9857    9857    1.000000
9859    9859    1.000000
9861    9861    1.000000
9863    9863    1.000000
9865    9865    1.000000
9867    9867    1.000000
9869    9869    1.000000
9871    9871    1.000000
9873    9873    1.000000
9875    9875    1.000000
9877    9877    1.000000
9879    9879    1.000000
9881    9881    1.000000
9883    9883    1.000000
9885    9885    1.000000
9887    9887    1.000000
9889    9889    1.000000
9891    9891    1.000000
9893    9893    1.000000
9895    9895    1.000000
9897    9897    1.000000
9899    9899    1.000000
9901    9901    1.000000
9903    9903    1.000000
9905    9905    1.000000
9907    9907    1.000000
9909    9909    1.000000
9911    9911    1.000000
9913    9913    1.000000
9915    9915    1.000000
9917    9917    1.000000
9919    9919    1.000000
9921    9921    1.000000
9923    9923    1.000000
9925    9925    1.000000
9927    9927    1.000000
9929    9929    1.000000
9931    9931    1.000000
9933    9933    1.000000
9935    9935    1.000000
9937    9937    1.000000
9939    9939    1.000000
9941    9941    1.000000
9943    9943    1.000000
9945    9945    1.000000
9947    9947    1.000000
9949    9949    1.000000
9951    9951    1.000000
9953    9953    1.000000
9955    9955    1.000000
9957    9957    1.000000
9959    9959    1.000000
9961    9961    1.000000
9963    9963    1.000000
9965    9965    1.000000
9967    9967    1.000000
9969    9969    1.000000
9971    9971    1.000000
9973    9973    1.000000
9975    9975    1.000000
9977    9977    1.000000
9979    9979    1.000000
9981    9981    1.000000
9983    9983    1.000000
9985    9985    1.000000
9987    9987    1.000000
9989    9989    1.000000
9991    9991    1.000000
9993    9993    1.000000
9995    9995    1.000000
9997    9997    1.000000
9999    9999    1.000000
