1    1    1.000000
3    2.0401011818217065    1.000000
4    3.0985112193889024    1.000000
6    5.1583782553772295    1.000000
10    7.036883395160022    1.000000
12    8.10068147027932    1.000000
14    10.845384855257088    1.000000
15    11.97985235368711    1.000000
17    14.584917436219982    1.000000
18    15.786029449218978    1.000000
19    17.260341228845288    1.000000
20    18.997418685834365    1.000000
23    21.09399533273163    1.000000
25    23.547450307091314    1.000000
28    25.403628100522372    1.000000
30    26.466790813883968    1.000000
31    28.144061901576528    1.000000
34    29.51530014325028    1.000000
35    30.960602159757908    1.000000
37    33.12099886666801    1.000000
39    34.676238641081376    1.000000
41    35.95483807632811    1.000000
42    37.47597494303093    1.000000
43    38.720207711234735    1.000000
45    40.55842602994258    1.000000
46    42.20772629278517    1.000000
48    43.823005564663674    1.000000
53    44.890187821795806    1.000000
54    46.66851340849834    1.000000
55    48.244092171127456    1.000000
56    49.494886380614474    1.000000
58    51.59343923491669    1.000000
61    54.491198684595346    1.000000
66    57.346502652965455    1.000000
68    59.48846585985615    1.000000
70    61.906703513721446    1.000000
72    64.00710282262662    1.000000
76    65.56938602113382    1.000000
79    67.33952875514863    1.000000
80    69.23417962400782    1.000000
83    71.7079104155247    1.000000
85    73.44468027596929    1.000000
88    75.62533072735019    1.000000
90    76.99629506785784    1.000000
92    79.49286081234628    1.000000
94    81.89388775430245    1.000000
95    83.15877657691624    1.000000
96    84.68976564096975    1.000000
97    86.08838801291444    1.000000
98    87.65737097381123    1.000000
99    89.26861249652124    1.000000
100    91.12154862602685    1.000000
101    92.71385853953305    1.000000
103    93.96471290564979    1.000000
105    94.98565651669203    1.000000
107    96.65400890011549    1.000000
108    98.54366694552772    1.000000
111    99.78548957793254    1.000000
112    101.09446684872196    1.000000
113    102.56652738319458    1.000000
114    104.05529942231495    1.000000
117    105.78000212832278    1.000000
119    107.26169970022733    1.000000
120    108.27259171986307    1.000000
122    109.71661835165409    1.000000
127    111.76090274282228    1.000000
130    113.4012412941962    1.000000
132    114.46409448499139    1.000000
133    116.14738024829298    1.000000
134    117.38490057977998    1.000000
135    118.78543670713371    1.000000
136    120.67134664034334    1.000000
138    123.33415317378646    1.000000
139    124.77360567962822    1.000000
141    127.0939028056364    1.000000
143    128.26060255287052    1.000000
144    129.8423941856201    1.000000
145    131.0535438718508    1.000000
147    132.11687710531106    1.000000
148    133.9482812947656    1.000000
150    136.20021198203764    1.000000
154    137.49972195577226    1.000000
156    138.93915205209643    1.000000
159    141.61361360193868    1.000000
160    143.54978338546886    1.000000
163    146.2285055922211    1.000000
165    148.7848579561525    1.000000
167    150.17809582820516    1.000000
169    151.51421581386694    1.000000
170    153.03091793026007    1.000000
171    154.874043371599    1.000000
172    156.75930676631322    1.000000
173    158.34628385573856    1.000000
175    160.35216808725443    1.000000
179    161.40976944684041    1.000000
180    162.88536361376617    1.000000
182    164.8283344129752    1.000000
183    165.92864892475794    1.000000
185    167.48113062584645    1.000000
186    169.40954578085083    1.000000
188    171.2270840080011    1.000000
191    172.36184743781953    1.000000
194    174.07181021074734    1.000000
196    175.53837842909417    1.000000
201    177.77001237045576    1.000000
203    179.3021482947351    1.000000
204    180.50579414338864    1.000000
206    181.50924144090666    1.000000
207    183.29619121031467    1.000000
209    185.3332234206257    1.000000
212    187.3628220698968    1.000000
213    189.28568830347453    1.000000
214    190.85224004436589    1.000000
216    192.23134554291067    1.000000
217    193.69194142253062    1.000000
219    194.9478542581317    1.000000
220    195.99430416143665    1.000000
224    197.87626454213375    1.000000
225    199.57149649273455    1.000000
226    201.24204347182751    1.000000
227    202.54611743606372    1.000000
229    203.61033106259708    1.000000
230    205.4598239967785    1.000000
231    206.71244269928638    1.000000
233    208.38647359659012    1.000000
234    210.02631850971304    1.000000
235    211.3089728525027    1.000000
237    213.3039683534149    1.000000
239    214.9870189228857    1.000000
241    216.35358238926096    1.000000
242    217.80671859425684    1.000000
243    219.59399389111567    1.000000
244    221.33147888201344    1.000000
245    223.06714396438548    1.000000
246    224.8705028051632    1.000000
248    226.40307505597136    1.000000
249    228.1454242625354    1.000000
250    229.4530578611295    1.000000
251    231.22701359982221    1.000000
252    232.33492617502029    1.000000
256    234.94421620443052    1.000000
257    236.37620863986683    1.000000
259    237.61666686025046    1.000000
260    238.7187493967022    1.000000
261    240.59770782307018    1.000000
262    242.25430601084338    1.000000
264    243.254810715714    1.000000
265    244.89889630672297    1.000000
266    246.6307800898898    1.000000
267    248.55770725762108    1.000000
268    250.08021968371827    1.000000
269    251.9873845406681    1.000000
271    253.63569167954967    1.000000
272    255.0449480977425    1.000000
273    256.72222088552576    1.000000
275    259.5964171214897    1.000000
277    260.75668316255343    1.000000
279    261.7915807919904    1.000000
281    263.54430776158085    1.000000
282    265.443306782063    1.000000
284    267.50347018196896    1.000000
286    269.84767323158144    1.000000
288    272.1260234506445    1.000000
289    273.55187410787204    1.000000
291    275.30104479728664    1.000000
292    277.055159853139    1.000000
293    278.5660239262476    1.000000
295    280.03488581784376    1.000000
296    281.7747887106506    1.000000
298    284.29691511020036    1.000000
300    285.71458423910127    1.000000
301    287.65666187129807    1.000000
302    289.42948495604725    1.000000
305    291.54588791074394    1.000000
306    293.3464180310411    1.000000
310    294.6872415124223    1.000000
313    296.4279535145803    1.000000
314    297.8826022626415    1.000000
316    299.2507897205919    1.000000
317    300.8970039656569    1.000000
318    302.6209424925584    1.000000
320    304.81834471014923    1.000000
321    306.25590178222876    1.000000
322    308.1100661188234    1.000000
324    309.238928236303    1.000000
326    310.42673864941804    1.000000
329    313.18946108072583    1.000000
331    315.32216588479145    1.000000
333    316.99644301900156    1.000000
334    318.0522950906155    1.000000
336    319.57194868056956    1.000000
338    321.09664127979454    1.000000
340    322.37700325015385    1.000000
341    323.9409833550881    1.000000
342    325.9255305188218    1.000000
343    327.36648074619467    1.000000
344    329.34162301581523    1.000000
346    330.93869882273805    1.000000
349    333.032114982797    1.000000
352    335.39133195418503    1.000000
354    337.67655979191386    1.000000
355    339.3383072077917    1.000000
357    341.60768334042973    1.000000
358    343.0395364596759    1.000000
360    344.99132302062566    1.000000
361    346.0926615361781    1.000000
363    348.0253969049481    1.000000
364    349.2301058568039    1.000000
365    351.2130809405057    1.000000
366    352.428341616364    1.000000
367    353.74934711488186    1.000000
368    355.71097029370503    1.000000
371    356.77556796298273    1.000000
373    357.9309878276404    1.000000
376    359.78938393193897    1.000000
378    361.8378340877662    1.000000
379    363.6648599045838    1.000000
382    365.58693393912296    1.000000
384    367.2924251261994    1.000000
387    368.41953588167667    1.000000
389    371.00295785975203    1.000000
390    372.4343748268185    1.000000
393    373.5821207236193    1.000000
395    374.8933879871894    1.000000
397    376.29833348582355    1.000000
398    377.6569662035491    1.000000
399    379.4270894561    1.000000
400    381.20252326852784    1.000000
401    382.4102979761874    1.000000
402    384.38801238127286    1.000000
404    385.4750447153281    1.000000
406    386.6484597644972    1.000000
407    388.17291927660983    1.000000
408    390.0418795655356    1.000000
410    391.1272465667447    1.000000
411    393.0260399443881    1.000000
413    394.3070350712066    1.000000
414    395.54599840278985    1.000000
416    397.67058657209316    1.000000
417    399.5565476582056    1.000000
419    402.0137808053652    1.000000
420    403.42267188459414    1.000000
422    404.71037311473077    1.000000
423    406.51504058320666    1.000000
424    407.8730997465364    1.000000
425    408.9261059617015    1.000000
427    410.810941973087    1.000000
429    412.086185405408    1.000000
432    414.6331376204488    1.000000
433    416.1128162371982    1.000000
434    417.4792558125734    1.000000
436    418.7666324153068    1.000000
437    420.64825109043926    1.000000
438    421.7581536756769    1.000000
440    423.64685097814163    1.000000
441    425.42302677141095    1.000000
443    426.5482396408378    1.000000
446    427.9759682907493    1.000000
447    429.7748522732373    1.000000
448    430.88715259161194    1.000000
451    432.96452665749655    1.000000
452    433.9806836998797    1.000000
453    435.6150032411666    1.000000
455    437.42789611014626    1.000000
457    439.03779129286823    1.000000
458    440.9391017985821    1.000000
459    442.53102533053345    1.000000
460    443.64298820444054    1.000000
464    445.47449659148583    1.000000
465    446.57707961751174    1.000000
467    448.47332587649043    1.000000
468    449.8801239845081    1.000000
469    451.28001274408695    1.000000
471    452.5684202482452    1.000000
473    454.4353558508325    1.000000
474    456.1428234318181    1.000000
476    457.8671474570963    1.000000
477    459.23137638870645    1.000000
480    461.283996716165    1.000000
483    463.220311837289    1.000000
485    464.8303318525785    1.000000
487    466.5515249914038    1.000000
489    467.8796016785848    1.000000
491    469.78189139632826    1.000000
492    471.4759646784679    1.000000
494    473.46344307363137    1.000000
495    474.5214859210351    1.000000
497    476.3882521201691    1.000000
499    478.2612949140832    1.000000
500    479.85763731584734    1.000000
501    481.66975563068416    1.000000
503    484.0377226669817    1.000000
504    485.2806176208349    1.000000
505    486.83054523879974    1.000000
507    488.167934226096    1.000000
509    489.34215183659643    1.000000
510    490.5637078309426    1.000000
511    492.04742802999743    1.000000
512    493.0683012656688    1.000000
513    494.2070194514252    1.000000
514    496.07168965034583    1.000000
515    497.9374823784569    1.000000
516    498.9647107387385    1.000000
521    500.15875500091266    1.000000
522    501.33115545307834    1.000000
525    503.032184487621    1.000000
527    505.4421683683119    1.000000
528    506.4672561199827    1.000000
530    508.6072752072472    1.000000
531    510.15141278688805    1.000000
532    511.90677050173315    1.000000
533    513.3649192729321    1.000000
535    515.0746215789889    1.000000
536    516.4543155451526    1.000000
537    518.0842743929335    1.000000
538    519.6655656656654    1.000000
540    522.0645166185241    1.000000
543    523.071522582381    1.000000
545    524.2932709587669    1.000000
546    525.928063183453    1.000000
547    526.994157890506    1.000000
549    528.5784529802924    1.000000
552    530.2321118834024    1.000000
555    531.5697538108949    1.000000
557    533.5683810087983    1.000000
559    534.9419295686093    1.000000
561    537.3212619132813    1.000000
562    539.1323388102793    1.000000
565    540.3248281656147    1.000000
567    542.8700790141719    1.000000
568    544.0645151480771    1.000000
569    545.2186168114379    1.000000
571    548.106937025098    1.000000
572    549.5127100311196    1.000000
574    551.7857466893934    1.000000
576    554.4221989974867    1.000000
577    555.4736885510383    1.000000
579    556.7766386764883    1.000000
581    559.2665574071183    1.000000
582    560.9913251609756    1.000000
584    563.0070051110673    1.000000
587    564.9239803907244    1.000000
591    567.1820241613044    1.000000
593    568.4818338608565    1.000000
594    569.9319872345415    1.000000
596    572.0052931010996    1.000000
598    574.0408673860165    1.000000
599    575.8158418537855    1.000000
600    576.9044213260992    1.000000
602    578.8617905029428    1.000000
603    580.4922018283132    1.000000
605    582.8382927160118    1.000000
606    583.8773917679    1.000000
608    585.0286479443541    1.000000
609    586.6616636408014    1.000000
610    588.4120418150678    1.000000
611    589.5820263200491    1.000000
612    591.2759615336047    1.000000
615    593.2568580245887    1.000000
617    594.5926648253852    1.000000
618    596.5611608986106    1.000000
619    598.4594754630878    1.000000
622    600.3546691432208    1.000000
624    602.2008451523186    1.000000
625    603.2322455958081    1.000000
626    605.2252276104526    1.000000
627    606.2493924812928    1.000000
628    607.7512063744982    1.000000
629    608.8695727063196    1.000000
630    609.9824161979909    1.000000
631    611.7399659806467    1.000000
633    613.765167720213    1.000000
634    615.2312809150525    1.000000
636    616.7003109638534    1.000000
637    617.8069776410092    1.000000
639    618.9989434286448    1.000000
640    620.7608859322916    1.000000
641    622.4630276788636    1.000000
643    623.8144595904879    1.000000
644    625.5467603362767    1.000000
645    627.5241047017639    1.000000
646    628.9490625146358    1.000000
648    631.9029638557721    1.000000
649    633.3571327924769    1.000000
650    634.9007328386803    1.000000
651    636.3100305063241    1.000000
653    638.4241322961938    1.000000
654    639.4378894225761    1.000000
656    641.8431132958709    1.000000
659    643.4287730232824    1.000000
662    644.8832542142669    1.000000
663    646.7929365540951    1.000000
665    647.9143805230814    1.000000
666    648.9174110069893    1.000000
667    650.3176094881904    1.000000
669    653.1052726986023    1.000000
671    654.5233045430631    1.000000
673    657.4230669819166    1.000000
674    659.0704819713233    1.000000
675    660.082318650166    1.000000
676    661.2109266428383    1.000000
678    662.3453217774775    1.000000
679    663.870635420685    1.000000
681    665.6951235564485    1.000000
684    667.789513947221    1.000000
685    668.8315939465398    1.000000
687    671.4848098981139    1.000000
688    672.5061379824205    1.000000
691    673.8790570211098    1.000000
693    676.3398615714201    1.000000
695    678.113608910825    1.000000
696    679.8441071656681    1.000000
697    681.3270439754624    1.000000
699    682.7576051942893    1.000000
701    684.8848547978098    1.000000
704    686.2075082425929    1.000000
705    688.0050338989435    1.000000
706    689.1676094117387    1.000000
707    690.7515529598742    1.000000
709    691.856281817691    1.000000
710    693.156773383415    1.000000
711    694.9123240589653    1.000000
713    696.1290557858123    1.000000
716    697.8380095832453    1.000000
718    700.3246342410431    1.000000
719    702.0467676946982    1.000000
720    703.0683994993539    1.000000
722    704.4679290623194    1.000000
723    705.5452383303418    1.000000
725    706.718749624649    1.000000
726    708.2843373481587    1.000000
728    711.0373496158027    1.000000
729    712.3133499493889    1.000000
731    714.5812040412915    1.000000
732    715.965954490641    1.000000
733    717.1562719439049    1.000000
736    718.2399648083344    1.000000
738    720.3679912444438    1.000000
739    722.224220154686    1.000000
741    724.7979439695356    1.000000
742    725.9275148938102    1.000000
745    727.2081306949134    1.000000
746    728.8672652551905    1.000000
748    730.6302952998594    1.000000
750    732.3468716861565    1.000000
753    734.3604185205586    1.000000
754    735.633143666674    1.000000
755    736.6785275738321    1.000000
756    737.6951136793556    1.000000
758    739.5955714725934    1.000000
759    740.7841708691229    1.000000
763    741.7883882091495    1.000000
764    742.8324614967153    1.000000
766    744.3156812713515    1.000000
767    745.7258397930755    1.000000
769    746.7436460512432    1.000000
770    748.313671312637    1.000000
771    750.1620360094624    1.000000
774    751.218081997294    1.000000
776    752.3474255164317    1.000000
778    753.4430910297881    1.000000
780    755.1172667572217    1.000000
782    756.6055213176454    1.000000
784    758.5086328983163    1.000000
785    760.4223027671641    1.000000
786    762.3126480067108    1.000000
789    763.5551005232521    1.000000
791    764.9605715320507    1.000000
793    766.8582530580799    1.000000
794    767.9119874270216    1.000000
795    769.2776836009933    1.000000
797    770.8671880855771    1.000000
800    772.4851922311129    1.000000
802    773.6339827035126    1.000000
804    775.1942398251633    1.000000
805    777.1388591285869    1.000000
807    778.2355123613909    1.000000
808    779.6127903377732    1.000000
810    781.1288818295735    1.000000
811    782.7436180669673    1.000000
813    784.3194673413327    1.000000
816    786.387160870129    1.000000
817    787.7214330756101    1.000000
818    789.099961061797    1.000000
819    790.9890705744982    1.000000
821    793.3486330709574    1.000000
822    795.1851522386844    1.000000
823    796.9205182794603    1.000000
824    798.5798259806659    1.000000
825    799.999937609616    1.000000
826    801.0638060614536    1.000000
827    802.1835223149999    1.000000
830    804.6316291615116    1.000000
832    806.6398798008438    1.000000
833    808.5890446169311    1.000000
834    810.2285642651475    1.000000
835    811.399953299045    1.000000
837    812.8856144040044    1.000000
838    814.1170624449412    1.000000
840    815.4911103189115    1.000000
842    816.566586048874    1.000000
843    818.1393385580548    1.000000
846    820.0172570027742    1.000000
847    821.5124954945745    1.000000
849    822.6985751657544    1.000000
850    824.3869182184103    1.000000
851    825.9204072800617    1.000000
852    827.3752714695371    1.000000
853    828.8363141229769    1.000000
855    829.9174536542804    1.000000
857    831.7141751110399    1.000000
859    833.4726972670254    1.000000
861    835.768163653147    1.000000
863    837.447878439555    1.000000
865    838.7848978170125    1.000000
867    840.5218368570971    1.000000
868    841.9457327052414    1.000000
871    843.4178739204605    1.000000
872    845.0420732843888    1.000000
873    846.3514192172553    1.000000
874    848.1488400496702    1.000000
875    849.9457745437525    1.000000
876    851.6417247511665    1.000000
878    853.2123009060417    1.000000
879    854.4817721024733    1.000000
881    855.9117657924543    1.000000
882    857.8482137277522    1.000000
883    859.4989624666674    1.000000
885    861.3495234188225    1.000000
889    862.8327455330227    1.000000
890    864.8108147933355    1.000000
892    866.63545911215    1.000000
894    868.9611231239096    1.000000
895    870.0507996279914    1.000000
897    872.5282344027247    1.000000
900    874.4168652729236    1.000000
902    876.4516141698308    1.000000
904    878.4346572172738    1.000000
907    879.6695514060455    1.000000
908    881.3460666378099    1.000000
909    882.4698228307631    1.000000
911    885.0216164430103    1.000000
912    886.6603937331029    1.000000
914    887.7129967145572    1.000000
916    889.0929395520623    1.000000
917    890.6039561688033    1.000000
918    892.3564655161507    1.000000
920    895.0305483311454    1.000000
921    896.424618701671    1.000000
922    898.1915601764637    1.000000
924    899.8658417503785    1.000000
925    901.8525051507182    1.000000
926    903.0858263896762    1.000000
927    904.9777630821947    1.000000
928    906.7260034187262    1.000000
929    907.8170328149655    1.000000
931    909.3667992620027    1.000000
932    911.014251100227    1.000000
933    912.5615318322556    1.000000
934    914.466475767325    1.000000
935    916.2358774584308    1.000000
938    917.2836445440704    1.000000
940    919.6172626619666    1.000000
941    920.6618803472696    1.000000
943    922.2023586085551    1.000000
945    924.2610762621176    1.000000
946    925.5586364759628    1.000000
947    926.6976200517345    1.000000
949    928.5984594053461    1.000000
953    930.3744390902813    1.000000
956    932.538366707832    1.000000
958    934.0962729541368    1.000000
960    935.3950668964724    1.000000
964    937.2027504465112    1.000000
966    938.6993320588507    1.000000
967    939.8302095042411    1.000000
969    942.1650774978542    1.000000
972    944.88027116375    1.000000
974    947.0492559759836    1.000000
976    949.0071672815933    1.000000
977    950.5980073783373    1.000000
980    952.5968950773645    1.000000
982    953.8937017208286    1.000000
984    956.6050606408065    1.000000
985    957.985743240879    1.000000
986    959.8173146111072    1.000000
989    962.5305507261834    1.000000
990    964.2134100816351    1.000000
992    966.1473552896073    1.000000
993    967.7571222288323    1.000000
994    969.4112443156956    1.000000
999    971.3389756650545    1.000000
1001    973.7405334356827    1.000000
1003    974.8381193815851    1.000000
1004    976.6674619213662    1.000000
1005    978.0946827061714    1.000000
1008    979.5232030664397    1.000000
1010    981.9705133136638    1.000000
1012    983.5219286149189    1.000000
1015    984.6834132021837    1.000000
1016    986.4265118229405    1.000000
1017    988.354983137892    1.000000
1019    989.8114530526187    1.000000
1022    991.4833602654669    1.000000
1024    993.2701287775269    1.000000
1025    994.6883580238324    1.000000
1029    996.7411948552469    1.000000
1031    999.5907341346274    1.000000
1032    1001.1911211879021    1.000000
1033    1002.8437717662705    1.000000
1034    1004.7199179401193    1.000000
1036    1006.7468419300383    1.000000
1037    1007.8203350388327    1.000000
1038    1009.6683949921883    1.000000
1041    1010.9377900267162    1.000000
1042    1012.5552072724264    1.000000
1043    1013.7452357396809    1.000000
1045    1016.1628030252799    1.000000
1047    1017.3940938712794    1.000000
1048    1018.5412478087318    1.000000
1049    1020.3674533176741    1.000000
1051    1021.4831834708431    1.000000
1053    1023.0145125406974    1.000000
1054    1024.7613438584624    1.000000
1057    1025.9165386060058    1.000000
1058    1027.0320658996143    1.000000
1059    1028.1258772910883    1.000000
1060    1029.3155606397966    1.000000
1061    1030.965927364417    1.000000
1062    1032.8826646683606    1.000000
1063    1034.8300509467367    1.000000
1064    1036.004106193912    1.000000
1065    1037.9411835749524    1.000000
1066    1039.9105279611724    1.000000
1067    1041.3572522470558    1.000000
1068    1042.6002769459947    1.000000
1070    1044.4819377700273    1.000000
1071    1046.1891826808192    1.000000
1072    1047.8906437134383    1.000000
1073    1049.142341462359    1.000000
1075    1050.4986746197285    1.000000
1076    1052.494560787516    1.000000
1079    1054.8743104956782    1.000000
1081    1056.7683458268423    1.000000
1082    1058.0929475018495    1.000000
1084    1060.6710800404815    1.000000
1085    1061.6884998433754    1.000000
1086    1062.8863933585858    1.000000
1088    1064.9766967247515    1.000000
1090    1066.0731218210956    1.000000
1091    1067.4844671482426    1.000000
1092    1068.9162426376902    1.000000
1093    1070.8486505060953    1.000000
1096    1073.2324268211335    1.000000
1098    1074.5266670384688    1.000000
1100    1076.6428967946435    1.000000
1103    1079.0577714093115    1.000000
1104    1081.027525943027    1.000000
1106    1083.3096940171085    1.000000
1107    1085.0187815392346    1.000000
1109    1087.2337977455757    1.000000
1111    1089.52699084722    1.000000
1113    1090.697787001761    1.000000
1115    1092.6881140386367    1.000000
1117    1094.9874644175804    1.000000
1119    1097.6901560333527    1.000000
1120    1098.8237352985916    1.000000
1123    1101.2719671182772    1.000000
1124    1102.6340434235099    1.000000
1126    1103.7444834124606    1.000000
1129    1106.1695859528838    1.000000
1130    1107.9208266329485    1.000000
1132    1110.5157508068105    1.000000
1133    1112.2719441611855    1.000000
1135    1114.3677394082133    1.000000
1136    1115.8789915233222    1.000000
1139    1118.70169191669    1.000000
1141    1120.0813467405744    1.000000
1142    1121.2312659521094    1.000000
1143    1122.7900586328353    1.000000
1144    1123.9541105580993    1.000000
1145    1125.247970424485    1.000000
1147    1126.610508281161    1.000000
1148    1127.8937346905898    1.000000
1150    1129.621684930264    1.000000
1154    1131.9630475871693    1.000000
1155    1133.583944633152    1.000000
1156    1135.2073693781354    1.000000
1158    1137.2770106239682    1.000000
1160    1138.839532804704    1.000000
1162    1140.1449857840562    1.000000
1164    1141.5487628450721    1.000000
1165    1142.9907505567903    1.000000
1166    1144.1519561294708    1.000000
1168    1145.6908159286806    1.000000
1170    1147.975769408503    1.000000
1173    1150.1363951500493    1.000000
1174    1151.7075890923716    1.000000
1176    1153.4912399632492    1.000000
1178    1154.7595170465863    1.000000
1180    1155.9393117969655    1.000000
1182    1157.8327978179016    1.000000
1183    1159.1998425668587    1.000000
1184    1160.4352020551335    1.000000
1186    1161.642163871405    1.000000
1187    1162.6537753552595    1.000000
1189    1165.4576832462094    1.000000
1190    1166.4977768109293    1.000000
1191    1167.5499199023855    1.000000
1193    1168.6095293491558    1.000000
1196    1169.7533283367575    1.000000
1198    1171.3047429241728    1.000000
1201    1173.7668233408147    1.000000
1202    1175.632043959021    1.000000
1205    1177.3241730861985    1.000000
1207    1179.1450913706212    1.000000
1208    1180.6400100710855    1.000000
1209    1182.3406214493582    1.000000
1210    1183.6173942863122    1.000000
1214    1184.9076069430369    1.000000
1216    1186.174977944041    1.000000
1217    1187.3065474769003    1.000000
1218    1188.876282020782    1.000000
1220    1190.1054114654112    1.000000
1221    1191.833804860256    1.000000
1223    1192.929986251835    1.000000
1224    1194.3467748855542    1.000000
1225    1195.9998456273377    1.000000
1228    1197.2088342735692    1.000000
1230    1199.8183183794697    1.000000
1231    1201.798684101301    1.000000
1233    1204.0136281063426    1.000000
1236    1205.2660015569388    1.000000
1237    1206.9112214723712    1.000000
1238    1208.223793531425    1.000000
1240    1210.6485977553082    1.000000
1241    1211.9851991821213    1.000000
1243    1213.3543648897332    1.000000
1245    1215.0786865206098    1.000000
1247    1216.6637337201755    1.000000
1248    1218.1727885496025    1.000000
1250    1220.084796895685    1.000000
1251    1221.7303383594492    1.000000
1252    1223.153403382663    1.000000
1253    1224.7592707245633    1.000000
1254    1226.4558010820322    1.000000
1256    1228.8861084859102    1.000000
1258    1230.1222062711208    1.000000
1259    1231.4652025278713    1.000000
1260    1233.1683146016926    1.000000
1261    1235.1528726322583    1.000000
1262    1236.9949650653055    1.000000
1263    1238.5530720721988    1.000000
1264    1239.7890946628531    1.000000
1267    1241.5018103318057    1.000000
1268    1243.2676352601404    1.000000
1271    1245.6069664794122    1.000000
1272    1247.1460221793404    1.000000
1274    1249.4264198954522    1.000000
1275    1251.1928796041457    1.000000
1278    1253.0839238026044    1.000000
1280    1254.2732433622598    1.000000
1282    1256.4132322761568    1.000000
1284    1258.6679965773606    1.000000
1286    1260.136045359528    1.000000
1287    1261.8122556088551    1.000000
1290    1264.5502701138369    1.000000
1294    1266.4606071283472    1.000000
1295    1267.482175439681    1.000000
1297    1269.2607612260176    1.000000
1298    1270.4230312014602    1.000000
1300    1272.9255378658795    1.000000
1301    1274.4755599455664    1.000000
1302    1275.5276731454667    1.000000
1303    1277.2325033462353    1.000000
1305    1278.6878905020255    1.000000
1309    1279.7961567375223    1.000000
1311    1281.024326357758    1.000000
1315    1283.0729601384728    1.000000
1317    1285.5314334069612    1.000000
1318    1287.0918728161073    1.000000
1321    1288.1002132338372    1.000000
1323    1289.6470634842483    1.000000
1325    1291.3441198989356    1.000000
1327    1293.1435175747968    1.000000
1328    1294.4644741293012    1.000000
1330    1296.7272168023044    1.000000
1331    1298.3322480190889    1.000000
1332    1300.026254854463    1.000000
1334    1302.016214260924    1.000000
1335    1303.2476474626196    1.000000
1336    1304.8174352494136    1.000000
1338    1306.099305147389    1.000000
1339    1307.4818038952924    1.000000
1340    1309.2154198925468    1.000000
1343    1310.9890791363944    1.000000
1344    1312.310505798712    1.000000
1345    1314.0832058409687    1.000000
1347    1315.4241972228901    1.000000
1348    1317.1078215619027    1.000000
1350    1318.8461058582182    1.000000
1351    1320.057941863863    1.000000
1356    1322.1172628796112    1.000000
1359    1324.567648533888    1.000000
1361    1325.7631295436547    1.000000
1362    1327.645146446559    1.000000
1364    1329.5999178468398    1.000000
1367    1331.1979453196793    1.000000
1368    1332.8120335246829    1.000000
1369    1333.8220499977447    1.000000
1370    1335.5049502042443    1.000000
1372    1336.9016523019252    1.000000
1374    1338.4361775634925    1.000000
1375    1340.0173536107013    1.000000
1376    1341.9814461809278    1.000000
1378    1343.7270529789048    1.000000
1379    1345.5337342031132    1.000000
1380    1347.1413922135762    1.000000
1381    1349.0353676045504    1.000000
1382    1350.1099149453466    1.000000
1383    1351.607474496156    1.000000
1385    1352.9067502989105    1.000000
1386    1354.1824372231881    1.000000
1388    1355.2494413940449    1.000000
1389    1356.9638266973436    1.000000
1390    1358.06334651974    1.000000
1391    1359.389335170291    1.000000
1392    1361.187144336144    1.000000
1394    1363.561968450872    1.000000
1395    1364.6906293263191    1.000000
1396    1366.2638596432    1.000000
1397    1367.8930953146562    1.000000
1398    1369.3189276967466    1.000000
1401    1371.4966161068708    1.000000
1402    1372.7557898865741    1.000000
1403    1374.7116212682108    1.000000
1404    1375.7560815431193    1.000000
1406    1377.7968125242799    1.000000
1407    1378.9042278073334    1.000000
1409    1380.4314770239937    1.000000
1410    1381.9388353775319    1.000000
1412    1383.4007491204857    1.000000
1413    1384.819535090726    1.000000
1415    1386.1244320930239    1.000000
1416    1388.0591912934424    1.000000
1417    1389.1436945106439    1.000000
1419    1390.5545586317496    1.000000
1422    1392.5305624889775    1.000000
1423    1394.4775524423278    1.000000
1424    1395.77563904581    1.000000
1425    1397.7632726262857    1.000000
1426    1399.6043470899078    1.000000
1428    1401.765937183161    1.000000
1429    1403.027369131034    1.000000
1432    1404.2390111719903    1.000000
1433    1405.3780815102825    1.000000
1435    1407.6771606633104    1.000000
1437    1408.7527004176777    1.000000
1439    1409.879755471264    1.000000
1441    1411.9284291378558    1.000000
1444    1414.2512275560805    1.000000
1446    1415.876193577049    1.000000
1447    1417.1862103389622    1.000000
1449    1419.235648117545    1.000000
1451    1420.7236030029624    1.000000
1454    1422.744914062625    1.000000
1457    1424.803859175068    1.000000
1459    1427.4566392780262    1.000000
1461    1428.8034667637849    1.000000
1462    1430.785996922008    1.000000
1465    1432.614347522914    1.000000
1466    1433.72636941087    1.000000
1467    1435.3723897118289    1.000000
1469    1436.5872799724705    1.000000
1471    1438.2464355578068    1.000000
1472    1439.5401150218333    1.000000
1473    1440.8172355234842    1.000000
1475    1442.54008169945    1.000000
1476    1443.663751334501    1.000000
1477    1445.2029923338794    1.000000
1479    1447.349908507887    1.000000
1480    1448.7524499720014    1.000000
1481    1449.8966700836477    1.000000
1482    1451.8154632753974    1.000000
1483    1453.281926941436    1.000000
1484    1454.4626633161947    1.000000
1486    1456.0181073431079    1.000000
1489    1457.6377806070852    1.000000
1490    1459.3198571825287    1.000000
1492    1460.9280134582862    1.000000
1493    1462.3511108957182    1.000000
1494    1463.9013284724558    1.000000
1495    1465.5356421297627    1.000000
1496    1467.343153105866    1.000000
1497    1468.4554362676565    1.000000
1498    1470.3142261060286    1.000000
1499    1472.0046016963565    1.000000
1501    1473.5387277560858    1.000000
1502    1475.4518750856344    1.000000
1503    1476.9157500325382    1.000000
1505    1478.5536366661881    1.000000
1507    1479.6636139899497    1.000000
1510    1480.7536918463427    1.000000
1511    1482.6685622030525    1.000000
1513    1484.2441688571103    1.000000
1514    1485.246633692554    1.000000
1515    1486.253983179995    1.000000
1516    1487.83634704628    1.000000
1519    1489.7566865912513    1.000000
1520    1491.6178179120361    1.000000
1521    1492.736248560326    1.000000
1523    1494.0697686082553    1.000000
1525    1495.8843532642725    1.000000
1527    1497.7455470585842    1.000000
1528    1499.3820942157365    1.000000
1529    1500.8763683436123    1.000000
1530    1502.4329984781593    1.000000
1531    1503.9572237808811    1.000000
1532    1505.7114483125436    1.000000
1533    1507.4921539473871    1.000000
1535    1509.2052746037239    1.000000
1537    1510.9732726698387    1.000000
1538    1512.5965432645487    1.000000
1539    1514.5441172681956    1.000000
1541    1516.004440710964    1.000000
1542    1517.3003683954778    1.000000
1544    1518.4691840579476    1.000000
1547    1520.8690990926154    1.000000
1549    1522.7732693024834    1.000000
1550    1524.1575761624013    1.000000
1552    1526.5339637617667    1.000000
1554    1528.4883996690257    1.000000
1556    1530.335242632916    1.000000
1557    1531.7455484281018    1.000000
1559    1533.2615789065192    1.000000
1560    1535.0045883391851    1.000000
1562    1537.082805784039    1.000000
1563    1538.957332063075    1.000000
1565    1541.0302169685397    1.000000
1568    1542.22066916726    1.000000
1570    1543.7307090789905    1.000000
1572    1545.5886526999357    1.000000
1573    1547.1723304484503    1.000000
1574    1548.6549489695226    1.000000
1575    1549.9666438147274    1.000000
1576    1551.385521776836    1.000000
1579    1554.140029426528    1.000000
1580    1555.4653455683317    1.000000
1582    1557.278122176767    1.000000
1584    1559.1375275227701    1.000000
1587    1560.251772263491    1.000000
1588    1561.5207016600423    1.000000
1590    1563.538750909229    1.000000
1593    1565.870994370017    1.000000
1594    1567.0179696873904    1.000000
1595    1568.4972820672078    1.000000
1596    1570.3406423328415    1.000000
1598    1572.2034167884335    1.000000
1600    1573.3610505686352    1.000000
1601    1574.5880577803928    1.000000
1602    1575.602511729593    1.000000
1605    1578.1109011463216    1.000000
1607    1579.7625301428704    1.000000
1609    1581.8558699387327    1.000000
1610    1583.444588694732    1.000000
1611    1584.8391572890823    1.000000
1613    1587.2265295529335    1.000000
1614    1588.3686962193449    1.000000
1615    1590.3533851249308    1.000000
1618    1592.0461003996056    1.000000
1619    1593.053738803024    1.000000
1621    1594.057964431583    1.000000
1624    1595.73511199943    1.000000
1626    1597.228320086821    1.000000
1627    1598.9480137387575    1.000000
1629    1601.6771955698528    1.000000
1630    1602.8308687370516    1.000000
1632    1604.5115369005753    1.000000
1634    1607.039809187304    1.000000
1636    1609.0682580390337    1.000000
1637    1610.973934619556    1.000000
1638    1612.1516733298413    1.000000
1641    1613.729927178478    1.000000
1642    1614.8832162288586    1.000000
1643    1616.1252469214148    1.000000
1647    1618.1979896565267    1.000000
1648    1619.4097843689747    1.000000
1649    1620.5913692029362    1.000000
1652    1622.9185300480242    1.000000
1653    1624.5751585404137    1.000000
1657    1626.2576035995576    1.000000
1661    1628.3160691040616    1.000000
1662    1630.108579867275    1.000000
1664    1631.4003396415235    1.000000
1666    1632.755236683202    1.000000
1668    1635.4292738907234    1.000000
1670    1637.9603136720443    1.000000
1671    1639.6152335400893    1.000000
1672    1641.1875862976121    1.000000
1674    1642.404459953784    1.000000
1675    1644.2816792457904    1.000000
1677    1645.7926740385183    1.000000
1678    1647.7630434486657    1.000000
1681    1648.9012064489864    1.000000
1684    1650.8170668568168    1.000000
1685    1651.8206492398444    1.000000
1686    1653.0045374835956    1.000000
1688    1654.0716548325495    1.000000
1689    1655.147024025729    1.000000
1690    1656.4132904519122    1.000000
1692    1658.2137414397193    1.000000
1693    1659.304808746809    1.000000
1694    1661.1639421123698    1.000000
1695    1662.8219655152602    1.000000
1697    1663.9350488707707    1.000000
1698    1665.8588954098295    1.000000
1700    1667.8128763285256    1.000000
1701    1668.877211547698    1.000000
1703    1670.3004755549478    1.000000
1705    1672.2150694656448    1.000000
1706    1673.3246195809165    1.000000
1708    1675.8138692870332    1.000000
1710    1677.9251933108103    1.000000
1712    1679.083645902931    1.000000
1714    1681.6261437170513    1.000000
1717    1683.5744671650846    1.000000
1718    1685.0979725537434    1.000000
1720    1686.136503041842    1.000000
1722    1688.4199469964935    1.000000
1723    1689.84258771475    1.000000
1724    1691.231400673217    1.000000
1725    1692.4790818969161    1.000000
1726    1693.863195089341    1.000000
1727    1695.8310007887496    1.000000
1728    1697.7944892181292    1.000000
1729    1698.9730879794092    1.000000
1730    1700.7749539984413    1.000000
1731    1701.9829591426032    1.000000
1734    1703.116215034435    1.000000
1737    1704.6322500226247    1.000000
1738    1706.2482913849904    1.000000
1739    1707.9291834241674    1.000000
1741    1710.2503426970736    1.000000
1743    1711.6322975381554    1.000000
1745    1714.2442036485468    1.000000
1746    1716.125846644682    1.000000
1748    1717.1500288282393    1.000000
1749    1718.971073029265    1.000000
1750    1720.1375277859572    1.000000
1752    1721.9374467949754    1.000000
1754    1723.8342090532108    1.000000
1755    1725.6090066257843    1.000000
1757    1727.7137513457849    1.000000
1759    1728.912027194742    1.000000
1760    1730.3905537968303    1.000000
1763    1732.8846004167003    1.000000
1764    1734.4046882468515    1.000000
1765    1735.8168829887597    1.000000
1766    1737.1288405032028    1.000000
1768    1739.3434945264898    1.000000
1769    1740.8429810292303    1.000000
1770    1742.12406511497    1.000000
1771    1743.1737412460436    1.000000
1776    1745.0190156431852    1.000000
1778    1746.7494866516145    1.000000
1779    1748.6512032299954    1.000000
1781    1750.5246954046559    1.000000
1782    1751.7366032810512    1.000000
1783    1753.4558340682227    1.000000
1784    1755.2906174823015    1.000000
1786    1757.2086459780487    1.000000
1788    1758.255102848256    1.000000
1789    1760.1410840387332    1.000000
1790    1761.1836591216224    1.000000
1793    1763.1650333232067    1.000000
1795    1765.4124416475888    1.000000
1797    1766.6953998796582    1.000000
1798    1768.0469247244228    1.000000
1800    1769.1379372859792    1.000000
1803    1770.1976724162241    1.000000
1804    1771.588630772687    1.000000
1805    1773.4302163460745    1.000000
1807    1775.5444617381597    1.000000
1809    1777.0958525874669    1.000000
1811    1778.4594924118694    1.000000
1812    1779.842856821172    1.000000
1814    1781.609285239718    1.000000
1815    1783.1307393114862    1.000000
1816    1784.5983275324954    1.000000
1819    1786.6778254380042    1.000000
1820    1787.7001540020372    1.000000
1821    1789.4153214789342    1.000000
1822    1791.315634573167    1.000000
1823    1792.7146899585089    1.000000
1825    1794.9317431500983    1.000000
1827    1797.1244072664463    1.000000
1829    1798.3001418295685    1.000000
1830    1799.844843267132    1.000000
1832    1801.2523270791646    1.000000
1833    1802.906292320673    1.000000
1834    1804.4167323960337    1.000000
1836    1806.9464607390025    1.000000
1837    1808.1166897932449    1.000000
1839    1810.8410775877708    1.000000
1841    1813.2576861982072    1.000000
1844    1815.4576709461173    1.000000
1846    1817.8826927157413    1.000000
1848    1820.4568531463478    1.000000
1850    1822.4110388843526    1.000000
1853    1824.7912237572752    1.000000
1855    1826.2195201105562    1.000000
1857    1827.5775087374927    1.000000
1858    1829.5359813910723    1.000000
1860    1831.714642752191    1.000000
1864    1834.328631075778    1.000000
1866    1836.5844561242693    1.000000
1867    1837.7745408311462    1.000000
1868    1839.5829267330755    1.000000
1869    1840.718451933451    1.000000
1870    1842.059526414838    1.000000
1872    1844.2779297614966    1.000000
1873    1845.9123221073328    1.000000
1875    1847.2447676833024    1.000000
1877    1849.6776717532912    1.000000
1878    1851.1486130213734    1.000000
1881    1853.8191228668247    1.000000
1882    1855.4804481969786    1.000000
1884    1856.5347131514397    1.000000
1887    1857.995352729676    1.000000
1888    1859.1346710694581    1.000000
1889    1860.5806047746848    1.000000
1890    1861.930205700612    1.000000
1891    1863.817728135181    1.000000
1892    1865.3107940662062    1.000000
1893    1866.8503749888698    1.000000
1894    1867.9306705443605    1.000000
1896    1869.0192821108672    1.000000
1899    1870.436493758371    1.000000
1901    1872.43911421888    1.000000
1903    1874.4798317807454    1.000000
1905    1875.9209010875343    1.000000
1906    1877.4829255127345    1.000000
1909    1879.2126948151938    1.000000
1910    1880.8106617567123    1.000000
1912    1881.8431547799164    1.000000
1914    1883.2884499269944    1.000000
1916    1884.8643688880359    1.000000
1917    1886.169745411068    1.000000
1918    1887.466613517241    1.000000
1919    1888.9064590390035    1.000000
1922    1891.7196412078335    1.000000
1923    1892.952912798343    1.000000
1924    1894.2492111666386    1.000000
1925    1895.8084668692954    1.000000
1926    1896.837161873802    1.000000
1928    1898.3611237479608    1.000000
1929    1900.1205853318404    1.000000
1931    1901.5146109366378    1.000000
1932    1902.8913161040423    1.000000
1934    1904.7564150299836    1.000000
1935    1906.4659509608593    1.000000
1937    1908.6414949954096    1.000000
1938    1909.7552457788956    1.000000
1939    1911.605290497949    1.000000
1940    1913.0260245955849    1.000000
1941    1914.5091847062743    1.000000
1943    1916.2943717672433    1.000000
1944    1917.9529487493573    1.000000
1945    1919.481057452495    1.000000
1947    1921.2814368337988    1.000000
1949    1923.9898635410393    1.000000
1950    1925.9743265003176    1.000000
1952    1927.0392333449424    1.000000
1953    1928.563262082721    1.000000
1956    1929.9982323923339    1.000000
1960    1931.8308629957871    1.000000
1963    1934.5393194402122    1.000000
1964    1935.5498378122006    1.000000
1965    1936.6277302943656    1.000000
1966    1938.4860919115192    1.000000
1968    1940.2864519490763    1.000000
1971    1941.5567198470787    1.000000
1972    1943.2728865888232    1.000000
1973    1944.7474043857205    1.000000
1975    1946.6437399576155    1.000000
1976    1948.2904723800773    1.000000
1977    1949.7510969206785    1.000000
1978    1950.9921856565365    1.000000
1980    1953.3431851032076    1.000000
1982    1954.4198710376513    1.000000
1984    1956.2457663717641    1.000000
1985    1957.3357955308256    1.000000
1987    1959.9060463648352    1.000000
1988    1961.4405702460847    1.000000
1989    1962.821837605798    1.000000
1993    1964.9203839701831    1.000000
1995    1966.7896803554206    1.000000
1997    1969.6421098636788    1.000000
1998    1971.5991854237298    1.000000
1999    1972.7781939131137    1.000000
2000    1973.844563463907    1.000000
2003    1975.42608916612    1.000000
2005    1977.3823848684353    1.000000
2007    1979.8272373759744    1.000000
2008    1981.4761976014458    1.000000
2009    1982.577562944656    1.000000
2010    1984.1412269698005    1.000000
2012    1985.984021380994    1.000000
2013    1987.2622104015327    1.000000
2015    1988.282468318326    1.000000
2016    1989.2921743382597    1.000000
2017    1991.2711963670606    1.000000
2018    1993.2635322618557    1.000000
2019    1994.8293689105615    1.000000
2020    1995.91703614846    1.000000
2022    1997.9210242236095    1.000000
2025    1999.3850044383935    1.000000
2026    2001.1447213825868    1.000000
2027    2002.8662018086002    1.000000
2029    2004.3708284299335    1.000000
2030    2005.3900667704615    1.000000
2031    2006.936878638622    1.000000
2032    2008.8949727838374    1.000000
2033    2010.4652906345789    1.000000
2034    2011.6355220865205    1.000000
2036    2013.6368561653971    1.000000
2037    2015.4474089579296    1.000000
2039    2016.51781878018    1.000000
2040    2017.8382331464832    1.000000
2042    2019.5835329470247    1.000000
2044    2021.050056181543    1.000000
2045    2022.5472388033777    1.000000
2046    2023.9884764065464    1.000000
2047    2025.9416866038957    1.000000
2048    2027.37073451426    1.000000
2049    2029.3182466171197    1.000000
2050    2031.2409984068142    1.000000
2053    2032.6630868944608    1.000000
2055    2034.0160914069031    1.000000
2057    2035.586612710267    1.000000
2059    2037.8612614691162    1.000000
2061    2040.0066055903171    1.000000
2063    2041.404216884912    1.000000
2065    2043.0505921109577    1.000000
2066    2045.0194633839308    1.000000
2068    2046.1531810748058    1.000000
2070    2047.5580785684206    1.000000
2073    2050.1835729760724    1.000000
2075    2051.226787629336    1.000000
2077    2053.311448316631    1.000000
2080    2055.763480807704    1.000000
2082    2057.05105181793    1.000000
2083    2058.6944694044323    1.000000
2084    2059.796927203786    1.000000
2086    2061.140901495667    1.000000
2087    2062.3181343390183    1.000000
2088    2064.2969034409    1.000000
2089    2065.8958943475327    1.000000
2090    2066.9523513793374    1.000000
2091    2068.7259779175006    1.000000
2093    2070.691414631262    1.000000
2094    2072.28600165788    1.000000
2095    2073.8885404279476    1.000000
2098    2076.034730759852    1.000000
2101    2077.557771628317    1.000000
2102    2079.516224490216    1.000000
2103    2080.701904017369    1.000000
2105    2082.6844259848754    1.000000
2106    2084.3361802580707    1.000000
2107    2086.1495073516276    1.000000
2108    2087.882374274128    1.000000
2111    2089.5666145147147    1.000000
2112    2091.401772124447    1.000000
2113    2093.1220111260704    1.000000
2114    2094.201031527534    1.000000
2116    2095.8416974689826    1.000000
2118    2098.154984975125    1.000000
2121    2100.6069703455682    1.000000
2123    2102.4937037585996    1.000000
2124    2103.775039135806    1.000000
2125    2105.5333227736523    1.000000
2126    2107.2118610912485    1.000000
2128    2108.7310261068233    1.000000
2129    2110.2498564492535    1.000000
2130    2111.704991242032    1.000000
2133    2113.999824207065    1.000000
2135    2115.8583313916474    1.000000
2137    2117.6410914922594    1.000000
2140    2120.105648729413    1.000000
2143    2121.6813614626044    1.000000
2145    2123.438108044183    1.000000
2146    2125.041649680236    1.000000
2148    2126.6233483881015    1.000000
2150    2128.000153973284    1.000000
2153    2130.4732998412405    1.000000
2155    2132.3638120926717    1.000000
2156    2133.835430505953    1.000000
2158    2135.514188215861    1.000000
2159    2136.7176534978703    1.000000
2161    2138.0935156949745    1.000000
2163    2139.4590316344193    1.000000
2164    2141.2691740942682    1.000000
2166    2142.4264937009402    1.000000
2168    2143.4845071165555    1.000000
2169    2145.4146039740635    1.000000
2171    2146.6368510922634    1.000000
2172    2148.0015978373226    1.000000
2173    2149.0144005094808    1.000000
2174    2150.4368704144213    1.000000
2175    2151.887578995943    1.000000
2177    2153.8701968668274    1.000000
2178    2155.7043695489897    1.000000
2180    2157.909469785575    1.000000
2181    2159.3012683197153    1.000000
2184    2161.3698786897385    1.000000
2186    2163.839849496476    1.000000
2187    2165.444099452594    1.000000
2188    2167.175337634512    1.000000
2190    2168.2178777218874    1.000000
2193    2169.9194154952024    1.000000
2195    2171.8603364319038    1.000000
2196    2173.0719806192956    1.000000
2198    2175.8239793225052    1.000000
2199    2177.104623458072    1.000000
2201    2178.6829845844973    1.000000
2202    2179.7073488024866    1.000000
2203    2181.2668584138655    1.000000
2204    2182.6830950184785    1.000000
2206    2184.4001164985184    1.000000
2209    2186.795103375705    1.000000
2212    2188.7475279321716    1.000000
2213    2190.6790181676693    1.000000
2214    2192.509756801916    1.000000
2215    2193.593206604872    1.000000
2216    2194.994059893741    1.000000
2218    2196.5580978347466    1.000000
2219    2197.796611238855    1.000000
2220    2198.8518488643917    1.000000
2222    2200.0379590754314    1.000000
2223    2201.5932025536854    1.000000
2224    2203.0424864020138    1.000000
2226    2205.8806049387545    1.000000
2227    2207.4500326042403    1.000000
2228    2209.119979935443    1.000000
2229    2210.7850064579525    1.000000
2231    2212.8004051097037    1.000000
2233    2213.8260349725074    1.000000
2234    2214.962195428423    1.000000
2236    2216.2622549785065    1.000000
2238    2217.3404580404986    1.000000
2240    2219.3078032402395    1.000000
2242    2220.3828772017887    1.000000
2243    2221.9914667844096    1.000000
2246    2223.6854197246    1.000000
2248    2224.695836464429    1.000000
2250    2226.0429181072946    1.000000
2251    2227.1230382975286    1.000000
2255    2228.2083777120915    1.000000
2257    2230.2825489353504    1.000000
2258    2231.5977806150267    1.000000
2259    2232.840484664116    1.000000
2260    2234.738003812306    1.000000
2262    2237.1706495742437    1.000000
2263    2238.4061782718354    1.000000
2265    2240.2203175286813    1.000000
2267    2241.8825530136705    1.000000
2268    2242.9633574433965    1.000000
2270    2244.0560134541724    1.000000
2272    2245.471950279492    1.000000
2274    2247.577968405883    1.000000
2275    2249.1848187333517    1.000000
2276    2250.565568606555    1.000000
2277    2252.4900489684164    1.000000
2278    2254.2708008120044    1.000000
2282    2255.751824638399    1.000000
2284    2257.2308164475558    1.000000
2286    2259.25977551235    1.000000
2287    2260.717027828992    1.000000
2290    2262.633692622896    1.000000
2291    2264.4577253350076    1.000000
2293    2266.4615122361024    1.000000
2295    2268.5680962091324    1.000000
2298    2270.2657842186463    1.000000
2299    2271.370841726616    1.000000
2300    2272.42892461825    1.000000
2302    2273.9614084398063    1.000000
2303    2275.3467649628183    1.000000
2304    2277.294233888321    1.000000
2305    2278.8219294646165    1.000000
2306    2280.7889108867666    1.000000
2307    2281.900966312404    1.000000
2309    2283.171034478287    1.000000
2310    2285.0504091907906    1.000000
2311    2286.645558851289    1.000000
2313    2288.9305343336987    1.000000
2316    2291.3592043877297    1.000000
2317    2293.22239039117    1.000000
2318    2294.9535949253614    1.000000
2319    2296.002593302394    1.000000
2321    2298.087155026854    1.000000
2323    2299.93999537086    1.000000
2325    2302.4983755452836    1.000000
2327    2304.023410519765    1.000000
2328    2305.3549681257923    1.000000
2330    2307.3319609303644    1.000000
2332    2308.688621996179    1.000000
2335    2311.2254942449977    1.000000
2337    2312.4419985178038    1.000000
2338    2314.3595763932117    1.000000
2340    2315.3956724712443    1.000000
2341    2316.730163888316    1.000000
2343    2318.2478665427307    1.000000
2345    2320.3076934514984    1.000000
2346    2321.931057308021    1.000000
2347    2323.5826209701827    1.000000
2349    2325.9089819746823    1.000000
2350    2327.169573045404    1.000000
2351    2329.012909966903    1.000000
2352    2331.0000630211684    1.000000
2354    2332.3395964799124    1.000000
2355    2333.434117548263    1.000000
2357    2335.9432147420803    1.000000
2359    2338.039863182423    1.000000
2361    2339.7288915935837    1.000000
2362    2341.708088318491    1.000000
2363    2343.2921725944598    1.000000
2365    2345.057660179726    1.000000
2366    2347.003165511008    1.000000
2367    2348.0362272052466    1.000000
2370    2350.161221286286    1.000000
2371    2351.7961338912505    1.000000
2372    2353.382998131804    1.000000
2375    2355.3092993925866    1.000000
2377    2357.40518629919    1.000000
2380    2359.898784098502    1.000000
2381    2361.3247910568566    1.000000
2383    2362.6456976036357    1.000000
2384    2363.9200169646238    1.000000
2385    2365.0886854266078    1.000000
2386    2366.416979602362    1.000000
2387    2368.224742240394    1.000000
2388    2369.4232868701038    1.000000
2389    2370.599444879376    1.000000
2392    2372.143258596687    1.000000
2393    2373.815319491909    1.000000
2394    2375.8075911852025    1.000000
2398    2377.3988565690984    1.000000
2399    2379.1489290463255    1.000000
2400    2381.0572995710345    1.000000
2401    2382.1435911337153    1.000000
2403    2383.8904468995124    1.000000
2405    2386.127592315751    1.000000
2407    2388.8901754522135    1.000000
2410    2391.3470979528365    1.000000
2411    2392.7668112842784    1.000000
2413    2394.2441658298326    1.000000
2414    2395.9664083188395    1.000000
2417    2397.547538294867    1.000000
2418    2399.341989981946    1.000000
2419    2400.6406092997036    1.000000
2420    2402.5614086744617    1.000000
2424    2404.5616242754227    1.000000
2426    2406.6249517743495    1.000000
2428    2407.724659454327    1.000000
2429    2409.107660140928    1.000000
2430    2410.7124525760332    1.000000
2432    2412.7572666411666    1.000000
2433    2414.0742021433234    1.000000
2434    2415.4676535604153    1.000000
2438    2416.9361496205374    1.000000
2440    2419.5504196441693    1.000000
2443    2420.5896837645496    1.000000
2444    2422.1970116159087    1.000000
2445    2423.6689954705275    1.000000
2446    2425.394920149501    1.000000
2447    2426.635831059752    1.000000
2448    2427.759206173775    1.000000
2449    2429.2867518631824    1.000000
2450    2430.8075323010316    1.000000
2451    2431.8741775936965    1.000000
2452    2432.895267761206    1.000000
2453    2434.231485683262    1.000000
2454    2435.4071364499537    1.000000
2457    2436.9132675896067    1.000000
2459    2438.8727693213095    1.000000
2460    2440.2135714227084    1.000000
2461    2441.666110505877    1.000000
2462    2443.2700774784403    1.000000
2465    2445.728078918864    1.000000
2468    2447.828626429195    1.000000
2469    2449.1484484283064    1.000000
2470    2451.089916928852    1.000000
2471    2452.9618090613294    1.000000
2472    2454.289826669328    1.000000
2475    2456.679714356555    1.000000
2477    2457.9446294275467    1.000000
2478    2459.9016869182046    1.000000
2479    2461.622461523919    1.000000
2480    2462.869693058449    1.000000
2484    2465.3554317149074    1.000000
2485    2466.4761426367604    1.000000
2487    2467.988084762766    1.000000
2489    2469.308521854281    1.000000
2490    2470.962427482573    1.000000
2491    2472.470128829537    1.000000
2493    2474.4065940720557    1.000000
2496    2476.17147125166    1.000000
2498    2478.7361536837643    1.000000
2501    2480.9104046185935    1.000000
2503    2482.29685331468    1.000000
2504    2483.929254412333    1.000000
2506    2485.215259122873    1.000000
2508    2487.652224151484    1.000000
2510    2489.584790808396    1.000000
2512    2491.0716225128194    1.000000
2513    2492.343062864619    1.000000
2515    2493.4980113727715    1.000000
2517    2496.147710817789    1.000000
2518    2497.469300377677    1.000000
2519    2499.35746710387    1.000000
2520    2500.3979613890215    1.000000
2522    2502.220684197727    1.000000
2523    2503.7956487733786    1.000000
2525    2506.0738647384555    1.000000
2527    2508.127914324766    1.000000
2529    2509.2187975279817    1.000000
2530    2510.4734244531683    1.000000
2532    2512.973807804165    1.000000
2533    2514.466759876369    1.000000
2534    2516.1808401753538    1.000000
2536    2517.3355722491597    1.000000
2537    2519.149222264295    1.000000
2539    2520.559359689499    1.000000
2540    2522.2298353444316    1.000000
2543    2524.131660565468    1.000000
2544    2525.377532019203    1.000000
2546    2528.351764017889    1.000000
2547    2529.956682213477    1.000000
2549    2531.716515349618    1.000000
2550    2532.7332622604617    1.000000
2551    2534.722931781309    1.000000
2552    2535.9448821874785    1.000000
2555    2537.8542981543437    1.000000
2558    2539.973351951155    1.000000
2560    2542.283656814994    1.000000
2561    2543.803205216488    1.000000
2563    2545.8681350078855    1.000000
2565    2547.562841665225    1.000000
2567    2549.7157596165302    1.000000
2568    2551.0914653513355    1.000000
2569    2552.2732528405436    1.000000
2571    2553.4560839599776    1.000000
2573    2555.755616704669    1.000000
2575    2557.5837482638926    1.000000
2576    2559.1659008908705    1.000000
2578    2560.172201909019    1.000000
2579    2561.992612244311    1.000000
2580    2563.8070074408506    1.000000
2582    2565.220555903165    1.000000
2584    2567.0529423742687    1.000000
2586    2569.339521536822    1.000000
2588    2570.693882089587    1.000000
2589    2572.555686266128    1.000000
2592    2574.812401922338    1.000000
2594    2576.0548883962138    1.000000
2597    2577.2991463286917    1.000000
2599    2578.7832024758322    1.000000
2601    2580.469149497247    1.000000
2603    2581.601249513974    1.000000
2604    2582.7042452007504    1.000000
2605    2584.0679241337257    1.000000
2606    2585.1694660210355    1.000000
2607    2586.5325912533663    1.000000
2608    2587.6103544157672    1.000000
2610    2589.24770774185    1.000000
2614    2591.977601969886    1.000000
2616    2594.456407900668    1.000000
2618    2595.8208254365168    1.000000
2619    2597.042792468563    1.000000
2620    2598.6058936995455    1.000000
2622    2600.400715947278    1.000000
2625    2602.9607949852716    1.000000
2626    2604.22971275987    1.000000
2627    2606.119000851011    1.000000
2630    2607.150385472897    1.000000
2632    2608.764855764692    1.000000
2635    2611.210439225485    1.000000
2638    2613.2954249558625    1.000000
2639    2615.262477444637    1.000000
2640    2616.7372095115365    1.000000
2641    2617.934025410624    1.000000
2643    2619.154274612148    1.000000
2646    2620.1548843164032    1.000000
2647    2621.6663237353932    1.000000
2648    2622.9443693268777    1.000000
2649    2624.663054831291    1.000000
2650    2626.5100207628616    1.000000
2652    2628.3021162863893    1.000000
2653    2629.7220068345337    1.000000
2654    2631.551704017311    1.000000
2655    2632.7532207314302    1.000000
2656    2634.0704709265424    1.000000
2657    2635.369285154629    1.000000
2658    2637.1923043842594    1.000000
2660    2638.3791048011217    1.000000
2662    2639.63580049176    1.000000
2664    2641.6291515746525    1.000000
2668    2644.0969632013052    1.000000
2669    2645.676843937538    1.000000
2671    2647.136323730471    1.000000
2672    2648.734975872339    1.000000
2673    2650.396546478076    1.000000
2675    2652.9727950879164    1.000000
2677    2655.7489800357025    1.000000
2679    2657.9313804550534    1.000000
2680    2659.0385147179313    1.000000
2681    2660.046704769732    1.000000
2682    2661.4347539641167    1.000000
2684    2663.1743883566696    1.000000
2686    2665.1962339158003    1.000000
2687    2666.2561516463247    1.000000
2689    2667.786342185912    1.000000
2691    2669.742540332907    1.000000
2693    2671.4856183064303    1.000000
2694    2673.1964233404947    1.000000
2696    2675.8133935157484    1.000000
2698    2677.2401799515324    1.000000
2700    2678.7427763028954    1.000000
2701    2679.9891298317316    1.000000
2704    2681.8325542372822    1.000000
2706    2682.835716617319    1.000000
2708    2684.5832255755467    1.000000
2709    2685.865022262612    1.000000
2711    2687.846395085372    1.000000
2712    2689.1486086827467    1.000000
2714    2690.976763758729    1.000000
2715    2692.14102955718    1.000000
2716    2693.2140629681758    1.000000
2717    2694.639829874839    1.000000
2719    2695.795759382324    1.000000
2722    2698.4774463300782    1.000000
2724    2700.5408831502195    1.000000
2726    2702.0373086368686    1.000000
2728    2704.1347072508524    1.000000
2729    2705.863393981236    1.000000
2731    2706.9791161550456    1.000000
2732    2707.9995793506405    1.000000
2733    2709.1768440635096    1.000000
2734    2710.5348459018123    1.000000
2737    2711.7501104429316    1.000000
2738    2712.986138587622    1.000000
2739    2714.820318566428    1.000000
2741    2716.6142338850805    1.000000
2743    2718.106752378635    1.000000
2745    2719.1804471894757    1.000000
2747    2720.274607984071    1.000000
2750    2722.906486091537    1.000000
2751    2724.5582521376973    1.000000
2753    2726.805463699441    1.000000
2754    2728.440324048192    1.000000
2755    2730.1246513887863    1.000000
2758    2732.3418494212488    1.000000
2759    2733.602699407593    1.000000
2760    2735.490926457149    1.000000
2761    2736.9611378139425    1.000000
2764    2738.5905673082534    1.000000
2765    2740.0432164326703    1.000000
2768    2741.945600148456    1.000000
2769    2743.0705307871353    1.000000
2770    2744.7719775840133    1.000000
2772    2747.630154753334    1.000000
2774    2749.153326990638    1.000000
2776    2751.7341423814496    1.000000
2777    2753.5885247009096    1.000000
2778    2755.201763604071    1.000000
2780    2756.519127715248    1.000000
2782    2757.9954094476334    1.000000
2783    2759.7610383045503    1.000000
2784    2760.945458863962    1.000000
2786    2763.195735888963    1.000000
2788    2764.8237919691246    1.000000
2789    2766.2784700255856    1.000000
2790    2767.5099213076346    1.000000
2791    2769.31189683303    1.000000
2792    2770.55984230221    1.000000
2794    2771.653761139191    1.000000
2795    2772.8483186747144    1.000000
2796    2773.900784843541    1.000000
2797    2775.519080893233    1.000000
2798    2777.0273195601517    1.000000
2800    2779.6192587614355    1.000000
2801    2780.873129175319    1.000000
2803    2781.999652423075    1.000000
2805    2784.432079482804    1.000000
2809    2786.972292904386    1.000000
2810    2788.8288094826244    1.000000
2812    2789.919042811941    1.000000
2814    2791.6850321738234    1.000000
2817    2793.8252628393752    1.000000
2818    2795.255571219394    1.000000
2820    2796.4882234174083    1.000000
2821    2798.1909306737666    1.000000
2823    2799.264606400406    1.000000
2824    2800.414143465118    1.000000
2825    2801.7506480402294    1.000000
2826    2802.7958950598813    1.000000
2827    2804.2585454777295    1.000000
2828    2805.641544963132    1.000000
2830    2807.220075666009    1.000000
2832    2808.3810419106962    1.000000
2834    2810.2311187938944    1.000000
2835    2811.3816612106107    1.000000
2836    2812.953574376149    1.000000
2837    2814.1404488207    1.000000
2840    2816.5917413659445    1.000000
2841    2817.615904265392    1.000000
2842    2818.6580629117707    1.000000
2845    2819.976653768499    1.000000
2848    2822.5862264090574    1.000000
2852    2823.6710796616326    1.000000
2854    2826.1936545475655    1.000000
2856    2828.374448902509    1.000000
2858    2830.9994735221826    1.000000
2860    2832.9722980517613    1.000000
2862    2834.302845863183    1.000000
2863    2835.4206190899235    1.000000
2865    2837.597168128069    1.000000
2866    2839.060138405447    1.000000
2868    2840.352670410427    1.000000
2869    2841.7082496935905    1.000000
2872    2843.5521357491243    1.000000
2873    2845.2403792881737    1.000000
2874    2847.1480254477424    1.000000
2875    2848.6176388163676    1.000000
2876    2850.280420474221    1.000000
2877    2851.951886459552    1.000000
2878    2853.196809707887    1.000000
2882    2855.1030314488116    1.000000
2883    2856.9725265713637    1.000000
2884    2858.4789488650335    1.000000
2886    2859.935815425544    1.000000
2888    2861.5779242122235    1.000000
2890    2863.4044021296495    1.000000
2891    2864.865597341986    1.000000
2895    2866.5001971388924    1.000000
2896    2868.1388564964227    1.000000
2898    2870.554715142022    1.000000
2899    2871.9757115474818    1.000000
2900    2873.932636695185    1.000000
2901    2875.2169461752396    1.000000
2903    2877.375524019696    1.000000
2905    2879.630696258524    1.000000
2906    2880.757040087312    1.000000
2907    2881.9134373902702    1.000000
2909    2883.5602811644567    1.000000
2912    2885.314125992078    1.000000
2914    2886.6052297925457    1.000000
2915    2888.5515545430885    1.000000
2916    2889.7016051436817    1.000000
2917    2891.202600784579    1.000000
2918    2893.1482425242016    1.000000
2920    2895.2743654729966    1.000000
2921    2896.4011093273402    1.000000
2922    2897.4713655523906    1.000000
2924    2898.896392778328    1.000000
2925    2899.9498467902567    1.000000
2928    2902.1362471222506    1.000000
2930    2903.41963119386    1.000000
2932    2905.478707631386    1.000000
2933    2906.859214659875    1.000000
2934    2908.774454732007    1.000000
2935    2910.133321438371    1.000000
2937    2912.390508129494    1.000000
2939    2913.6353902188084    1.000000
2940    2915.3444468844236    1.000000
2942    2917.7143313358933    1.000000
2943    2919.3129473256918    1.000000
2944    2920.342049531842    1.000000
2946    2922.175216215598    1.000000
2947    2924.1280192027434    1.000000
2950    2925.659170074771    1.000000
2953    2927.4290704944874    1.000000
2956    2929.0773371891037    1.000000
2959    2931.7747315357774    1.000000
2962    2933.208570092008    1.000000
2963    2934.3498388572107    1.000000
2964    2936.0184967895393    1.000000
2966    2937.5511738253863    1.000000
2967    2939.0489362387543    1.000000
2968    2940.8652848638885    1.000000
2970    2942.388688453045    1.000000
2971    2943.4871211378004    1.000000
2973    2945.2078750032674    1.000000
2975    2946.778139242981    1.000000
2976    2948.1349515308652    1.000000
2977    2949.8970029838933    1.000000
2979    2951.63526928402    1.000000
2980    2953.095724953067    1.000000
2981    2954.7342613767078    1.000000
2982    2956.4100893613886    1.000000
2985    2959.14221398747    1.000000
2987    2960.295387208194    1.000000
2988    2961.5835847385    1.000000
2990    2964.2052624348935    1.000000
2992    2965.938118269046    1.000000
2993    2967.935044801553    1.000000
2995    2969.243683036106    1.000000
2996    2970.896360333761    1.000000
2998    2973.2648824287885    1.000000
2999    2975.133187187218    1.000000
3001    2976.8726894267456    1.000000
3003    2979.4209325001593    1.000000
3006    2980.53676760333    1.000000
3007    2982.3693831948467    1.000000
3008    2983.6251081580804    1.000000
3009    2985.497259606632    1.000000
3010    2987.3190787166836    1.000000
3011    2988.855487055418    1.000000
3014    2990.41369097927    1.000000
3015    2991.8766220810367    1.000000
3016    2993.2431936409803    1.000000
3017    2994.7317093524975    1.000000
3018    2996.195024330452    1.000000
3019    2998.118033625935    1.000000
3021    2999.7444249314212    1.000000
3023    3001.0941653620393    1.000000
3024    3002.9960423592775    1.000000
3027    3004.8946202805137    1.000000
3029    3006.135906865656    1.000000
3031    3007.611295744186    1.000000
3032    3009.470963478692    1.000000
3034    3011.885759534912    1.000000
3038    3014.200896052175    1.000000
3039    3015.8810496011843    1.000000
3043    3017.910314083531    1.000000
3044    3019.230864410057    1.000000
3046    3021.032822533315    1.000000
3047    3022.809780487867    1.000000
3048    3024.470295142849    1.000000
3050    3026.5042425703928    1.000000
3052    3028.9477450080076    1.000000
3053    3030.5597113147332    1.000000
3056    3032.253307972532    1.000000
3057    3034.089035573696    1.000000
3059    3035.2584040371066    1.000000
3060    3036.911149087261    1.000000
3061    3038.839889167404    1.000000
3063    3040.40045388471    1.000000
3065    3042.0056597564458    1.000000
3067    3044.2700928243526    1.000000
3069    3045.7874128931344    1.000000
3071    3048.0711370012295    1.000000
3072    3049.505856062112    1.000000
3073    3050.9425590839783    1.000000
3074    3052.6827322923896    1.000000
3075    3054.410944532166    1.000000
3079    3056.7992668148654    1.000000
3081    3058.7140318067577    1.000000
3083    3061.32169339133    1.000000
3084    3063.0816554530434    1.000000
3086    3065.782443754408    1.000000
3087    3066.860255327391    1.000000
3088    3068.01301015327    1.000000
3092    3070.159062154709    1.000000
3094    3072.6440838204016    1.000000
3095    3073.998290302195    1.000000
3096    3075.9432783491775    1.000000
3097    3077.6967941482894    1.000000
3098    3079.195556893505    1.000000
3100    3081.7592209632817    1.000000
3102    3083.216705514781    1.000000
3104    3084.618683805103    1.000000
3105    3086.518791256515    1.000000
3106    3088.5005071918354    1.000000
3107    3089.9731279652065    1.000000
3108    3091.717664633395    1.000000
3110    3094.267527858298    1.000000
3111    3096.1023581431    1.000000
3112    3097.6614568315067    1.000000
3115    3099.347497830147    1.000000
3116    3100.904371536538    1.000000
3118    3102.595915247067    1.000000
3120    3104.4694307143227    1.000000
3122    3106.133513600624    1.000000
3123    3108.092620937617    1.000000
3124    3109.640711196559    1.000000
3125    3110.906487494008    1.000000
3127    3112.7031198245027    1.000000
3129    3114.0077627162173    1.000000
3132    3115.578698227819    1.000000
3133    3117.452997194687    1.000000
3135    3118.479225306915    1.000000
3137    3120.069490381787    1.000000
3138    3121.520217945919    1.000000
3139    3123.515602214276    1.000000
3140    3124.781408346569    1.000000
3141    3125.8069037394057    1.000000
3142    3126.9415597476896    1.000000
3143    3128.8904412604143    1.000000
3144    3130.1545309215207    1.000000
3145    3131.8683568545803    1.000000
3147    3133.7104550558242    1.000000
3148    3135.701338884296    1.000000
3150    3136.9228997225114    1.000000
3152    3139.705728895705    1.000000
3155    3141.845653777106    1.000000
3157    3144.3046322558052    1.000000
3158    3145.9442569961952    1.000000
3159    3146.949829090165    1.000000
3160    3148.2860231246614    1.000000
3161    3149.9563025511106    1.000000
3164    3151.5179850720997    1.000000
3166    3153.3840595104325    1.000000
3168    3155.510141562842    1.000000
3170    3156.642653784482    1.000000
3173    3158.932762773621    1.000000
3174    3160.2173083501443    1.000000
3175    3161.884383325393    1.000000
3176    3163.601607574978    1.000000
3177    3165.4505984678995    1.000000
3178    3166.839738584445    1.000000
3179    3168.0264074409624    1.000000
3181    3169.476723465387    1.000000
3183    3171.535847088858    1.000000
3184    3173.1675317864174    1.000000
3185    3175.0725303075    1.000000
3188    3177.52586943862    1.000000
3189    3178.6040529321244    1.000000
3190    3180.069961288687    1.000000
3191    3181.9016173363625    1.000000
3195    3182.976533522114    1.000000
3197    3184.536567633907    1.000000
3200    3186.4247626729516    1.000000
3201    3188.2726471046767    1.000000
3202    3189.6294293590445    1.000000
3203    3191.298216961987    1.000000
3207    3193.6882601446355    1.000000
3209    3194.82945845618    1.000000
3210    3196.6266168076772    1.000000
3211    3197.914604189285    1.000000
3213    3200.256448768618    1.000000
3214    3201.7164526847    1.000000
3216    3203.3930032722906    1.000000
3217    3204.6236878940476    1.000000
3218    3205.778836722167    1.000000
3222    3207.535714388873    1.000000
3223    3208.7180822771843    1.000000
3227    3209.891020110471    1.000000
3228    3211.486993083305    1.000000
3229    3212.913465859091    1.000000
3231    3215.406255926436    1.000000
3232    3216.846660343681    1.000000
3235    3219.1877850765745    1.000000
3237    3221.2991389311783    1.000000
3238    3222.502820981819    1.000000
3240    3224.8629607846087    1.000000
3241    3226.4820243234512    1.000000
3242    3228.001447220349    1.000000
3244    3229.026392978891    1.000000
3246    3230.897041722966    1.000000
3248    3232.1383183283942    1.000000
3249    3233.661904661364    1.000000
3251    3235.6713679938803    1.000000
3252    3237.411399802585    1.000000
3254    3240.1399072742706    1.000000
3257    3242.0932479443186    1.000000
3258    3243.453763840184    1.000000
3259    3244.6133340241918    1.000000
3261    3247.3120006783456    1.000000
3262    3249.2009863880726    1.000000
3264    3251.27930052789    1.000000
3265    3252.4042924257387    1.000000
3266    3253.9131523909623    1.000000
3267    3254.947202304361    1.000000
3269    3256.212128024013    1.000000
3270    3257.509865048835    1.000000
3271    3259.030447925856    1.000000
3273    3261.048558133419    1.000000
3275    3263.732190382767    1.000000
3277    3264.7579383717343    1.000000
3279    3265.9198723949326    1.000000
3281    3267.212791880583    1.000000
3282    3269.0935967842297    1.000000
3284    3270.3162071215734    1.000000
3285    3272.0518358201225    1.000000
3286    3273.23724128871    1.000000
3287    3274.7607477648635    1.000000
3290    3277.20670195918    1.000000
3291    3278.7787767599702    1.000000
3292    3279.9114896342367    1.000000
3293    3280.9942518799844    1.000000
3294    3282.0513045491793    1.000000
3296    3283.109381874999    1.000000
3298    3284.885000056225    1.000000
3302    3287.068535713809    1.000000
3304    3289.678454221631    1.000000
3306    3291.7558375569283    1.000000
3309    3293.1776714571347    1.000000
3311    3295.087505703444    1.000000
3314    3296.2499337503377    1.000000
3316    3298.682896671005    1.000000
3319    3300.0399740328435    1.000000
3320    3301.896796373075    1.000000
3321    3303.63147800488    1.000000
3322    3305.022876680224    1.000000
3325    3307.5475497518632    1.000000
3327    3309.2767523729963    1.000000
3328    3310.8944160190945    1.000000
3330    3313.043450997137    1.000000
3332    3315.2352655882637    1.000000
3333    3316.3178563679758    1.000000
3335    3318.37083607266    1.000000
3337    3320.8665625947106    1.000000
3339    3323.608769035252    1.000000
3340    3324.7935207037385    1.000000
3342    3325.803496982601    1.000000
3344    3327.2928794522486    1.000000
3345    3328.8245897814986    1.000000
3348    3331.098453779863    1.000000
3351    3333.2441548436564    1.000000
3352    3334.607629628416    1.000000
3354    3336.7414955790964    1.000000
3355    3338.5100871519594    1.000000
3357    3340.5192027177663    1.000000
3358    3342.257561381968    1.000000
3359    3343.7991179942383    1.000000
3360    3345.742965813488    1.000000
3362    3347.717902176757    1.000000
3363    3349.374614074262    1.000000
3365    3351.8368284506987    1.000000
3366    3353.664738568411    1.000000
3368    3355.7453936477746    1.000000
3370    3357.7305730394364    1.000000
3373    3359.2033935679788    1.000000
3374    3360.2800812258256    1.000000
3376    3363.0086085440907    1.000000
3378    3365.4130325228725    1.000000
3380    3368.1871711943977    1.000000
3381    3369.5786171985364    1.000000
3383    3371.470707040841    1.000000
3384    3372.803912960979    1.000000
3386    3374.963375443267    1.000000
3387    3375.990211264383    1.000000
3388    3377.011281107574    1.000000
3392    3378.081388933466    1.000000
3393    3379.714145790123    1.000000
3394    3381.5981437890932    1.000000
3396    3382.8720820148537    1.000000
3397    3384.5337320444855    1.000000
3399    3386.4354274701423    1.000000
3400    3387.5498462777264    1.000000
3402    3388.751402648962    1.000000
3404    3391.021638791546    1.000000
3409    3392.735994908581    1.000000
3410    3393.873493521217    1.000000
3412    3396.854923941583    1.000000
3415    3398.911714358709    1.000000
3416    3400.6157863058097    1.000000
3417    3401.9960915753695    1.000000
3418    3403.5990454013668    1.000000
3420    3405.7500380655924    1.000000
3421    3407.4947801188873    1.000000
3423    3409.177981947729    1.000000
3425    3410.559914762309    1.000000
3426    3411.631791794519    1.000000
3428    3413.962572462094    1.000000
3431    3415.3525013129097    1.000000
3432    3417.08150711851    1.000000
3433    3419.0581088514778    1.000000
3436    3420.607854612142    1.000000
3438    3422.2935070733683    1.000000
3440    3424.3450709742474    1.000000
3442    3425.9598028522114    1.000000
3443    3427.7596452206585    1.000000
3444    3429.379887170498    1.000000
3447    3430.5991285296923    1.000000
3448    3432.160005952452    1.000000
3450    3434.2157431626347    1.000000
3451    3435.477023149878    1.000000
3453    3437.4075389193795    1.000000
3456    3438.9046072461647    1.000000
3459    3440.184517595391    1.000000
3460    3441.508396511761    1.000000
3462    3443.940529410475    1.000000
3463    3444.973897555146    1.000000
3464    3446.0442856420937    1.000000
3466    3447.0695476371593    1.000000
3468    3448.1790118651393    1.000000
3469    3449.9862413077094    1.000000
3471    3451.535174338226    1.000000
3472    3453.4693130895885    1.000000
3473    3455.417513177431    1.000000
3475    3457.0945855984273    1.000000
3476    3458.4093381987104    1.000000
3477    3459.5148891298095    1.000000
3478    3460.631401511397    1.000000
3480    3462.9072276487336    1.000000
3481    3464.861103313437    1.000000
3484    3466.7838385878144    1.000000
3485    3468.3598563548426    1.000000
3487    3469.6642180444032    1.000000
3489    3471.3422018586275    1.000000
3491    3473.531642580843    1.000000
3493    3475.6970274186074    1.000000
3495    3477.3906357239935    1.000000
3497    3479.852294085213    1.000000
3499    3481.8506799744696    1.000000
3500    3483.619978417076    1.000000
3502    3485.3593486201576    1.000000
3504    3487.226541193692    1.000000
3505    3488.6117523457965    1.000000
3507    3490.918651775787    1.000000
3508    3492.5945480091655    1.000000
3509    3494.0147268382257    1.000000
3510    3495.9245852948156    1.000000
3511    3497.8138643125617    1.000000
3512    3499.5538522834495    1.000000
3513    3500.8166599873525    1.000000
3514    3502.1843307626245    1.000000
3515    3503.595238207853    1.000000
3516    3504.6408144877873    1.000000
3520    3506.410910939519    1.000000
3522    3508.662886178416    1.000000
3525    3510.941620064777    1.000000
3527    3512.2055626192177    1.000000
3530    3513.5326011207044    1.000000
3532    3515.0394940502983    1.000000
3534    3516.399271505578    1.000000
3535    3517.536043113966    1.000000
3537    3519.464591365149    1.000000
3538    3521.3194511875063    1.000000
3539    3523.150596244019    1.000000
3540    3524.2019565749097    1.000000
3543    3525.474835492741    1.000000
3546    3527.6136514342925    1.000000
3547    3528.9311093498304    1.000000
3548    3530.6954570583734    1.000000
3549    3532.616202194101    1.000000
3551    3534.546736581916    1.000000
3553    3536.8930374984484    1.000000
3555    3539.367498761083    1.000000
3557    3540.544647449538    1.000000
3558    3542.194671622692    1.000000
3560    3543.196697054729    1.000000
3563    3545.1070521575302    1.000000
3565    3546.504174758991    1.000000
3568    3549.2752209868136    1.000000
3569    3550.8189959531946    1.000000
3570    3552.6233524711893    1.000000
3572    3553.847923568017    1.000000
3574    3556.4314505918956    1.000000
3577    3558.9839964114217    1.000000
3580    3561.5853747552346    1.000000
3582    3563.509901033548    1.000000
3583    3565.0305958430113    1.000000
3585    3566.2713743582754    1.000000
3586    3567.82266154739    1.000000
3588    3569.6752440521173    1.000000
3590    3570.863859406922    1.000000
3591    3572.273307715448    1.000000
3592    3574.093007598045    1.000000
3594    3576.0342681436896    1.000000
3595    3577.137654105922    1.000000
3596    3578.767187857142    1.000000
3598    3581.0958889333688    1.000000
3602    3583.2287670576684    1.000000
3603    3584.8787134392287    1.000000
3604    3585.9859401881945    1.000000
3605    3586.9997452820307    1.000000
3607    3589.4970329577704    1.000000
3608    3590.997782457162    1.000000
3610    3592.7972175736313    1.000000
3612    3594.428253884691    1.000000
3613    3596.017017052858    1.000000
3614    3597.699927864969    1.000000
3616    3598.8734106456573    1.000000
3618    3600.554675368201    1.000000
3620    3602.506392041163    1.000000
3621    3603.580235508651    1.000000
3622    3605.0001087470037    1.000000
3624    3606.232552997069    1.000000
3625    3607.9525701569783    1.000000
3627    3609.3190171786614    1.000000
3629    3611.7043243845324    1.000000
3631    3613.874382438964    1.000000
3633    3615.2462454093284    1.000000
3636    3617.418744829276    1.000000
3639    3619.134867933892    1.000000
3640    3620.801746896139    1.000000
3643    3622.1723151852098    1.000000
3645    3625.0289725768994    1.000000
3646    3626.8581746858295    1.000000
3647    3628.040931083938    1.000000
3648    3629.44830547835    1.000000
3649    3630.7151459919824    1.000000
3651    3631.7574954618253    1.000000
3653    3632.8272952426664    1.000000
3655    3635.167636240307    1.000000
3657    3636.8901128383677    1.000000
3660    3638.0163996307806    1.000000
3662    3639.697785971873    1.000000
3664    3641.6755745597216    1.000000
3665    3643.62950972775    1.000000
3666    3645.413753392714    1.000000
3668    3646.8091903170207    1.000000
3670    3648.0622034542503    1.000000
3671    3649.1842658286305    1.000000
3674    3650.5593538649046    1.000000
3678    3652.3611303601765    1.000000
3679    3653.6304263553156    1.000000
3680    3655.1353517783723    1.000000
3683    3656.223278252442    1.000000
3684    3657.3324328835847    1.000000
3685    3659.062319203349    1.000000
3686    3660.5062395528676    1.000000
3689    3663.229349690256    1.000000
3690    3664.8780013436794    1.000000
3691    3665.9456622196158    1.000000
3693    3668.5394278468675    1.000000
3695    3670.6330086238913    1.000000
3698    3672.878235979904    1.000000
3699    3674.1690784038046    1.000000
3701    3675.4688627206197    1.000000
3703    3676.6531387985683    1.000000
3704    3677.9039160236402    1.000000
3705    3679.2928340692374    1.000000
3707    3680.3030801126965    1.000000
3708    3682.042079520032    1.000000
3709    3683.3294074887704    1.000000
3710    3685.312884914906    1.000000
3712    3686.503801253891    1.000000
3714    3688.409241048315    1.000000
3717    3689.759096573028    1.000000
3718    3691.2142327621177    1.000000
3719    3693.0567512131265    1.000000
3721    3694.5169154123287    1.000000
3723    3696.6351634754014    1.000000
3725    3698.1335548445336    1.000000
3728    3700.54263182349    1.000000
3729    3701.609380856827    1.000000
3730    3702.868300965666    1.000000
3732    3704.104175778614    1.000000
3733    3705.771412230609    1.000000
3736    3707.3350999317868    1.000000
3737    3709.2571626508684    1.000000
3738    3710.879092808146    1.000000
3740    3712.1210039126286    1.000000
3741    3713.589469473476    1.000000
3743    3715.62373281262    1.000000
3746    3717.501205532584    1.000000
3747    3719.2864330565862    1.000000
3749    3721.627126461057    1.000000
3751    3722.8919012646566    1.000000
3752    3724.2765615923263    1.000000
3754    3726.857038969291    1.000000
3757    3729.190090295689    1.000000
3758    3731.1165403541813    1.000000
3759    3732.6756823443284    1.000000
3761    3733.7115215637004    1.000000
3762    3735.533093990133    1.000000
3763    3737.0940627199893    1.000000
3764    3738.5419151030965    1.000000
3765    3740.11673004292    1.000000
3767    3742.713511516071    1.000000
3769    3743.8521865662215    1.000000
3770    3745.443684420434    1.000000
3773    3746.536076194233    1.000000
3774    3748.0539922307266    1.000000
3775    3749.4395156185205    1.000000
3777    3751.232828590028    1.000000
3778    3752.467851212951    1.000000
3780    3753.780402260293    1.000000
3781    3755.52263974529    1.000000
3784    3757.6037506408297    1.000000
3785    3759.3545598089813    1.000000
3786    3761.1644554930626    1.000000
3788    3762.288783088253    1.000000
3790    3763.4801587164093    1.000000
3792    3764.8745583734944    1.000000
3794    3766.7437189568086    1.000000
3796    3767.781952951972    1.000000
3798    3769.365996458544    1.000000
3800    3770.6954673401056    1.000000
3802    3772.20022349643    1.000000
3803    3773.9566534205646    1.000000
3805    3775.546843796063    1.000000
3807    3776.7832279908403    1.000000
3808    3778.2630478702686    1.000000
3810    3780.4216573553135    1.000000
3812    3782.805325634351    1.000000
3815    3785.2456346359268    1.000000
3818    3786.5192030819767    1.000000
3819    3787.709469487422    1.000000
3820    3789.4102471580445    1.000000
3821    3790.72154344996    1.000000
3822    3792.0387481388643    1.000000
3823    3793.2859127103725    1.000000
3826    3794.643454100947    1.000000
3827    3796.3000312591885    1.000000
3828    3798.2111036617525    1.000000
3829    3799.2307782229727    1.000000
3830    3800.264281641595    1.000000
3832    3801.3977980246696    1.000000
3833    3802.545650460684    1.000000
3834    3804.244621241357    1.000000
3835    3805.71187005923    1.000000
3836    3807.147132913701    1.000000
3837    3808.305078045445    1.000000
3838    3809.403196162563    1.000000
3839    3810.736343997801    1.000000
3840    3812.1022928438674    1.000000
3842    3813.610182203127    1.000000
3844    3815.5392370190893    1.000000
3846    3816.6609235586243    1.000000
3849    3817.7239455477047    1.000000
3850    3819.5060378951084    1.000000
3851    3820.569108822003    1.000000
3852    3821.7249529886944    1.000000
3855    3823.503607530324    1.000000
3858    3825.403228194094    1.000000
3861    3826.757556502515    1.000000
3862    3828.6308787470084    1.000000
3863    3829.6584326819643    1.000000
3867    3830.8312581128744    1.000000
3869    3832.6107032255054    1.000000
3870    3834.552348993421    1.000000
3871    3836.4063025800624    1.000000
3872    3837.636540173794    1.000000
3874    3838.7063080250077    1.000000
3875    3839.935056217292    1.000000
3876    3840.9943742448786    1.000000
3878    3842.893758286837    1.000000
3880    3844.716944433732    1.000000
3883    3845.8108482442826    1.000000
3884    3847.0538239186358    1.000000
3887    3848.953235962811    1.000000
3888    3850.7582504637876    1.000000
3889    3852.0651840367054    1.000000
3890    3853.215253632742    1.000000
3891    3854.6879384754557    1.000000
3892    3856.2511749599266    1.000000
3893    3857.6192919156165    1.000000
3895    3858.9198681241355    1.000000
3896    3860.101286879074    1.000000
3897    3861.3242557306303    1.000000
3899    3862.3268464439243    1.000000
3900    3863.8348422236163    1.000000
3901    3865.7232740422714    1.000000
3902    3867.56665442414    1.000000
3903    3869.4235334548334    1.000000
3905    3871.49510593899    1.000000
3907    3872.9160860283137    1.000000
3909    3874.540205290019    1.000000
3911    3877.134219795853    1.000000
3912    3879.0042841304153    1.000000
3913    3880.496453884932    1.000000
3915    3883.1663042603577    1.000000
3917    3885.378019687175    1.000000
3918    3886.72089114847    1.000000
3919    3887.813493197174    1.000000
3920    3889.791012202183    1.000000
3921    3891.3508172139173    1.000000
3928    3892.712775792123    1.000000
3929    3894.620253959603    1.000000
3930    3896.230205454254    1.000000
3931    3897.367579833935    1.000000
3934    3898.7197388261443    1.000000
3935    3900.1587836663903    1.000000
3937    3902.1073231110295    1.000000
3938    3903.6572447279555    1.000000
3941    3905.643264258278    1.000000
3944    3908.0051538118464    1.000000
3945    3909.0480745501245    1.000000
3946    3910.8966643147487    1.000000
3948    3912.6715068947237    1.000000
3950    3913.744772595809    1.000000
3952    3916.092105242997    1.000000
3953    3917.5288209303153    1.000000
3954    3918.9400975445574    1.000000
3955    3920.0566280757735    1.000000
3957    3921.927257682285    1.000000
3959    3923.354281375126    1.000000
3960    3925.3375745347917    1.000000
3961    3927.2672961070384    1.000000
3962    3929.1020089037706    1.000000
3966    3931.18979873216    1.000000
3968    3933.188895095452    1.000000
3970    3935.5010522410166    1.000000
3972    3937.538684558867    1.000000
3973    3939.0870600586095    1.000000
3975    3940.173562556883    1.000000
3976    3942.115832876302    1.000000
3977    3943.3391789360326    1.000000
3978    3945.046232177497    1.000000
3979    3946.9489350178155    1.000000
3980    3948.6255509936555    1.000000
3981    3950.3231617520023    1.000000
3983    3951.919985399883    1.000000
3984    3953.033215012319    1.000000
3987    3955.6472380794003    1.000000
3988    3956.679405811429    1.000000
3989    3958.444875517419    1.000000
3991    3959.630559595794    1.000000
3993    3961.707309975542    1.000000
3994    3962.891291702426    1.000000
3995    3964.0390545591863    1.000000
3997    3965.869585342778    1.000000
3999    3967.01236914369    1.000000
4000    3968.5266889305562    1.000000
4001    3969.94762838433    1.000000
4002    3971.1889731820224    1.000000
4003    3972.4885592052287    1.000000
4005    3973.5301717885227    1.000000
4006    3974.722447545216    1.000000
4008    3976.357818442435    1.000000
4010    3977.887288543556    1.000000
4011    3979.5062310166563    1.000000
4012    3980.5932237492125    1.000000
4013    3981.9481888794153    1.000000
4016    3982.9855842457496    1.000000
4018    3985.4144943240276    1.000000
4019    3986.5596660559822    1.000000
4022    3988.8340554798283    1.000000
4024    3990.6068791264406    1.000000
4025    3991.9233012109835    1.000000
4027    3993.3671053314306    1.000000
4029    3994.3904348182946    1.000000
4030    3996.0936546578682    1.000000
4032    3998.3487346253505    1.000000
4034    4000.477127946473    1.000000
4036    4001.5723056646625    1.000000
4038    4004.0955506000155    1.000000
4041    4005.347133495515    1.000000
4042    4007.1573350938447    1.000000
4043    4008.827524847677    1.000000
4045    4010.3974595969567    1.000000
4046    4011.599848853967    1.000000
4047    4013.051629882184    1.000000
4050    4014.2093365947194    1.000000
4052    4015.8849982365755    1.000000
4055    4017.6999135030087    1.000000
4057    4019.5269914562773    1.000000
4058    4020.749497276238    1.000000
4060    4022.467673104083    1.000000
4062    4023.6500348626555    1.000000
4063    4024.744178269173    1.000000
4065    4026.614866629396    1.000000
4069    4029.355992299189    1.000000
4070    4030.9993260376723    1.000000
4072    4033.3762543690486    1.000000
4073    4035.3516123058425    1.000000
4075    4037.5041186899157    1.000000
4077    4039.2937926513337    1.000000
4079    4041.210035298861    1.000000
4081    4042.239467144379    1.000000
4082    4043.6801623518295    1.000000
4085    4046.5263473137684    1.000000
4086    4047.89249669254    1.000000
4088    4049.445215835973    1.000000
4089    4051.174468259793    1.000000
4092    4053.590373294805    1.000000
4094    4055.2204238785425    1.000000
4095    4056.6431607662385    1.000000
4097    4058.499091589006    1.000000
4098    4059.7257501234835    1.000000
4099    4061.5816268362178    1.000000
4101    4063.1229706338054    1.000000
4103    4064.572502100613    1.000000
4104    4065.739819276967    1.000000
4107    4067.5882234062756    1.000000
4108    4069.041452007911    1.000000
4109    4070.8238024198713    1.000000
4111    4073.09224152139    1.000000
4114    4074.4647622346774    1.000000
4116    4076.3732519263767    1.000000
4117    4077.9188760967654    1.000000
4118    4079.641020340697    1.000000
4119    4081.1833125965686    1.000000
4121    4083.418858510261    1.000000
4122    4084.749939120406    1.000000
4124    4086.626899396844    1.000000
4127    4088.0597120820307    1.000000
4128    4089.2394305078456    1.000000
4129    4090.6852340947803    1.000000
4131    4093.6112521918217    1.000000
4132    4095.271101626211    1.000000
4133    4096.661764159    1.000000
4135    4098.239024506081    1.000000
4136    4099.3233662777    1.000000
4137    4100.376516771075    1.000000
4139    4101.63818491634    1.000000
4143    4103.207419544652    1.000000
4144    4105.154607171958    1.000000
4145    4107.014597401999    1.000000
4147    4109.065080327151    1.000000
4148    4110.8641168468275    1.000000
4150    4112.274918010988    1.000000
4151    4113.359641680714    1.000000
4152    4114.878198479514    1.000000
4155    4116.443359274029    1.000000
4157    4118.51775977734    1.000000
4161    4121.028432244951    1.000000
4162    4122.030553333087    1.000000
4165    4123.587760479739    1.000000
4167    4124.828031111836    1.000000
4168    4126.210641819535    1.000000
4169    4128.1245158390075    1.000000
4171    4130.777019847731    1.000000
4173    4132.464949381707    1.000000
4174    4133.888358149575    1.000000
4175    4135.284160798533    1.000000
4176    4136.641748754222    1.000000
4178    4138.27147163251    1.000000
4181    4140.003383014623    1.000000
4184    4142.359077959059    1.000000
4185    4143.583618280602    1.000000
4186    4145.23967962123    1.000000
4188    4146.450046377224    1.000000
4190    4147.834336244053    1.000000
4191    4149.614264032104    1.000000
4193    4152.183107863922    1.000000
4195    4154.660439615413    1.000000
4197    4156.13703811305    1.000000
4198    4158.0213451136615    1.000000
4200    4160.9483362259825    1.000000
4201    4162.460994808475    1.000000
4202    4164.270870764108    1.000000
4203    4165.776012736225    1.000000
4206    4166.785219966588    1.000000
4208    4168.793689581668    1.000000
4210    4171.04625521041    1.000000
4211    4172.876373434659    1.000000
4212    4174.766189923803    1.000000
4214    4176.906813863391    1.000000
4216    4179.632711949473    1.000000
4217    4181.424404790079    1.000000
4220    4182.806255655476    1.000000
4221    4184.015990348669    1.000000
4224    4185.935806612079    1.000000
4227    4187.044012070053    1.000000
4228    4188.95511000448    1.000000
4229    4190.347583135977    1.000000
4231    4191.403356287396    1.000000
4232    4192.556471324522    1.000000
4234    4194.577142818725    1.000000
4236    4197.189873683656    1.000000
4237    4198.678538133648    1.000000
4239    4199.682996846089    1.000000
4241    4200.732731956284    1.000000
4242    4201.919764294358    1.000000
4244    4203.3646507780395    1.000000
4246    4205.192283144622    1.000000
4247    4206.805343859573    1.000000
4248    4208.778971391116    1.000000
4249    4209.928376626    1.000000
4250    4211.255212309293    1.000000
4253    4214.117568867995    1.000000
4255    4216.372063190615    1.000000
4259    4218.943109396107    1.000000
4260    4219.973479838271    1.000000
4262    4221.652165245431    1.000000
4263    4222.724681862422    1.000000
4266    4224.091056442135    1.000000
4267    4225.905339977257    1.000000
4268    4227.647204645074    1.000000
4270    4229.127595035766    1.000000
4271    4230.896389205791    1.000000
4272    4232.559746492259    1.000000
4273    4233.9950665115175    1.000000
4275    4235.291525760144    1.000000
4278    4238.179096802034    1.000000
4280    4240.703238463991    1.000000
4281    4242.689609083147    1.000000
4283    4244.719074192346    1.000000
4284    4246.6369054158195    1.000000
4288    4249.340381482308    1.000000
4289    4250.445317863104    1.000000
4290    4251.447989277244    1.000000
4292    4253.301986793381    1.000000
4293    4255.0196287718545    1.000000
4295    4257.833447198137    1.000000
4297    4259.461201309016    1.000000
4300    4262.0980092129685    1.000000
4302    4264.344675221145    1.000000
4305    4265.709991219645    1.000000
4307    4268.212959534585    1.000000
4308    4269.931292733617    1.000000
4310    4272.388313771699    1.000000
4312    4274.219005938303    1.000000
4313    4275.782277289268    1.000000
4315    4277.986272481395    1.000000
4318    4279.985836998155    1.000000
4320    4281.762595549068    1.000000
4322    4284.489921649004    1.000000
4324    4286.268591793501    1.000000
4326    4287.48530599893    1.000000
4327    4289.225705305959    1.000000
4329    4291.815665827317    1.000000
4330    4293.38272129794    1.000000
4332    4295.6193256444885    1.000000
4334    4296.84210449112    1.000000
4335    4297.897080803543    1.000000
4337    4299.400561175254    1.000000
4338    4301.055558146731    1.000000
4340    4302.593862122953    1.000000
4341    4304.183689103739    1.000000
4343    4305.417837898821    1.000000
4346    4308.382939952687    1.000000
4348    4309.457582281076    1.000000
4349    4310.949822744467    1.000000
4350    4312.247903075959    1.000000
4352    4313.557823744482    1.000000
4354    4314.789891220317    1.000000
4355    4315.849773221068    1.000000
4356    4317.783789945986    1.000000
4357    4318.926022008793    1.000000
4359    4320.631827340624    1.000000
4363    4321.726797045296    1.000000
4364    4322.915825731727    1.000000
4366    4323.946997584206    1.000000
4369    4325.317504963934    1.000000
4371    4327.538836807729    1.000000
4373    4330.279162952774    1.000000
4374    4332.246694058872    1.000000
4376    4333.4995768068275    1.000000
4377    4335.2781928881805    1.000000
4379    4337.554265695902    1.000000
4380    4339.251192458576    1.000000
4383    4341.457141756312    1.000000
4384    4342.512134305223    1.000000
4387    4343.791355362908    1.000000
4388    4345.705668303248    1.000000
4389    4347.693030090871    1.000000
4390    4349.110514508618    1.000000
4391    4350.751703616816    1.000000
4393    4352.046571385988    1.000000
4395    4354.347984066105    1.000000
4396    4355.832438821344    1.000000
4398    4357.720310952287    1.000000
4401    4359.752132989542    1.000000
4404    4361.753858305048    1.000000
4406    4364.137051465322    1.000000
4407    4365.994725531445    1.000000
4409    4367.363415037411    1.000000
4410    4368.935823875052    1.000000
4412    4370.523661358219    1.000000
4414    4373.102220958572    1.000000
4416    4375.4603194387555    1.000000
4418    4377.4898444567525    1.000000
4419    4378.515220324763    1.000000
4421    4379.737552178889    1.000000
4422    4381.008344970268    1.000000
4425    4382.682872455586    1.000000
4427    4385.459767911684    1.000000
4428    4387.21930942583    1.000000
4429    4388.904131195825    1.000000
4431    4390.665014781135    1.000000
4434    4393.124441927359    1.000000
4436    4395.497583934801    1.000000
4438    4396.842995608814    1.000000
4440    4399.059567219222    1.000000
4441    4400.381237616762    1.000000
4443    4402.685247643951    1.000000
4444    4404.638409065131    1.000000
4445    4405.662261226327    1.000000
4447    4406.968998274166    1.000000
4449    4409.576521182821    1.000000
4450    4410.805880488844    1.000000
4451    4412.565355580831    1.000000
4453    4413.657241830744    1.000000
4454    4414.727476867225    1.000000
4455    4416.366695293335    1.000000
4458    4417.567185689482    1.000000
4460    4419.845211680051    1.000000
4461    4421.8182228856585    1.000000
4463    4424.140887420941    1.000000
4464    4425.573960979471    1.000000
4465    4427.183232690402    1.000000
4468    4429.077131470618    1.000000
4469    4431.070554626143    1.000000
4470    4432.826356591933    1.000000
4471    4433.854083611295    1.000000
4472    4435.82820382782    1.000000
4475    4437.5508635321    1.000000
4476    4438.95204261028    1.000000
4478    4440.728066276051    1.000000
4479    4441.782112470639    1.000000
4481    4443.125220145779    1.000000
4483    4444.805984092508    1.000000
4484    4446.170273106923    1.000000
4487    4448.331007610842    1.000000
4489    4450.517410811048    1.000000
4491    4452.87560501337    1.000000
4492    4454.592263186088    1.000000
4493    4456.1042560715605    1.000000
4494    4458.019010872908    1.000000
4496    4459.82640272236    1.000000
4497    4461.218734409025    1.000000
4499    4462.581967261035    1.000000
4503    4463.689988585943    1.000000
4505    4465.084871193265    1.000000
4506    4466.137044343776    1.000000
4508    4468.668820026684    1.000000
4511    4471.150572235803    1.000000
4513    4473.394185153277    1.000000
4515    4474.394456666687    1.000000
4516    4476.049917685603    1.000000
4518    4477.818369808272    1.000000
4519    4479.755997310139    1.000000
4522    4481.307674256521    1.000000
4524    4482.514830013163    1.000000
4527    4483.675261367495    1.000000
4528    4485.501451381956    1.000000
4529    4486.701755446303    1.000000
4530    4487.7824481938915    1.000000
4531    4489.31130142283    1.000000
4532    4490.980606970506    1.000000
4533    4492.373867907849    1.000000
4537    4494.106888758801    1.000000
4538    4495.251855134668    1.000000
4539    4496.644065641543    1.000000
4541    4498.491575613286    1.000000
4543    4500.671256059223    1.000000
4545    4502.5920417257485    1.000000
4546    4503.744501394409    1.000000
4547    4505.152830487037    1.000000
4549    4506.68839330718    1.000000
4551    4507.927502262191    1.000000
4554    4510.0259836201    1.000000
4555    4511.556025678458    1.000000
4557    4512.635946819583    1.000000
4559    4513.716215424837    1.000000
4562    4516.637224720052    1.000000
4564    4518.858724577816    1.000000
4565    4520.2679669358195    1.000000
4566    4521.5551130439835    1.000000
4568    4523.380454600772    1.000000
4571    4525.8713663303515    1.000000
4573    4527.305298128652    1.000000
4575    4528.704154620425    1.000000
4577    4530.532743474003    1.000000
4579    4531.713984972691    1.000000
4580    4532.95054492754    1.000000
4581    4534.08717688869    1.000000
4583    4535.940088613246    1.000000
4585    4538.074835617462    1.000000
4586    4539.248760884828    1.000000
4587    4540.889052424122    1.000000
4588    4542.297652758526    1.000000
4590    4543.924441498655    1.000000
4591    4545.8833244356965    1.000000
4594    4547.14486174867    1.000000
4596    4549.090416813354    1.000000
4599    4551.721463664752    1.000000
4602    4552.721499271778    1.000000
4604    4554.988556649489    1.000000
4608    4557.479828198406    1.000000
4610    4560.3393877652015    1.000000
4611    4561.379843913354    1.000000
4612    4563.061247569189    1.000000
4613    4564.295107165305    1.000000
4616    4566.956786392389    1.000000
4617    4568.366391524772    1.000000
4618    4569.369906218299    1.000000
4620    4570.525150057244    1.000000
4622    4572.375447736573    1.000000
4623    4573.693521495502    1.000000
4625    4575.503824536434    1.000000
4626    4576.518645278543    1.000000
4628    4577.529808977694    1.000000
4629    4578.841995898274    1.000000
4630    4580.389671012963    1.000000
4632    4581.500809438677    1.000000
4634    4582.779046093888    1.000000
4636    4584.445975796259    1.000000
4637    4586.1235097366    1.000000
4638    4587.864864828174    1.000000
4640    4589.547380903258    1.000000
4641    4591.492611938759    1.000000
4643    4593.469090877104    1.000000
4644    4595.2732751279655    1.000000
4645    4596.395352469055    1.000000
4647    4598.9567731561965    1.000000
4648    4600.707537025079    1.000000
4650    4602.728516316169    1.000000
4651    4604.046097508911    1.000000
4654    4606.749006616873    1.000000
4658    4608.1258991934355    1.000000
4659    4609.148228010331    1.000000
4662    4610.367313156433    1.000000
4663    4612.081473090458    1.000000
4666    4614.51403580186    1.000000
4667    4615.785728838787    1.000000
4669    4618.366526714764    1.000000
4670    4619.900632877122    1.000000
4672    4621.949783215714    1.000000
4673    4623.5378163142495    1.000000
4675    4625.403326642241    1.000000
4677    4627.812411121461    1.000000
4680    4629.647550613859    1.000000
4681    4630.727235493566    1.000000
4683    4632.242641532762    1.000000
4685    4633.899317855457    1.000000
4686    4635.124017901271    1.000000
4687    4636.269736045986    1.000000
4689    4637.71586899339    1.000000
4692    4640.363505778855    1.000000
4693    4641.643814481161    1.000000
4694    4643.126779392367    1.000000
4696    4645.29366482205    1.000000
4698    4646.678753587274    1.000000
4699    4647.930558149264    1.000000
4700    4649.864913550199    1.000000
4701    4650.916859972789    1.000000
4703    4652.027994943374    1.000000
4704    4653.250446968196    1.000000
4706    4654.530981817604    1.000000
4708    4656.720340856832    1.000000
4709    4657.827236129511    1.000000
4710    4659.428984572713    1.000000
4711    4661.290414904061    1.000000
4713    4662.801668027553    1.000000
4714    4664.566267755205    1.000000
4716    4666.2584873470805    1.000000
4718    4667.481946956908    1.000000
4719    4668.663280487248    1.000000
4720    4670.565336585842    1.000000
4722    4673.040389332291    1.000000
4724    4675.86656831316    1.000000
4725    4676.869810634679    1.000000
4727    4679.186210162432    1.000000
4729    4682.055591731958    1.000000
4732    4683.624600353691    1.000000
4734    4686.2136675782795    1.000000
4735    4687.7993271913965    1.000000
4737    4690.388981668971    1.000000
4738    4692.138320177429    1.000000
4741    4694.080847077289    1.000000
4742    4695.558911425553    1.000000
4744    4698.284542043195    1.000000
4745    4699.7543188799145    1.000000
4746    4701.614900193886    1.000000
4748    4702.763970854918    1.000000
4749    4704.185007431823    1.000000
4751    4706.184770306577    1.000000
4753    4707.31415295865    1.000000
4755    4710.2116715254415    1.000000
4756    4712.201569701043    1.000000
4757    4713.292734941368    1.000000
4760    4715.5362512641395    1.000000
4761    4717.18519855393    1.000000
4763    4719.1548338008115    1.000000
4764    4721.069514069833    1.000000
4766    4723.06251884305    1.000000
4767    4724.501906389635    1.000000
4769    4726.854671696152    1.000000
4771    4729.564048955509    1.000000
4772    4730.852364263331    1.000000
4776    4732.742251542129    1.000000
4777    4733.839625144843    1.000000
4778    4735.582880744425    1.000000
4779    4737.007696287061    1.000000
4781    4738.086825639326    1.000000
4785    4739.450460221032    1.000000
4786    4740.51274311002    1.000000
4788    4741.9667457038695    1.000000
4790    4744.736078063686    1.000000
4793    4746.715624664027    1.000000
4794    4747.957297907026    1.000000
4797    4749.429991772191    1.000000
4799    4751.046351982923    1.000000
4801    4752.859003627533    1.000000
4803    4754.844445355929    1.000000
4805    4757.151068981523    1.000000
4807    4758.955429910895    1.000000
4809    4760.136376142818    1.000000
4812    4762.855334286371    1.000000
4814    4765.7394724272835    1.000000
4816    4767.429434299243    1.000000
4817    4769.146572694549    1.000000
4818    4770.853775125146    1.000000
4819    4772.206996685833    1.000000
4820    4774.058646424255    1.000000
4821    4776.044028583403    1.000000
4823    4777.5340718733005    1.000000
4825    4778.606612151178    1.000000
4826    4780.189819436009    1.000000
4827    4781.983211936678    1.000000
4828    4783.878339724647    1.000000
4830    4785.869438782661    1.000000
4832    4786.912811340957    1.000000
4834    4789.616581280829    1.000000
4836    4791.81405078882    1.000000
4839    4793.539774402479    1.000000
4840    4794.707377678451    1.000000
4842    4796.630531157418    1.000000
4844    4798.353994139723    1.000000
4846    4800.508609962139    1.000000
4848    4801.790228759598    1.000000
4851    4803.144477502071    1.000000
4853    4804.9393322649985    1.000000
4856    4807.087669225997    1.000000
4857    4808.986381898102    1.000000
4859    4811.442653092736    1.000000
4860    4812.97115713754    1.000000
4863    4815.054917212489    1.000000
4865    4816.12654723585    1.000000
4866    4817.171408131822    1.000000
4868    4819.360869772436    1.000000
4871    4821.10158927334    1.000000
4874    4823.1204062851075    1.000000
4876    4824.145563924495    1.000000
4877    4825.436905253959    1.000000
4881    4827.233606361565    1.000000
4883    4828.329710277715    1.000000
4885    4829.863350817392    1.000000
4886    4831.044759662501    1.000000
4887    4832.5917672662845    1.000000
4888    4833.748284750986    1.000000
4890    4836.66733671878    1.000000
4893    4837.855529116307    1.000000
4896    4839.22910034403    1.000000
4897    4840.835055668559    1.000000
4899    4842.3688139714295    1.000000
4902    4844.809322454614    1.000000
4903    4846.56829319556    1.000000
4905    4847.641239249753    1.000000
4907    4849.631555585744    1.000000
4908    4850.819396412662    1.000000
4909    4852.06159889508    1.000000
4910    4853.969156821133    1.000000
4911    4855.595300783191    1.000000
4912    4856.943255905819    1.000000
4914    4858.927942898018    1.000000
4916    4860.86572404757    1.000000
4917    4862.32037945637    1.000000
4918    4863.835450322045    1.000000
4920    4865.145915919658    1.000000
4921    4866.625131087716    1.000000
4922    4867.700318580868    1.000000
4923    4868.741714633447    1.000000
4925    4870.487667181459    1.000000
4926    4872.431314694669    1.000000
4928    4874.36372637356    1.000000
4930    4875.7746785473755    1.000000
4931    4877.56350590434    1.000000
4933    4878.661655073134    1.000000
4935    4880.526448664056    1.000000
4937    4882.612570949154    1.000000
4938    4883.9657276955295    1.000000
4939    4885.274557728452    1.000000
4940    4887.073684607391    1.000000
4942    4888.30284512829    1.000000
4944    4889.973519391283    1.000000
4946    4891.031260914242    1.000000
4948    4892.924020163508    1.000000
4949    4894.550828404957    1.000000
4950    4896.145243720929    1.000000
4951    4897.8992345913675    1.000000
4953    4899.80570107019    1.000000
4954    4901.169023615403    1.000000
4956    4902.361702884514    1.000000
4958    4904.271027744805    1.000000
4959    4905.83823891785    1.000000
4960    4907.33743691025    1.000000
4963    4909.396544359036    1.000000
4966    4911.221164249661    1.000000
4968    4913.370264575915    1.000000
4970    4914.740292714232    1.000000
4971    4916.162369673633    1.000000
4973    4917.971801471155    1.000000
4975    4919.021908421917    1.000000
4976    4920.380388246097    1.000000
4978    4921.487426648499    1.000000
4979    4922.6826977996625    1.000000
4980    4923.966761094531    1.000000
4981    4925.134593738971    1.000000
4983    4926.328160577182    1.000000
4984    4928.174835116787    1.000000
4986    4929.21416204952    1.000000
4987    4930.65907997488    1.000000
4990    4933.4527975641495    1.000000
4992    4934.501264172733    1.000000
4993    4936.266898149423    1.000000
4994    4937.71779370223    1.000000
4995    4939.572090073733    1.000000
4996    4941.459585462723    1.000000
4998    4942.614734641832    1.000000
5000    4944.386656807419    1.000000
5001    4945.757553137655    1.000000
5003    4947.833134019603    1.000000
5005    4950.5620938492875    1.000000
5007    4952.976212839645    1.000000
5008    4954.721400910836    1.000000
5010    4956.226012737486    1.000000
5012    4958.521572795345    1.000000
5013    4960.317707184942    1.000000
5016    4962.593414290428    1.000000
5018    4963.66846921549    1.000000
5020    4965.234723160849    1.000000
5021    4967.003799449623    1.000000
5024    4969.365577890956    1.000000
5026    4971.659543957188    1.000000
5027    4972.865459702751    1.000000
5029    4974.237583608161    1.000000
5030    4975.713527555408    1.000000
5032    4976.714590212077    1.000000
5035    4978.1480966932395    1.000000
5036    4980.143055504041    1.000000
5037    4982.112720954503    1.000000
5038    4984.080971701868    1.000000
5041    4985.917802367144    1.000000
5043    4987.262963003737    1.000000
5045    4989.534548022033    1.000000
5046    4991.432143444133    1.000000
5048    4993.2464353068235    1.000000
5050    4994.8870734740885    1.000000
5052    4996.259947127014    1.000000
5054    4997.7149006963755    1.000000
5055    4999.199917961771    1.000000
5056    5000.72369292315    1.000000
5058    5003.37690784767    1.000000
5059    5004.510751091628    1.000000
5061    5005.626100022617    1.000000
5063    5006.767881659856    1.000000
5065    5007.959516624384    1.000000
5067    5010.669669533784    1.000000
5068    5011.705272353474    1.000000
5070    5013.4405257824255    1.000000
5073    5014.453695778986    1.000000
5074    5015.733597125784    1.000000
5075    5017.285016537619    1.000000
5076    5018.386611170515    1.000000
5078    5019.60622340115    1.000000
5080    5021.580791542113    1.000000
5083    5023.516522420707    1.000000
5085    5025.377664715413    1.000000
5088    5027.778198156206    1.000000
5090    5030.199339733687    1.000000
5091    5031.312356473373    1.000000
5092    5032.6556577798265    1.000000
5094    5035.218295388211    1.000000
5095    5037.0458123982135    1.000000
5097    5038.316594355009    1.000000
5099    5039.370280116602    1.000000
5100    5041.078945018151    1.000000
5101    5042.5389413484645    1.000000
5102    5043.762498351968    1.000000
5103    5044.773038361532    1.000000
5105    5045.832402894155    1.000000
5106    5047.82586329187    1.000000
5107    5049.276814922264    1.000000
5108    5051.168560511181    1.000000
5110    5052.480345354573    1.000000
5112    5053.786594563474    1.000000
5113    5055.2590530782745    1.000000
5114    5056.880790169274    1.000000
5115    5058.263909437818    1.000000
5116    5059.428797814665    1.000000
5118    5061.4229975462995    1.000000
5120    5063.040753706764    1.000000
5121    5064.093391331807    1.000000
5122    5065.501653452958    1.000000
5125    5067.343819197239    1.000000
5126    5068.451427712442    1.000000
5127    5070.354528243732    1.000000
5131    5072.656880605361    1.000000
5133    5074.257853790374    1.000000
5135    5076.414880115751    1.000000
5138    5078.495630758963    1.000000
5139    5080.297656202102    1.000000
5140    5081.310163779118    1.000000
5141    5082.548723215926    1.000000
5143    5085.186055846506    1.000000
5145    5087.1697938212465    1.000000
5147    5089.189917216895    1.000000
5148    5090.7570526505    1.000000
5150    5092.193774133357    1.000000
5151    5093.760988441821    1.000000
5152    5095.453855601077    1.000000
5154    5096.957129450597    1.000000
5155    5098.555882191317    1.000000
5156    5100.018810491743    1.000000
5159    5102.781329726016    1.000000
5161    5105.0861998523515    1.000000
5162    5106.944359304944    1.000000
5163    5108.6410049428    1.000000
5165    5110.154384052298    1.000000
5166    5111.819755758098    1.000000
5169    5113.882394902589    1.000000
5170    5115.5526988589845    1.000000
5171    5117.411966155631    1.000000
5173    5119.407684813145    1.000000
5174    5121.051906238604    1.000000
5177    5123.462272818229    1.000000
5178    5124.490873108288    1.000000
5181    5126.246376373914    1.000000
5182    5128.107514246127    1.000000
5183    5129.193141908075    1.000000
5187    5130.372289121627    1.000000
5188    5131.829988834868    1.000000
5189    5133.469091420913    1.000000
5190    5134.626357478757    1.000000
5191    5135.709939130596    1.000000
5193    5137.654595613154    1.000000
5195    5138.954716739977    1.000000
5196    5140.016142744312    1.000000
5197    5141.199624850034    1.000000
5201    5144.033470619836    1.000000
5202    5145.950834691308    1.000000
5204    5147.394509432555    1.000000
5206    5148.855003379893    1.000000
5207    5150.524196397184    1.000000
5209    5152.390067328843    1.000000
5211    5154.410737903479    1.000000
5212    5156.188902028631    1.000000
5215    5157.828574852975    1.000000
5216    5158.8849824571125    1.000000
5218    5159.925318890169    1.000000
5220    5160.928994048809    1.000000
5222    5162.997014948741    1.000000
5224    5165.466433500939    1.000000
5225    5166.770139866427    1.000000
5227    5167.831949016146    1.000000
5230    5169.304048024682    1.000000
5231    5170.815293653942    1.000000
5232    5172.545863903834    1.000000
5238    5174.2256016487645    1.000000
5239    5175.237289671474    1.000000
5240    5176.648562773984    1.000000
5241    5177.75587014813    1.000000
5243    5179.118957606274    1.000000
5245    5181.318381935109    1.000000
5247    5182.756447074034    1.000000
5249    5184.276451431635    1.000000
5250    5185.700941779334    1.000000
5252    5187.636213771051    1.000000
5254    5189.890730622301    1.000000
5255    5191.785374456089    1.000000
5257    5194.31986498475    1.000000
5259    5196.227015082499    1.000000
5261    5197.660514837635    1.000000
5262    5198.7593151700485    1.000000
5265    5201.169486491956    1.000000
5266    5202.62834545143    1.000000
5267    5203.686598956969    1.000000
5269    5205.05967554389    1.000000
5270    5206.954612775906    1.000000
5271    5208.127426443973    1.000000
5273    5210.641688114655    1.000000
5275    5212.993946325484    1.000000
5278    5215.145043980839    1.000000
5279    5216.758258750872    1.000000
5281    5217.810782037955    1.000000
5282    5219.050556992916    1.000000
5284    5220.590473392905    1.000000
5286    5222.7583752912    1.000000
5289    5224.733503530288    1.000000
5290    5226.421676277297    1.000000
5292    5227.812001753425    1.000000
5294    5229.816263253034    1.000000
5295    5231.715190652021    1.000000
5296    5233.018841480439    1.000000
5298    5235.074411491345    1.000000
5299    5236.933456293268    1.000000
5302    5239.802922441554    1.000000
5304    5240.8429224206275    1.000000
5305    5241.915679890917    1.000000
5307    5244.02994471398    1.000000
5310    5245.206595074106    1.000000
5312    5246.827612415272    1.000000
5314    5249.749162339455    1.000000
5317    5250.853037095053    1.000000
5319    5253.122378886948    1.000000
5320    5254.288815388965    1.000000
5322    5256.541339438219    1.000000
5323    5258.359378478014    1.000000
5326    5260.157499920883    1.000000
5327    5261.320093610505    1.000000
5328    5262.98484894977    1.000000
5329    5264.24210611613    1.000000
5331    5266.583512419633    1.000000
5334    5268.987088777992    1.000000
5335    5270.902737123617    1.000000
5336    5272.766427732548    1.000000
5337    5274.24780191506    1.000000
5338    5275.934658888469    1.000000
5340    5278.237678498622    1.000000
5341    5279.4972122508125    1.000000
5344    5280.872765301013    1.000000
5346    5283.8103942601865    1.000000
5347    5285.642139386962    1.000000
5349    5287.489534211863    1.000000
5351    5288.656073937294    1.000000
5352    5289.862342048316    1.000000
5354    5290.91201257066    1.000000
5355    5292.268752767496    1.000000
5357    5293.840818035225    1.000000
5359    5295.020197984451    1.000000
5361    5296.539678656089    1.000000
5363    5299.014660895692    1.000000
5365    5300.7056456201    1.000000
5368    5303.0187248976545    1.000000
5369    5304.762360685    1.000000
5370    5306.740657346372    1.000000
5371    5307.863711061537    1.000000
5372    5309.097871939226    1.000000
5373    5310.202685891072    1.000000
5374    5311.7091775720155    1.000000
5375    5313.066798695045    1.000000
5377    5315.005838002947    1.000000
5379    5316.258697992246    1.000000
5380    5317.994388354572    1.000000
5383    5320.510906217383    1.000000
5384    5321.639320418791    1.000000
5385    5323.35266055529    1.000000
5386    5325.105673603983    1.000000
5387    5326.372040661539    1.000000
5389    5328.138023803995    1.000000
5390    5329.660840858025    1.000000
5391    5331.181480914237    1.000000
5392    5332.38263463454    1.000000
5393    5333.558039263291    1.000000
5394    5335.492371796451    1.000000
5395    5336.565254566508    1.000000
5398    5337.659059078685    1.000000
5399    5338.807185964305    1.000000
5400    5340.344943827943    1.000000
5401    5342.019270217113    1.000000
5403    5343.046119397179    1.000000
5405    5344.758904309114    1.000000
5406    5346.703155829348    1.000000
5408    5347.9910109734765    1.000000
5411    5349.061842763639    1.000000
5413    5351.368897696227    1.000000
5414    5353.346344003726    1.000000
5415    5354.84629017745    1.000000
5417    5356.940320674235    1.000000
5419    5358.3026662246675    1.000000
5422    5359.730409605191    1.000000
5425    5361.4175946662735    1.000000
5426    5362.903148811033    1.000000
5428    5364.020271012958    1.000000
5429    5365.497238751427    1.000000
5430    5367.478556935197    1.000000
5433    5369.70660632993    1.000000
5434    5371.2739439830775    1.000000
5435    5372.307877110545    1.000000
5437    5373.60418188704    1.000000
5439    5376.235300983831    1.000000
5441    5377.591238298765    1.000000
5443    5378.803098430935    1.000000
5445    5381.352935403311    1.000000
5448    5383.297013479464    1.000000
5449    5384.820504834846    1.000000
5450    5385.877676357918    1.000000
5451    5387.165377075575    1.000000
5452    5388.953050288426    1.000000
5453    5390.182160554562    1.000000
5454    5391.207951042885    1.000000
5455    5392.98070966927    1.000000
5457    5395.08856388547    1.000000
5461    5396.538706555608    1.000000
5463    5399.046500934327    1.000000
5464    5401.005017545666    1.000000
5465    5402.087966037728    1.000000
5467    5403.974231769869    1.000000
5468    5405.344307907179    1.000000
5469    5407.011247615335    1.000000
5470    5408.904980445587    1.000000
5473    5411.272234419922    1.000000
5475    5413.920720566656    1.000000
5476    5414.9679143804315    1.000000
5477    5416.067084114043    1.000000
5480    5418.348258137623    1.000000
5481    5420.207549069658    1.000000
5483    5422.754506690723    1.000000
5484    5424.335801339493    1.000000
5485    5426.092743358645    1.000000
5487    5428.604580322947    1.000000
5488    5429.647870913068    1.000000
5490    5431.93710781272    1.000000
5492    5433.138357943928    1.000000
5497    5434.630463756936    1.000000
5498    5436.063293015325    1.000000
5499    5437.893630963463    1.000000
5500    5439.4754636892585    1.000000
5501    5440.923676652093    1.000000
5503    5442.980038486975    1.000000
5505    5444.725958303586    1.000000
5507    5445.784251890739    1.000000
5508    5447.192727224416    1.000000
5509    5448.464463957393    1.000000
5510    5450.123219260628    1.000000
5511    5451.645422147836    1.000000
5513    5452.803885956347    1.000000
5517    5454.895128308461    1.000000
5520    5456.205783765384    1.000000
5522    5458.66384313783    1.000000
5523    5459.95378259942    1.000000
5525    5461.889156096809    1.000000
5527    5462.891871840627    1.000000
5529    5464.819888790556    1.000000
5530    5466.369574705796    1.000000
5532    5468.243428080004    1.000000
5535    5470.566174516151    1.000000
5536    5472.264436995865    1.000000
5539    5474.180555440424    1.000000
5541    5476.438572063918    1.000000
5542    5477.486664511373    1.000000
5543    5479.0790606527535    1.000000
5545    5481.159701484097    1.000000
5546    5482.198732324937    1.000000
5547    5484.186879185041    1.000000
5548    5485.595701583293    1.000000
5549    5487.0777401582145    1.000000
5551    5489.246858817172    1.000000
5553    5491.782854853044    1.000000
5554    5493.381100751132    1.000000
5556    5495.679679363652    1.000000
5557    5497.069600046352    1.000000
5558    5498.744966691279    1.000000
5561    5501.194203865895    1.000000
5563    5503.23912979826    1.000000
5565    5504.86884463731    1.000000
5566    5505.927876865633    1.000000
5567    5506.934515786825    1.000000
5569    5508.655009018257    1.000000
5570    5510.095185694849    1.000000
5571    5511.814631753898    1.000000
5573    5513.670989385533    1.000000
5574    5515.291165978778    1.000000
5575    5516.385145520307    1.000000
5576    5517.748996780007    1.000000
5578    5519.0209014501825    1.000000
5580    5520.944120628727    1.000000
5582    5522.540288754099    1.000000
5583    5523.8248614243075    1.000000
5587    5524.922525803006    1.000000
5588    5526.534980800489    1.000000
5589    5528.100350250419    1.000000
5590    5529.926983707715    1.000000
5592    5532.159738012772    1.000000
5594    5533.5512706388745    1.000000
5597    5534.852115277227    1.000000
5600    5535.855829781748    1.000000
5601    5537.318842274897    1.000000
5602    5539.100818861693    1.000000
5603    5540.284925246434    1.000000
5604    5541.722510010883    1.000000
5606    5542.769933946548    1.000000
5607    5544.233607907262    1.000000
5609    5546.49927367259    1.000000
5611    5547.661711849406    1.000000
5612    5549.134706540458    1.000000
5614    5550.675962598096    1.000000
5616    5552.283686726042    1.000000
5617    5554.1979289862    1.000000
5619    5556.267577131762    1.000000
5621    5558.952218740434    1.000000
5622    5560.404012723765    1.000000
5623    5561.553751590661    1.000000
5624    5562.847648644729    1.000000
5625    5564.361672226027    1.000000
5627    5565.373787607117    1.000000
5629    5566.60082309017    1.000000
5632    5568.102581298722    1.000000
5633    5569.146174448923    1.000000
5634    5570.551942055926    1.000000
5636    5571.933061986478    1.000000
5637    5573.202760388526    1.000000
5638    5575.025084075674    1.000000
5639    5576.273902239333    1.000000
5640    5578.0923008488435    1.000000
5642    5580.67929351777    1.000000
5643    5582.513841085704    1.000000
5645    5584.04288140798    1.000000
5646    5586.027038075883    1.000000
5649    5588.441742152788    1.000000
5651    5589.798123963231    1.000000
5654    5591.785506733508    1.000000
5655    5593.008665209477    1.000000
5657    5594.19789248055    1.000000
5658    5596.050060781319    1.000000
5659    5597.475850045249    1.000000
5661    5599.3670800518075    1.000000
5663    5601.666211530062    1.000000
5665    5602.744483432925    1.000000
5667    5604.821442321807    1.000000
5668    5606.055316209207    1.000000
5670    5607.426878213144    1.000000
5671    5608.433748681578    1.000000
5672    5609.657167267318    1.000000
5675    5611.556443597494    1.000000
5677    5614.320278748143    1.000000
5680    5615.923802079329    1.000000
5681    5617.8724507906    1.000000
5683    5619.690963041077    1.000000
5685    5621.042415589375    1.000000
5687    5623.146508021801    1.000000
5689    5624.947833619457    1.000000
5690    5626.145009264086    1.000000
5692    5627.381611033002    1.000000
5693    5628.850551467697    1.000000
5696    5630.704918953368    1.000000
5697    5632.6787679508925    1.000000
5698    5634.636874375584    1.000000
5700    5636.062358586178    1.000000
5701    5637.966352009721    1.000000
5702    5639.470664545173    1.000000
5703    5640.55325452178    1.000000
5704    5642.466482577389    1.000000
5705    5643.959460908105    1.000000
5706    5645.592672165019    1.000000
5707    5647.191753687773    1.000000
5708    5648.851112980799    1.000000
5710    5650.271998568982    1.000000
5713    5652.218206400156    1.000000
5714    5654.111008049338    1.000000
5715    5655.647414000287    1.000000
5718    5656.854314109364    1.000000
5719    5658.076076628034    1.000000
5720    5659.745110602443    1.000000
5721    5661.669861465573    1.000000
5723    5664.117196442799    1.000000
5724    5665.17347010604    1.000000
5725    5667.114995644405    1.000000
5726    5668.564484115164    1.000000
5727    5670.331269934087    1.000000
5730    5672.418610056273    1.000000
5731    5673.52631288483    1.000000
5732    5675.447066602381    1.000000
5734    5676.833492950439    1.000000
5735    5677.958224307445    1.000000
5737    5680.026619313845    1.000000
5739    5682.279148225449    1.000000
5741    5683.8332666753895    1.000000
5742    5684.921863059329    1.000000
5743    5686.029380208443    1.000000
5744    5687.108322440353    1.000000
5745    5688.634381075102    1.000000
5746    5689.940909660118    1.000000
5749    5692.266809507029    1.000000
5751    5693.794488911158    1.000000
5755    5695.4259553910715    1.000000
5757    5696.75810159375    1.000000
5758    5698.019816636742    1.000000
5759    5699.718236856525    1.000000
5760    5700.934696398989    1.000000
5763    5702.159367276707    1.000000
5764    5703.639838931345    1.000000
5765    5705.205492959401    1.000000
5767    5707.390705584985    1.000000
5769    5709.296856478914    1.000000
5772    5711.919941301631    1.000000
5773    5713.156777592609    1.000000
5775    5715.401560657732    1.000000
5776    5716.551766259216    1.000000
5777    5718.361158963804    1.000000
5780    5720.237605902479    1.000000
5783    5721.724581121967    1.000000
5785    5723.211751597475    1.000000
5787    5724.450755383984    1.000000
5788    5725.586887385054    1.000000
5789    5727.262032557717    1.000000
5790    5729.2490560874385    1.000000
5792    5731.743991443754    1.000000
5794    5733.939627720633    1.000000
5797    5736.36559968778    1.000000
5798    5738.137190026129    1.000000
5800    5739.3514781342565    1.000000
5802    5740.660921974999    1.000000
5803    5742.422011438013    1.000000
5805    5744.758957784261    1.000000
5807    5746.734796898549    1.000000
5808    5748.359543264181    1.000000
5809    5749.623814974042    1.000000
5811    5750.803823484055    1.000000
5813    5752.044343605316    1.000000
5814    5753.979739303326    1.000000
5815    5755.865307804374    1.000000
5816    5757.694871322304    1.000000
5819    5760.378240505579    1.000000
5820    5762.065427633059    1.000000
5821    5763.111770712585    1.000000
5823    5765.6350052933185    1.000000
5826    5767.254494637227    1.000000
5827    5769.044796086047    1.000000
5828    5770.293447365096    1.000000
5830    5772.503797262316    1.000000
5831    5773.857132761876    1.000000
5833    5775.856360741905    1.000000
5835    5777.0950051760265    1.000000
5836    5779.044952267212    1.000000
5837    5780.074011965406    1.000000
5840    5781.243308991612    1.000000
5841    5782.249076918045    1.000000
5842    5783.6404981866635    1.000000
5844    5785.440344262477    1.000000
5845    5786.535033004751    1.000000
5847    5788.745725452832    1.000000
5848    5789.801799799063    1.000000
5849    5791.400322912536    1.000000
5850    5793.180792102326    1.000000
5851    5794.784393262021    1.000000
5854    5796.068305723451    1.000000
5855    5797.4192687929335    1.000000
5857    5798.978435254939    1.000000
5859    5800.232279809571    1.000000
5860    5802.176993101472    1.000000
5861    5803.661962091054    1.000000
5862    5805.383023360285    1.000000
5863    5806.860263187895    1.000000
5864    5808.582399423927    1.000000
5866    5810.3394914214    1.000000
5867    5811.663457153642    1.000000
5868    5813.030009407259    1.000000
5870    5814.404211034329    1.000000
5872    5816.156604699091    1.000000
5873    5817.443721992438    1.000000
5874    5818.743651252003    1.000000
5876    5820.328078824345    1.000000
5877    5821.616347303266    1.000000
5880    5823.658970057509    1.000000
5883    5826.1577941894075    1.000000
5885    5828.218526155628    1.000000
5886    5830.031945382319    1.000000
5888    5831.950356524214    1.000000
5889    5833.285137978373    1.000000
5891    5835.7990492532335    1.000000
5892    5837.199959886957    1.000000
5893    5838.684223458342    1.000000
5894    5839.834244660309    1.000000
5896    5841.74437822028    1.000000
5898    5843.5564243493045    1.000000
5901    5845.886618496248    1.000000
5902    5847.539129061385    1.000000
5903    5848.936027185579    1.000000
5905    5850.948368351522    1.000000
5906    5852.907779946133    1.000000
5908    5854.33599343537    1.000000
5911    5855.37186856593    1.000000
5913    5856.9118075286815    1.000000
5915    5858.87900636839    1.000000
5917    5860.484472740562    1.000000
5918    5862.018650111693    1.000000
5920    5863.692087647802    1.000000
5921    5865.304791382627    1.000000
5922    5867.278953836057    1.000000
5925    5868.528220116197    1.000000
5926    5869.89777476578    1.000000
5927    5871.410921700117    1.000000
5929    5873.012138175334    1.000000
5930    5874.919403359143    1.000000
5931    5876.496350232162    1.000000
5932    5878.422831254464    1.000000
5933    5879.939826467136    1.000000
5934    5881.487685152111    1.000000
5938    5883.645785786523    1.000000
5939    5885.042681512054    1.000000
5941    5887.025721433722    1.000000
5944    5889.125998822376    1.000000
5945    5890.21880483486    1.000000
5949    5891.53789878298    1.000000
5951    5892.792464800649    1.000000
5952    5894.351886579519    1.000000
5953    5896.143413661258    1.000000
5954    5897.991456302225    1.000000
5957    5899.007386947235    1.000000
5958    5900.327669500719    1.000000
5961    5902.279454174686    1.000000
5962    5903.741758314246    1.000000
5963    5904.881341313417    1.000000
5964    5906.774045363067    1.000000
5966    5907.856291512473    1.000000
5969    5910.469285260625    1.000000
5970    5911.713327518778    1.000000
5971    5912.882549900597    1.000000
5972    5913.944968856315    1.000000
5973    5914.984249326254    1.000000
5976    5916.92976187073    1.000000
5977    5918.605088561911    1.000000
5980    5921.003689143955    1.000000
5982    5922.404517092953    1.000000
5985    5925.003406659702    1.000000
5987    5926.562522481774    1.000000
5988    5928.529839649942    1.000000
5990    5930.2855964201135    1.000000
5991    5931.376278339935    1.000000
5992    5932.596128130802    1.000000
5994    5934.323738779515    1.000000
5995    5935.918079846809    1.000000
5996    5937.621891181329    1.000000
5999    5939.684642778498    1.000000
6001    5941.385577069351    1.000000
6003    5942.675904934034    1.000000
6006    5944.6088785359825    1.000000
6008    5947.111380347492    1.000000
6009    5948.947847453075    1.000000
6010    5950.312595720437    1.000000
6013    5953.220358285993    1.000000
6015    5954.954153209018    1.000000
6016    5956.890898133199    1.000000
6017    5958.747104227215    1.000000
6018    5959.791610640058    1.000000
6021    5961.094659780146    1.000000
6022    5962.477321436194    1.000000
6023    5964.038735380449    1.000000
6025    5966.413946784198    1.000000
6026    5967.910307122548    1.000000
6029    5970.222583110993    1.000000
6030    5971.827645226517    1.000000
6031    5973.353695310025    1.000000
6033    5974.461007875601    1.000000
6035    5975.9578872887705    1.000000
6037    5977.76046196778    1.000000
6038    5979.339181932269    1.000000
6040    5980.6742606351    1.000000
6041    5981.866998167313    1.000000
6043    5984.392189705547    1.000000
6044    5985.3934108633775    1.000000
6049    5987.301863492508    1.000000
6050    5989.087255783953    1.000000
6052    5990.499681263263    1.000000
6054    5992.417649558794    1.000000
6055    5994.3776626325825    1.000000
6056    5995.796010490559    1.000000
6057    5996.802846905925    1.000000
6058    5998.733688575958    1.000000
6060    6001.237272615956    1.000000
6061    6003.223057427061    1.000000
6063    6005.616372754955    1.000000
6064    6007.201115734877    1.000000
6065    6009.012771534845    1.000000
6066    6010.263718325219    1.000000
6068    6012.253722264203    1.000000
6070    6013.866797251265    1.000000
6072    6015.953333406458    1.000000
6074    6017.928229881472    1.000000
6075    6019.130902842353    1.000000
6076    6020.8619396933655    1.000000
6077    6022.260577185863    1.000000
6078    6023.880641176656    1.000000
6080    6024.927034776784    1.000000
6081    6026.366931676786    1.000000
6082    6027.663526985641    1.000000
6083    6029.1122733175    1.000000
6085    6031.350867239612    1.000000
6086    6032.650065729549    1.000000
6087    6033.846700474064    1.000000
6088    6035.64190389469    1.000000
6089    6036.926915166331    1.000000
6090    6038.765099600132    1.000000
6092    6039.89110564416    1.000000
6094    6041.723730801913    1.000000
6095    6043.190794193352    1.000000
6097    6045.181579027479    1.000000
6099    6047.953914931152    1.000000
6100    6049.814360115057    1.000000
6101    6050.976742053435    1.000000
6103    6052.016697592536    1.000000
6104    6053.702344438347    1.000000
6106    6056.012317734008    1.000000
6107    6057.100252918681    1.000000
6109    6059.058180536107    1.000000
6111    6060.575470011012    1.000000
6113    6062.816193270325    1.000000
6114    6064.61069827489    1.000000
6115    6066.48820793532    1.000000
6119    6068.976937920486    1.000000
6122    6070.021435730603    1.000000
6125    6072.156264786196    1.000000
6126    6073.30904509599    1.000000
6127    6074.865000205861    1.000000
6128    6076.466377669114    1.000000
6129    6077.841015036814    1.000000
6131    6079.160268845289    1.000000
6132    6080.797567173137    1.000000
6134    6082.823618848783    1.000000
6136    6084.169723924978    1.000000
6138    6085.525996733866    1.000000
6142    6087.09954370308    1.000000
6145    6088.875272227272    1.000000
6147    6090.167958957701    1.000000
6149    6092.293556428083    1.000000
6151    6093.321260397017    1.000000
6152    6094.5424486818765    1.000000
6154    6095.67477003182    1.000000
6156    6097.889991826843    1.000000
6157    6099.437908585361    1.000000
6158    6100.566335469067    1.000000
6159    6101.668478884482    1.000000
6161    6103.883946113467    1.000000
6162    6105.151124480754    1.000000
6163    6107.104796855921    1.000000
6165    6108.924605938051    1.000000
6168    6110.768849925364    1.000000
6169    6112.554646662571    1.000000
6172    6115.211245553173    1.000000
6174    6117.426135698388    1.000000
6175    6118.999736042839    1.000000
6177    6121.489775994713    1.000000
6178    6123.08661179912    1.000000
6179    6124.256685547974    1.000000
6181    6125.431663183867    1.000000
6182    6127.029934100654    1.000000
6184    6129.375038697424    1.000000
6186    6131.795486301785    1.000000
6188    6133.937443823606    1.000000
6189    6135.589326403796    1.000000
6190    6137.284485150804    1.000000
6191    6139.098089855657    1.000000
6193    6141.49044289523    1.000000
6195    6142.6898892449535    1.000000
6197    6144.728930591915    1.000000
6198    6145.739216374956    1.000000
6200    6148.1863357495695    1.000000
6202    6150.002730370841    1.000000
6204    6151.637102279874    1.000000
6206    6152.758409976894    1.000000
6208    6155.556467420095    1.000000
6209    6157.060737875066    1.000000
6210    6158.4575535155855    1.000000
6212    6160.116201043923    1.000000
6213    6161.522058421073    1.000000
6214    6163.502897541009    1.000000
6218    6164.65178360652    1.000000
6220    6167.394898744175    1.000000
6223    6169.23381477294    1.000000
6224    6171.162872795375    1.000000
6225    6172.381727178099    1.000000
6227    6174.433551329879    1.000000
6229    6175.824131470664    1.000000
6231    6178.118163097994    1.000000
6233    6179.2266865434085    1.000000
6234    6180.656376445134    1.000000
6237    6182.646608851222    1.000000
6238    6184.144285437516    1.000000
6239    6185.172056768683    1.000000
6242    6187.203278312633    1.000000
6243    6189.190673441522    1.000000
6245    6191.077793286721    1.000000
6247    6193.519331416153    1.000000
6248    6194.896439822154    1.000000
6249    6196.634810737937    1.000000
6250    6197.8271074025315    1.000000
6251    6199.665842817882    1.000000
6252    6201.161466008223    1.000000
6253    6202.695576446046    1.000000
6254    6204.415763143142    1.000000
6255    6205.784522636449    1.000000
6257    6208.45458745445    1.000000
6258    6210.052531228481    1.000000
6260    6211.923643412473    1.000000
6262    6213.909670945294    1.000000
6264    6216.471756478553    1.000000
6265    6217.816369591665    1.000000
6267    6220.078845762057    1.000000
6268    6221.489566270791    1.000000
6271    6222.8911313135095    1.000000
6273    6225.060391025211    1.000000
6275    6226.607010973625    1.000000
6276    6228.113196937414    1.000000
6278    6229.530886171769    1.000000
6280    6230.849444645552    1.000000
6281    6232.564178129591    1.000000
6283    6234.765993814013    1.000000
6286    6237.033042989185    1.000000
6288    6238.883860811539    1.000000
6289    6240.360593730662    1.000000
6292    6241.952707028135    1.000000
6293    6243.809590987133    1.000000
6294    6245.279455345429    1.000000
6295    6246.380096946672    1.000000
6297    6247.461928056459    1.000000
6299    6248.4796741985765    1.000000
6301    6249.897960072319    1.000000
6302    6251.07559854578    1.000000
6303    6253.065609152264    1.000000
6305    6254.131242800057    1.000000
6306    6255.638882461774    1.000000
6307    6257.162758182856    1.000000
6309    6258.782294373256    1.000000
6310    6260.5085011515675    1.000000
6312    6263.464698909656    1.000000
6314    6265.717909789804    1.000000
6315    6267.65186338974    1.000000
6316    6268.887602219621    1.000000
6317    6270.699913935744    1.000000
6320    6272.327330260169    1.000000
6321    6274.105930951078    1.000000
6324    6275.125578878114    1.000000
6325    6276.677043303474    1.000000
6327    6277.982517957749    1.000000
6330    6279.599247135322    1.000000
6332    6281.748947201708    1.000000
6335    6282.773448104197    1.000000
6338    6283.95683835482    1.000000
6339    6285.480770114181    1.000000
6341    6287.069727573051    1.000000
6342    6288.5300026265    1.000000
6344    6289.756198014827    1.000000
6345    6291.273749964673    1.000000
6347    6292.38662395634    1.000000
6348    6294.136070962554    1.000000
6351    6295.614247608576    1.000000
6354    6297.898724346873    1.000000
6355    6299.745346146942    1.000000
6356    6301.048409021143    1.000000
6357    6302.288012781067    1.000000
6358    6303.810359241628    1.000000
6360    6305.473689736512    1.000000
6362    6306.682819043933    1.000000
6364    6308.728025930933    1.000000
6365    6310.601281385918    1.000000
6368    6312.262085377541    1.000000
6371    6313.9291336945025    1.000000
6372    6315.106590934681    1.000000
6374    6317.0535308418475    1.000000
6376    6319.14637963248    1.000000
6378    6321.225144952458    1.000000
6380    6323.272739335428    1.000000
6382    6324.696969142138    1.000000
6384    6327.0877472328075    1.000000
6385    6328.956973646385    1.000000
6386    6330.119458509636    1.000000
6389    6332.061705976296    1.000000
6392    6334.606909895588    1.000000
6393    6336.567777179475    1.000000
6394    6338.162377080694    1.000000
6396    6340.245756845556    1.000000
6397    6341.469594306828    1.000000
6399    6342.561504544155    1.000000
6401    6343.569098603122    1.000000
6403    6345.305402143154    1.000000
6407    6346.748204663102    1.000000
6409    6349.316792937132    1.000000
6410    6351.158090592209    1.000000
6411    6353.082576979186    1.000000
6414    6354.114046767776    1.000000
6415    6355.5583361488225    1.000000
6417    6357.245220705625    1.000000
6419    6358.848971749938    1.000000
6421    6360.091896968362    1.000000
6424    6361.839870205808    1.000000
6425    6363.482266696408    1.000000
6426    6364.661362720593    1.000000
6427    6366.446634868054    1.000000
6428    6367.538133673336    1.000000
6430    6368.547923408036    1.000000
6431    6369.600459370994    1.000000
6432    6371.32973655099    1.000000
6435    6373.542484192858    1.000000
6437    6375.5974049504375    1.000000
6438    6377.440151172231    1.000000
6440    6379.076086275383    1.000000
6441    6380.149539373568    1.000000
6442    6382.0607281910725    1.000000
6443    6383.423900544618    1.000000
6445    6386.02685892732    1.000000
6446    6387.61898298146    1.000000
6447    6389.574441531724    1.000000
6450    6390.615512349463    1.000000
6453    6392.963965983851    1.000000
6454    6394.933500927372    1.000000
6455    6396.464838628638    1.000000
6457    6398.574519030487    1.000000
6459    6400.743357709711    1.000000
6460    6402.20961654596    1.000000
6462    6403.436546938131    1.000000
6464    6404.934325413072    1.000000
6465    6406.154484575668    1.000000
6467    6407.295079119481    1.000000
6468    6408.760153705712    1.000000
6469    6410.189596506251    1.000000
6470    6411.354670791803    1.000000
6471    6412.846336744224    1.000000
6472    6413.908868753203    1.000000
6475    6415.547710570232    1.000000
6477    6417.545194881078    1.000000
6480    6419.032607702249    1.000000
6482    6421.078130919341    1.000000
6483    6422.771201065292    1.000000
6485    6424.815385075911    1.000000
6488    6427.619639457483    1.000000
6490    6429.371839490936    1.000000
6492    6431.302328579899    1.000000
6493    6432.394777788598    1.000000
6495    6434.364145376521    1.000000
6497    6435.729195013766    1.000000
6499    6437.387596807955    1.000000
6502    6438.914306489767    1.000000
6503    6440.30688723609    1.000000
6504    6441.93277474775    1.000000
6506    6442.967636937465    1.000000
6508    6444.90122156533    1.000000
6509    6446.161054356876    1.000000
6511    6447.475816201946    1.000000
6512    6449.394598138839    1.000000
6514    6450.843941607509    1.000000
6516    6452.995090317802    1.000000
6517    6454.1215612224    1.000000
6519    6456.32560361651    1.000000
6520    6458.201471653084    1.000000
6522    6460.414122944252    1.000000
6526    6461.629838162421    1.000000
6527    6462.76592675121    1.000000
6528    6464.0141455680505    1.000000
6529    6465.477312897271    1.000000
6530    6466.7707295007185    1.000000
6532    6467.7823435902765    1.000000
6535    6470.363872410807    1.000000
6537    6472.351131747459    1.000000
6539    6474.452318675788    1.000000
6543    6475.936531499284    1.000000
6544    6477.221429900263    1.000000
6545    6478.335469187375    1.000000
6546    6479.810329023997    1.000000
6547    6481.119802642805    1.000000
6549    6482.762575765385    1.000000
6550    6484.721022750771    1.000000
6552    6486.861054782669    1.000000
6554    6488.696884602453    1.000000
6556    6490.47857082949    1.000000
6560    6492.387269898199    1.000000
6561    6493.720749800355    1.000000
6563    6495.62537894569    1.000000
6564    6496.9299098939755    1.000000
6565    6498.0447475123365    1.000000
6567    6499.897532100586    1.000000
6568    6501.775090316486    1.000000
6569    6503.72402811786    1.000000
6571    6504.791664505489    1.000000
6573    6506.340335586877    1.000000
6574    6507.60058157751    1.000000
6575    6508.606178903101    1.000000
6578    6509.807606268926    1.000000
6580    6512.036365895013    1.000000
6582    6513.684041536971    1.000000
6584    6515.14594828134    1.000000
6585    6516.941934390868    1.000000
6586    6518.22829137298    1.000000
6589    6519.302700837127    1.000000
6591    6520.350147436176    1.000000
6592    6521.864296354494    1.000000
6593    6523.760301390933    1.000000
6594    6525.638189397485    1.000000
6596    6528.205478745034    1.000000
6597    6529.691414286217    1.000000
6598    6531.08766147327    1.000000
6600    6532.60151082444    1.000000
6603    6534.059128365992    1.000000
6604    6535.1110860133585    1.000000
6606    6537.662391138267    1.000000
6607    6539.142308814029    1.000000
6608    6540.556106455763    1.000000
6609    6541.998372461867    1.000000
6611    6543.3454433660645    1.000000
6614    6545.392715112409    1.000000
6616    6547.844683004329    1.000000
6617    6549.276198503036    1.000000
6618    6550.340578608384    1.000000
6620    6551.5357459867155    1.000000
6622    6553.055539805284    1.000000
6624    6554.075380175739    1.000000
6625    6555.309050961012    1.000000
6627    6556.87336344773    1.000000
6628    6558.201046166295    1.000000
6630    6559.979175365554    1.000000
6632    6561.411202329657    1.000000
6634    6562.477396458123    1.000000
6635    6564.327338321722    1.000000
6638    6566.843906169872    1.000000
6641    6569.340486274582    1.000000
6642    6570.49081576579    1.000000
6646    6571.7112330677555    1.000000
6647    6573.0254088072725    1.000000
6648    6574.551806425599    1.000000
6652    6576.612821088706    1.000000
6653    6577.785584315817    1.000000
6654    6579.01661707413    1.000000
6655    6580.424499797609    1.000000
6657    6581.828487196755    1.000000
6658    6583.681916315793    1.000000
6659    6584.9647153630995    1.000000
6661    6587.185560794952    1.000000
6662    6588.498515688801    1.000000
6663    6590.203131413594    1.000000
6666    6592.4507692423    1.000000
6667    6594.331798601898    1.000000
6668    6596.290003197334    1.000000
6670    6597.988452246357    1.000000
6671    6599.705006136438    1.000000
6675    6600.92063910977    1.000000
6677    6602.529989509643    1.000000
6680    6604.329560987319    1.000000
6682    6605.6341015580565    1.000000
6683    6607.367342456886    1.000000
6684    6608.400336031006    1.000000
6685    6610.265641758004    1.000000
6686    6612.035505245624    1.000000
6687    6613.8982886974245    1.000000
6689    6615.734142441639    1.000000
6690    6616.961508998069    1.000000
6692    6618.149647278652    1.000000
6693    6619.757679782966    1.000000
6695    6621.018194649928    1.000000
6699    6622.157557958972    1.000000
6700    6623.902410724055    1.000000
6701    6625.020588881641    1.000000
6703    6626.340885193425    1.000000
6706    6628.590794828139    1.000000
6707    6629.607219467651    1.000000
6708    6631.5363776429795    1.000000
6710    6632.634439700238    1.000000
6712    6635.001436157038    1.000000
6715    6636.036607775545    1.000000
6717    6638.1081976698615    1.000000
6718    6639.367374847988    1.000000
6719    6640.48274081791    1.000000
6720    6642.307824482183    1.000000
6721    6643.329265417625    1.000000
6723    6645.999006056428    1.000000
6724    6647.514636060644    1.000000
6725    6649.402417235248    1.000000
6727    6651.036733654301    1.000000
6730    6652.500548948706    1.000000
6731    6654.106763898427    1.000000
6732    6655.835103567145    1.000000
6733    6656.878243243977    1.000000
6734    6658.82960696224    1.000000
6735    6660.414701760241    1.000000
6737    6662.236393504373    1.000000
6738    6663.314040656415    1.000000
6740    6665.944188201068    1.000000
6743    6668.2339633445745    1.000000
6744    6670.114628597423    1.000000
6747    6672.22144396612    1.000000
6748    6673.695774083588    1.000000
6750    6675.181526544675    1.000000
6752    6676.294511089703    1.000000
6753    6677.580522409688    1.000000
6755    6678.6478857438315    1.000000
6758    6680.545218005748    1.000000
6759    6682.503603360561    1.000000
6760    6684.389457778262    1.000000
6763    6685.563561417471    1.000000
6764    6687.417160413775    1.000000
6765    6689.205075213171    1.000000
6768    6691.671347228898    1.000000
6769    6693.521188690207    1.000000
6771    6695.280169133122    1.000000
6774    6698.114648476551    1.000000
6775    6699.753997808014    1.000000
6776    6701.419259815041    1.000000
6779    6703.706754728086    1.000000
6781    6704.806217999124    1.000000
6783    6705.919408876454    1.000000
6784    6707.671402540513    1.000000
6785    6709.642835544449    1.000000
6786    6710.708036065235    1.000000
6787    6712.525978446786    1.000000
6788    6713.841953001405    1.000000
6789    6715.39296964485    1.000000
6790    6716.954141147123    1.000000
6792    6718.213710901636    1.000000
6793    6719.362604290296    1.000000
6794    6721.186939599568    1.000000
6795    6722.766655503781    1.000000
6797    6724.128936220086    1.000000
6798    6725.7977127728645    1.000000
6799    6727.511491626571    1.000000
6800    6728.987984150391    1.000000
6801    6730.135264467389    1.000000
6802    6731.1787747499975    1.000000
6804    6733.171098354514    1.000000
6806    6735.254075594988    1.000000
6808    6736.634855236515    1.000000
6809    6737.975750887069    1.000000
6810    6739.697230993402    1.000000
6811    6741.395604439022    1.000000
6812    6742.431290981085    1.000000
6813    6744.14908910981    1.000000
6814    6745.998004338087    1.000000
6816    6747.972607868919    1.000000
6817    6749.5166827356925    1.000000
6818    6751.4348283902955    1.000000
6820    6753.565208289486    1.000000
6822    6755.293195502228    1.000000
6825    6758.232265981808    1.000000
6826    6760.013290813613    1.000000
6829    6761.560073245688    1.000000
6830    6763.187098979773    1.000000
6832    6764.756605551268    1.000000
6833    6765.7807822150635    1.000000
6834    6767.232049447164    1.000000
6836    6768.853904756977    1.000000
6838    6770.020878165109    1.000000
6839    6771.831354351699    1.000000
6840    6773.119977387289    1.000000
6841    6774.5426956783485    1.000000
6843    6777.457269403819    1.000000
6846    6779.691599398487    1.000000
6847    6781.169485835341    1.000000
6850    6782.624809937271    1.000000
6852    6785.097263627423    1.000000
6855    6787.180076179413    1.000000
6857    6788.311940119081    1.000000
6859    6789.601065478465    1.000000
6860    6791.136895093681    1.000000
6861    6792.311999671025    1.000000
6864    6793.890075243526    1.000000
6866    6795.338659857883    1.000000
6869    6796.637759456856    1.000000
6871    6799.278286427026    1.000000
6873    6801.464370085084    1.000000
6874    6803.237490603945    1.000000
6875    6804.546886340295    1.000000
6877    6806.833278034217    1.000000
6878    6808.1195647028635    1.000000
6880    6809.978790628853    1.000000
6881    6811.142596304095    1.000000
6882    6812.773968529326    1.000000
6885    6814.631678484805    1.000000
6886    6815.820692812973    1.000000
6887    6816.854992643274    1.000000
6888    6818.1326423377595    1.000000
6889    6819.449199696196    1.000000
6890    6821.139483516581    1.000000
6892    6823.264259389384    1.000000
6895    6824.508333147528    1.000000
6897    6826.561656773186    1.000000
6899    6828.0894987169895    1.000000
6900    6829.975321230737    1.000000
6902    6831.226863346508    1.000000
6903    6833.107101313688    1.000000
6907    6834.634051409372    1.000000
6908    6836.072779543859    1.000000
6910    6838.049370901932    1.000000
6912    6839.370644183065    1.000000
6914    6841.343449793782    1.000000
6917    6843.273444759231    1.000000
6919    6845.184690234916    1.000000
6920    6846.518580906661    1.000000
6921    6847.733457400287    1.000000
6922    6849.538827332315    1.000000
6924    6850.587592265253    1.000000
6930    6852.80975693953    1.000000
6931    6854.2100826653505    1.000000
6934    6856.748746647111    1.000000
6936    6859.022078897163    1.000000
6937    6860.1277590161335    1.000000
6938    6861.946806069426    1.000000
6940    6863.076229986827    1.000000
6942    6864.961684616999    1.000000
6943    6866.150930918371    1.000000
6945    6868.197747069993    1.000000
6946    6869.993416598224    1.000000
6948    6871.167542485686    1.000000
6949    6873.047616735643    1.000000
6951    6874.089160365894    1.000000
6953    6876.094237915636    1.000000
6954    6877.525135920897    1.000000
6956    6879.197307474886    1.000000
6958    6881.2125217158655    1.000000
6959    6882.9337512748525    1.000000
6960    6884.010284163011    1.000000
6961    6885.641602955022    1.000000
6963    6887.40464875626    1.000000
6965    6889.13164252771    1.000000
6967    6890.656768140917    1.000000
6969    6893.3236409535875    1.000000
6971    6894.38332355923    1.000000
6975    6895.403333499003    1.000000
6976    6897.1203550770115    1.000000
6977    6898.244398569293    1.000000
6978    6899.875892904402    1.000000
6980    6902.5561174502345    1.000000
6981    6903.869217017716    1.000000
6982    6905.0433515157065    1.000000
6984    6906.069967685403    1.000000
6986    6908.5078689792335    1.000000
6987    6909.577696292206    1.000000
6988    6911.54523196114    1.000000
6989    6912.922805403026    1.000000
6991    6915.17498018008    1.000000
6993    6917.2246480489575    1.000000
6995    6918.632598611233    1.000000
6996    6920.394344493035    1.000000
6997    6921.635399664981    1.000000
6999    6923.0990755270495    1.000000
7001    6925.045251116628    1.000000
7002    6926.626835564854    1.000000
7004    6927.645448107181    1.000000
7005    6928.962099681394    1.000000
7006    6930.929207582571    1.000000
7007    6932.1944177816795    1.000000
7008    6934.117889481893    1.000000
7009    6935.504097106342    1.000000
7010    6936.947806905717    1.000000
7012    6938.8030449878315    1.000000
7013    6939.860625003629    1.000000
7014    6941.256890309358    1.000000
7015    6942.257312957542    1.000000
7016    6943.421821126313    1.000000
7019    6945.821014932816    1.000000
7020    6947.00990313734    1.000000
7021    6948.662071347789    1.000000
7023    6950.660326216143    1.000000
7025    6952.543080352438    1.000000
7029    6954.510543123538    1.000000
7031    6956.166473993981    1.000000
7033    6958.108875502899    1.000000
7034    6959.903407273872    1.000000
7035    6961.196133364093    1.000000
7037    6962.581537617645    1.000000
7038    6963.975161451598    1.000000
7040    6965.929819728507    1.000000
7042    6967.402357114923    1.000000
7043    6968.631843848449    1.000000
7044    6969.845448733757    1.000000
7046    6971.310539801879    1.000000
7049    6973.8600633537835    1.000000
7051    6975.876274485203    1.000000
7055    6978.248527264098    1.000000
7056    6980.218757264878    1.000000
7060    6981.715258014828    1.000000
7062    6984.409871479611    1.000000
7064    6986.314080057264    1.000000
7065    6988.155947498052    1.000000
7068    6990.894588006639    1.000000
7072    6991.945078998993    1.000000
7074    6994.1230121403805    1.000000
7075    6996.051369352474    1.000000
7077    6998.652822368782    1.000000
7079    7001.146854249181    1.000000
7080    7002.716200706045    1.000000
7082    7004.873001126294    1.000000
7085    7006.113701326682    1.000000
7086    7007.255198033223    1.000000
7090    7009.577355771707    1.000000
7091    7011.262709957754    1.000000
7094    7012.637312951912    1.000000
7095    7014.028442693317    1.000000
7096    7015.515533463037    1.000000
7097    7017.0013116063255    1.000000
7099    7018.720535740882    1.000000
7101    7020.451601485516    1.000000
7103    7022.038536710721    1.000000
7104    7023.647981441896    1.000000
7105    7025.0599318572295    1.000000
7106    7026.3734138871    1.000000
7108    7027.895913181738    1.000000
7110    7029.876702608969    1.000000
7113    7031.000213344658    1.000000
7114    7032.0216508371195    1.000000
7116    7033.21159076927    1.000000
7117    7034.492379325887    1.000000
7118    7036.295520643417    1.000000
7120    7038.699802027109    1.000000
7122    7040.00157744403    1.000000
7123    7041.236698113892    1.000000
7125    7043.41247744242    1.000000
7127    7045.180290084901    1.000000
7129    7047.11550273681    1.000000
7130    7048.917066729697    1.000000
7131    7050.401847313002    1.000000
7133    7052.981651197053    1.000000
7134    7054.461463500332    1.000000
7136    7055.808221544585    1.000000
7137    7057.313781187534    1.000000
7140    7059.832245054276    1.000000
7142    7061.763234930446    1.000000
7143    7063.259298816423    1.000000
7145    7065.793862078954    1.000000
7148    7066.986890050048    1.000000
7149    7068.30589050956    1.000000
7151    7070.585670775133    1.000000
7152    7072.258430422767    1.000000
7153    7073.922941859313    1.000000
7155    7075.339204524562    1.000000
7157    7076.634556700092    1.000000
7158    7078.265385069568    1.000000
7160    7080.095832834594    1.000000
7161    7081.61604508807    1.000000
7162    7082.920389087213    1.000000
7163    7084.449826970012    1.000000
7165    7086.127643362823    1.000000
7166    7088.116036709498    1.000000
7168    7089.88340616282    1.000000
7171    7091.1110195484935    1.000000
7172    7092.250907338593    1.000000
7173    7093.64645641645    1.000000
7176    7095.714280748409    1.000000
7177    7096.935144887383    1.000000
7179    7097.960280439569    1.000000
7180    7099.692849048079    1.000000
7181    7101.524185538324    1.000000
7182    7103.463145095192    1.000000
7185    7105.628434572591    1.000000
7187    7107.350894138718    1.000000
7188    7108.384859043979    1.000000
7190    7109.6255204930985    1.000000
7191    7110.993258028525    1.000000
7193    7112.171213550012    1.000000
7195    7113.183317317795    1.000000
7196    7114.252153867283    1.000000
7197    7115.602682158408    1.000000
7198    7117.012379560471    1.000000
7199    7118.600279694313    1.000000
7202    7119.617540068954    1.000000
7203    7120.904355292875    1.000000
7205    7122.991202783512    1.000000
7206    7124.672932522006    1.000000
7207    7126.565659944792    1.000000
7208    7128.4039011813675    1.000000
7210    7130.703870246619    1.000000
7211    7132.687564958961    1.000000
7213    7134.581392338754    1.000000
7214    7135.785039724814    1.000000
7215    7137.696494712343    1.000000
7216    7138.824491202604    1.000000
7218    7141.374165240192    1.000000
7219    7142.751753289112    1.000000
7220    7143.889814279177    1.000000
7221    7144.923720256676    1.000000
7222    7146.8402485218    1.000000
7224    7148.656933136625    1.000000
7226    7149.793291414113    1.000000
7228    7151.962364730149    1.000000
7230    7154.289591898683    1.000000
7232    7155.406122338162    1.000000
7234    7157.247008440303    1.000000
7236    7159.358883177008    1.000000
7237    7161.264991783025    1.000000
7238    7162.408379012098    1.000000
7240    7163.7143722368055    1.000000
7242    7165.603095506679    1.000000
7244    7167.148554120558    1.000000
7247    7169.076028653941    1.000000
7250    7171.290172793727    1.000000
7251    7172.91185385934    1.000000
7254    7175.188293295777    1.000000
7256    7176.980884112989    1.000000
7258    7178.441473589787    1.000000
7259    7180.139041311356    1.000000
7260    7181.358363194299    1.000000
7261    7182.594634347949    1.000000
7263    7184.016453222904    1.000000
7264    7185.177060147854    1.000000
7268    7187.59633636724    1.000000
7269    7189.285125538157    1.000000
7270    7191.22699354848    1.000000
7272    7192.420288911143    1.000000
7273    7193.7481040764005    1.000000
7274    7195.62147517868    1.000000
7275    7196.622308657622    1.000000
7276    7198.05098396502    1.000000
7277    7199.157871198906    1.000000
7278    7200.161413369126    1.000000
7280    7201.523380703646    1.000000
7282    7202.879327595552    1.000000
7284    7204.322106153482    1.000000
7285    7205.57184234508    1.000000
7287    7207.407806235262    1.000000
7289    7209.228773686734    1.000000
7292    7212.052824488299    1.000000
7293    7214.008570446572    1.000000
7296    7216.119407494845    1.000000
7298    7218.2729042187675    1.000000
7299    7220.2568469373955    1.000000
7300    7221.428295427335    1.000000
7301    7222.990504217913    1.000000
7303    7224.158988691975    1.000000
7305    7225.367304809421    1.000000
7306    7227.297778204858    1.000000
7308    7228.721897761041    1.000000
7310    7230.17674035581    1.000000
7312    7232.340204944528    1.000000
7314    7233.7199013216505    1.000000
7315    7235.711881865415    1.000000
7316    7237.084312593483    1.000000
7318    7238.154502024259    1.000000
7319    7239.7917834449445    1.000000
7320    7241.645955535631    1.000000
7321    7243.550251467939    1.000000
7323    7245.194310793822    1.000000
7325    7247.261043225512    1.000000
7327    7248.313372994834    1.000000
7328    7249.738945999199    1.000000
7329    7251.239655984444    1.000000
7330    7252.615877826046    1.000000
7331    7253.8711976380355    1.000000
7334    7255.010644929668    1.000000
7335    7256.651137806872    1.000000
7336    7258.01609377188    1.000000
7338    7260.840910439767    1.000000
7339    7261.8460228404465    1.000000
7340    7263.603030437254    1.000000
7342    7265.703719391557    1.000000
7343    7267.498157362235    1.000000
7345    7269.979070548753    1.000000
7347    7271.617661398901    1.000000
7348    7272.754618839833    1.000000
7350    7275.000924563388    1.000000
7352    7277.089745356222    1.000000
7354    7278.498698018934    1.000000
7357    7279.957000542971    1.000000
7359    7281.697065081415    1.000000
7360    7283.207181321985    1.000000
7362    7284.314696013319    1.000000
7364    7286.697425073856    1.000000
7366    7288.237851789292    1.000000
7369    7289.316449815139    1.000000
7372    7290.324876442574    1.000000
7373    7291.5285460721225    1.000000
7377    7292.688542403174    1.000000
7379    7294.9777877791985    1.000000
7380    7296.1020521057135    1.000000
7383    7298.4878475908    1.000000
7384    7300.439070238557    1.000000
7385    7301.810262153119    1.000000
7386    7303.215249342745    1.000000
7387    7304.221546956034    1.000000
7388    7306.016673163491    1.000000
7389    7307.699093728426    1.000000
7391    7309.184996862838    1.000000
7392    7311.064677018301    1.000000
7393    7312.852281977697    1.000000
7396    7314.544808783908    1.000000
7398    7316.939180698869    1.000000
7399    7318.54300953532    1.000000
7401    7319.943732028631    1.000000
7402    7321.138033715363    1.000000
7403    7322.95647012028    1.000000
7405    7325.39977616367    1.000000
7406    7326.705425555666    1.000000
7407    7328.570534445847    1.000000
7409    7329.9179417221285    1.000000
7410    7331.431463353302    1.000000
7412    7333.781734363268    1.000000
7413    7335.172881973281    1.000000
7415    7337.635109686452    1.000000
7417    7339.290298429483    1.000000
7418    7341.159776575031    1.000000
7420    7344.08634279134    1.000000
7422    7345.429882640124    1.000000
7424    7347.088011685144    1.000000
7426    7348.417276955104    1.000000
7427    7349.482539201186    1.000000
7429    7352.164146751874    1.000000
7430    7353.957100655184    1.000000
7431    7355.02113241559    1.000000
7432    7356.7638311732735    1.000000
7433    7357.882083266294    1.000000
7434    7359.342825428493    1.000000
7435    7361.1249293651    1.000000
7437    7363.111415567831    1.000000
7438    7364.878275782316    1.000000
7439    7366.430863110298    1.000000
7440    7367.49603336109    1.000000
7442    7368.809581455581    1.000000
7444    7370.298668265163    1.000000
7446    7371.299981583185    1.000000
7448    7373.702010220416    1.000000
7450    7376.373888564819    1.000000
7451    7377.4033267737805    1.000000
7453    7378.773069427321    1.000000
7454    7380.029445420474    1.000000
7456    7381.736853945139    1.000000
7458    7383.1599233162115    1.000000
7459    7384.334919202517    1.000000
7462    7386.551713767225    1.000000
7464    7387.908796233218    1.000000
7466    7389.595543661342    1.000000
7467    7391.375752650091    1.000000
7468    7392.64919352866    1.000000
7470    7393.6652467192    1.000000
7472    7394.907098704422    1.000000
7477    7397.059082650968    1.000000
7478    7398.529433657584    1.000000
7480    7400.693376239729    1.000000
7482    7402.195083068275    1.000000
7484    7404.3993156030965    1.000000
7485    7405.994827001304    1.000000
7487    7408.421265463104    1.000000
7488    7409.962931664316    1.000000
7490    7411.178842640872    1.000000
7493    7412.456286092036    1.000000
7494    7414.218450934663    1.000000
7495    7415.3174729996945    1.000000
7496    7416.806862004978    1.000000
7497    7418.651043664919    1.000000
7499    7420.075060521184    1.000000
7501    7421.689204731422    1.000000
7502    7422.9177535596455    1.000000
7504    7424.509465145157    1.000000
7505    7425.783016640711    1.000000
7506    7427.2160867894145    1.000000
7507    7428.680286581622    1.000000
7508    7430.397354590879    1.000000
7510    7431.702002922383    1.000000
7512    7433.050387085599    1.000000
7514    7434.509163765042    1.000000
7515    7436.175957278985    1.000000
7516    7438.006711805787    1.000000
7518    7440.033549472687    1.000000
7519    7441.150217433178    1.000000
7521    7443.025205279831    1.000000
7523    7444.9083691798205    1.000000
7524    7446.832207559799    1.000000
7525    7448.294115132596    1.000000
7528    7449.533989847885    1.000000
7529    7451.248651594785    1.000000
7532    7453.2457433282625    1.000000
7535    7455.267534838657    1.000000
7537    7456.375893317994    1.000000
7539    7459.036123734015    1.000000
7541    7460.5890435857655    1.000000
7542    7462.099537746073    1.000000
7543    7463.226809476038    1.000000
7546    7465.294128004184    1.000000
7548    7466.402247291982    1.000000
7550    7468.033718074712    1.000000
7551    7469.074064178282    1.000000
7553    7471.2042610808685    1.000000
7555    7473.7240353320585    1.000000
7556    7475.552317439005    1.000000
7557    7477.3266848392395    1.000000
7558    7478.741563291269    1.000000
7559    7480.567197259548    1.000000
7560    7482.224422937403    1.000000
7561    7484.191777052953    1.000000
7563    7485.429387882705    1.000000
7564    7487.2141919584965    1.000000
7566    7488.360468281555    1.000000
7569    7490.180531003    1.000000
7571    7492.182029311712    1.000000
7573    7494.008694637518    1.000000
7575    7495.706625729379    1.000000
7576    7497.548885970938    1.000000
7578    7499.268477384813    1.000000
7580    7501.901524271728    1.000000
7581    7503.637936111336    1.000000
7583    7505.437035259104    1.000000
7586    7506.603530308131    1.000000
7587    7508.208143294791    1.000000
7588    7509.74677392325    1.000000
7592    7512.295032164173    1.000000
7597    7514.134929741798    1.000000
7598    7515.802464417035    1.000000
7599    7517.499207908371    1.000000
7600    7519.311715532972    1.000000
7601    7520.417314181873    1.000000
7602    7521.809895800718    1.000000
7605    7522.983473614215    1.000000
7606    7524.1337275573715    1.000000
7609    7526.638568894526    1.000000
7610    7528.335200823778    1.000000
7611    7530.078622923785    1.000000
7613    7531.744468759399    1.000000
7614    7532.958007575794    1.000000
7616    7534.194514646928    1.000000
7618    7536.661511465657    1.000000
7620    7538.045923357107    1.000000
7621    7539.369519369607    1.000000
7623    7540.469905987789    1.000000
7626    7542.7558783316745    1.000000
7627    7544.192986322868    1.000000
7629    7546.233138740436    1.000000
7630    7548.108735153601    1.000000
7631    7549.484741604004    1.000000
7633    7551.599669114379    1.000000
7634    7552.859603583909    1.000000
7636    7554.401101940008    1.000000
7639    7556.228665802899    1.000000
7640    7557.451482702274    1.000000
7642    7559.798430607395    1.000000
7644    7561.582256464616    1.000000
7646    7563.276416063157    1.000000
7647    7564.611691398534    1.000000
7648    7566.458411162049    1.000000
7650    7568.436277145571    1.000000
7653    7571.2143726889235    1.000000
7655    7572.565751061269    1.000000
7656    7574.503483355707    1.000000
7658    7576.710509559199    1.000000
7660    7578.870619903685    1.000000
7662    7580.35569170431    1.000000
7664    7582.937618816093    1.000000
7666    7584.372630277347    1.000000
7667    7585.99426743642    1.000000
7669    7587.01904939509    1.000000
7671    7588.43982425829    1.000000
7672    7589.646533497072    1.000000
7674    7591.554600385622    1.000000
7675    7593.34345928385    1.000000
7678    7594.783260255066    1.000000
7679    7596.17238966007    1.000000
7680    7597.279386914866    1.000000
7681    7598.422308278642    1.000000
7684    7600.610821147358    1.000000
7685    7601.6212134024245    1.000000
7689    7602.658127507008    1.000000
7691    7604.223855342146    1.000000
7692    7605.4307538375715    1.000000
7693    7607.217072742898    1.000000
7694    7609.215782777012    1.000000
7696    7610.5191018178375    1.000000
7697    7612.452887083547    1.000000
7699    7615.14559677036    1.000000
7700    7616.956754766013    1.000000
7702    7618.469924680409    1.000000
7703    7619.512502858245    1.000000
7704    7621.072523597965    1.000000
7706    7622.873993386424    1.000000
7707    7623.887209981503    1.000000
7709    7625.866574796117    1.000000
7710    7626.956525431232    1.000000
7712    7628.085085101867    1.000000
7714    7630.421617910315    1.000000
7717    7632.455949728086    1.000000
7719    7634.424922415637    1.000000
7721    7636.611819993601    1.000000
7722    7637.9762897692335    1.000000
7723    7639.714559609531    1.000000
7724    7640.992157609191    1.000000
7725    7642.686843485622    1.000000
7727    7644.8875501155335    1.000000
7729    7646.726544836679    1.000000
7731    7648.198023581449    1.000000
7733    7650.824390224246    1.000000
7735    7653.396108848331    1.000000
7736    7654.88968667833    1.000000
7737    7656.348782549294    1.000000
7741    7658.974234376137    1.000000
7742    7660.572877354604    1.000000
7743    7661.783738479873    1.000000
7744    7663.231039180214    1.000000
7745    7664.997718917817    1.000000
7746    7666.355279552837    1.000000
7747    7667.855197196013    1.000000
7748    7668.977516557268    1.000000
7749    7670.059194670194    1.000000
7750    7671.376878097577    1.000000
7751    7673.338655928001    1.000000
7752    7674.495117295886    1.000000
7753    7676.045322613596    1.000000
7756    7677.625752754058    1.000000
7759    7678.798507025842    1.000000
7760    7680.178622712463    1.000000
7762    7682.179761225315    1.000000
7764    7683.784073168156    1.000000
7765    7685.184258642544    1.000000
7766    7686.6325521635645    1.000000
7767    7688.475460161845    1.000000
7768    7689.484761966627    1.000000
7770    7690.505674115779    1.000000
7771    7691.788606339049    1.000000
7772    7693.235149504679    1.000000
7774    7695.551469893965    1.000000
7776    7697.3446165433315    1.000000
7777    7698.982706873599    1.000000
7779    7700.648863403893    1.000000
7781    7702.025605438115    1.000000
7782    7703.477747425833    1.000000
7783    7705.33909454769    1.000000
7784    7706.906821515016    1.000000
7786    7709.0493264990355    1.000000
7787    7710.107617889523    1.000000
7789    7711.7528996409565    1.000000
7790    7713.341256189186    1.000000
7792    7714.533945748132    1.000000
7793    7716.433921138885    1.000000
7794    7718.287213453066    1.000000
7796    7720.158000275467    1.000000
7797    7721.324278863894    1.000000
7800    7723.504446594053    1.000000
7802    7726.24084194601    1.000000
7803    7727.812945757145    1.000000
7805    7729.159938845619    1.000000
7806    7731.0828490644    1.000000
7808    7732.532523697403    1.000000
7809    7734.219229940558    1.000000
7811    7735.3323244633975    1.000000
7813    7737.252025787927    1.000000
7816    7739.228071951597    1.000000
7818    7740.285639416416    1.000000
7819    7741.967191912929    1.000000
7820    7743.5962739255765    1.000000
7822    7745.6840250918185    1.000000
7823    7747.643358351189    1.000000
7826    7749.686688914289    1.000000
7827    7750.758603197171    1.000000
7828    7752.063130795127    1.000000
7831    7753.307120953867    1.000000
7833    7755.258783986373    1.000000
7836    7756.556311011787    1.000000
7840    7759.191520129589    1.000000
7841    7760.584620469873    1.000000
7842    7761.76945367069    1.000000
7844    7763.339481163843    1.000000
7846    7765.874367220923    1.000000
7848    7768.631802513259    1.000000
7850    7769.926942981935    1.000000
7851    7771.914562559381    1.000000
7852    7773.798894748728    1.000000
7854    7775.799430469316    1.000000
7856    7778.532157561816    1.000000
7858    7779.904372775468    1.000000
7860    7781.947375950422    1.000000
7862    7783.369029695831    1.000000
7864    7785.297358786151    1.000000
7866    7787.489691753032    1.000000
7867    7789.326874253785    1.000000
7869    7790.387964931734    1.000000
7872    7791.663733942045    1.000000
7873    7793.130736836557    1.000000
7876    7794.479128698067    1.000000
7878    7796.125666931519    1.000000
7880    7798.283881686965    1.000000
7882    7800.791225476303    1.000000
7883    7802.536191513459    1.000000
7884    7803.874544536206    1.000000
7885    7804.956319613792    1.000000
7888    7806.623593651741    1.000000
7889    7808.060137029349    1.000000
7891    7809.181749724069    1.000000
7893    7811.866827999659    1.000000
7894    7813.799789879354    1.000000
7896    7815.40413633022    1.000000
7897    7816.646884844653    1.000000
7900    7817.878636613366    1.000000
7901    7819.807160073594    1.000000
7902    7821.268336819808    1.000000
7904    7822.876911877722    1.000000
7905    7824.53646132322    1.000000
7906    7826.346988018859    1.000000
7909    7827.576373986286    1.000000
7910    7829.371029823799    1.000000
7911    7830.893719121929    1.000000
7914    7833.009657738092    1.000000
7916    7834.984048396884    1.000000
7917    7836.266626395794    1.000000
7919    7837.943464370156    1.000000
7920    7838.971892968253    1.000000
7921    7840.968763007703    1.000000
7924    7842.503796074972    1.000000
7926    7844.324249025809    1.000000
7927    7846.280784591137    1.000000
7930    7847.942789353614    1.000000
7931    7849.572485670078    1.000000
7935    7851.949602417953    1.000000
7937    7854.572820111661    1.000000
7939    7855.882423940596    1.000000
7941    7857.283742928107    1.000000
7942    7858.589325306082    1.000000
7944    7860.402542530528    1.000000
7945    7861.820580917425    1.000000
7946    7863.2044642951    1.000000
7947    7864.401125429498    1.000000
7948    7865.458493343437    1.000000
7949    7866.859560758104    1.000000
7951    7869.279683843472    1.000000
7954    7871.423755966437    1.000000
7955    7872.91763097184    1.000000
7957    7875.277201765438    1.000000
7959    7876.857787331839    1.000000
7961    7878.875602542805    1.000000
7963    7879.975522006162    1.000000
7964    7881.843011798953    1.000000
7965    7883.035683051329    1.000000
7966    7884.111011693282    1.000000
7968    7885.344555474754    1.000000
7970    7887.754838581425    1.000000
7972    7889.9346128916695    1.000000
7974    7891.527145082658    1.000000
7976    7893.0710164737975    1.000000
7977    7894.429322518811    1.000000
7979    7896.923473778699    1.000000
7982    7898.162497141262    1.000000
7984    7900.853002743714    1.000000
7985    7902.560922625276    1.000000
7987    7904.970893159813    1.000000
7989    7906.83648454928    1.000000
7990    7908.430759906963    1.000000
7991    7909.527101381556    1.000000
7994    7911.5952728568545    1.000000
7996    7912.666381187989    1.000000
7998    7913.724773519206    1.000000
7999    7915.082381127809    1.000000
8001    7917.284737204785    1.000000
8003    7918.867233289624    1.000000
8005    7920.481687062413    1.000000
8007    7922.352241750325    1.000000
8008    7923.443850835952    1.000000
8009    7924.512333513644    1.000000
8010    7925.528409246276    1.000000
8015    7926.566056033193    1.000000
8016    7928.08071462063    1.000000
8017    7929.295340579031    1.000000
8019    7930.512144151587    1.000000
8021    7931.778881821047    1.000000
8022    7932.921934248714    1.000000
8024    7935.128860440677    1.000000
8025    7936.71976085826    1.000000
8026    7938.093115314609    1.000000
8027    7939.1684117860395    1.000000
8028    7941.057442498356    1.000000
8029    7942.552105800506    1.000000
8030    7944.482957618787    1.000000
8031    7946.110792326482    1.000000
8032    7947.555645834216    1.000000
8034    7948.5563704882625    1.000000
8036    7950.022302081965    1.000000
8038    7951.723920362361    1.000000
8040    7952.845785352786    1.000000
8043    7954.759800881156    1.000000
8047    7957.078229640824    1.000000
8049    7959.401099922269    1.000000
8052    7961.836041466396    1.000000
8053    7963.7158223947035    1.000000
8054    7965.0041952014335    1.000000
8056    7966.5013377603445    1.000000
8057    7967.527098712415    1.000000
8058    7968.9645190307465    1.000000
8059    7970.7251179853565    1.000000
8061    7972.015473694958    1.000000
8063    7974.052076475037    1.000000
8065    7976.718774525301    1.000000
8066    7978.615449889908    1.000000
8068    7980.047083700266    1.000000
8069    7981.117558653725    1.000000
8072    7982.674835137947    1.000000
8073    7984.269036242745    1.000000
8076    7985.945991845037    1.000000
8077    7987.18233262546    1.000000
8078    7989.112671379896    1.000000
8080    7990.289930127185    1.000000
8082    7992.4354149055525    1.000000
8083    7993.641607772142    1.000000
8084    7995.2889827157605    1.000000
8087    7997.890897769825    1.000000
8089    8000.53453968429    1.000000
8091    8002.356510599665    1.000000
8095    8003.575380285414    1.000000
8098    8006.199873728333    1.000000
8100    8007.740646054184    1.000000
8101    8009.455557159873    1.000000
8103    8012.0804905378345    1.000000
8105    8013.712308380152    1.000000
8106    8015.706927233264    1.000000
8107    8017.259504001032    1.000000
8109    8019.20355604075    1.000000
8111    8021.578770504811    1.000000
8113    8022.585552255015    1.000000
8115    8025.473190443996    1.000000
8117    8026.739778738361    1.000000
8118    8028.711275092355    1.000000
8120    8030.483569531131    1.000000
8122    8032.532233994438    1.000000
8123    8033.809855491298    1.000000
8124    8035.130007253512    1.000000
8125    8037.102316282954    1.000000
8126    8038.187893030127    1.000000
8128    8039.821411978597    1.000000
8130    8041.952340942459    1.000000
8134    8043.3924213894    1.000000
8135    8045.309642836856    1.000000
8137    8046.636514757631    1.000000
8139    8047.892748481416    1.000000
8141    8049.145117325287    1.000000
8143    8050.749354810329    1.000000
8145    8052.678849193113    1.000000
8147    8054.611960589574    1.000000
8148    8056.1199675395455    1.000000
8150    8057.338626218417    1.000000
8152    8058.55142344269    1.000000
8154    8060.6989915346485    1.000000
8156    8062.023985721411    1.000000
8157    8063.888755981208    1.000000
8158    8065.068648047012    1.000000
8161    8067.098639144592    1.000000
8164    8069.101906898488    1.000000
8165    8070.809278676972    1.000000
8167    8071.934147435481    1.000000
8168    8073.560795507551    1.000000
8170    8075.5292516498475    1.000000
8173    8076.73521599182    1.000000
8174    8078.419256723551    1.000000
8176    8080.434467723719    1.000000
8178    8081.444013816224    1.000000
8179    8082.97114194472    1.000000
8181    8085.539720259545    1.000000
8183    8087.735795186712    1.000000
8186    8089.650478637766    1.000000
8187    8091.450941064479    1.000000
8189    8093.638479436491    1.000000
8191    8095.165529039345    1.000000
8193    8097.760813377781    1.000000
8194    8098.936857568627    1.000000
8196    8100.741684869993    1.000000
8197    8101.987332588303    1.000000
8199    8103.911763466479    1.000000
8200    8105.254933415427    1.000000
8202    8107.04444252082    1.000000
8203    8108.406673976242    1.000000
8205    8110.479569956151    1.000000
8206    8111.540855726937    1.000000
8208    8113.010438767984    1.000000
8211    8114.555547323926    1.000000
8214    8116.936931933173    1.000000
8216    8118.570206659371    1.000000
8219    8120.483752653744    1.000000
8220    8121.59094350222    1.000000
8222    8123.626200565092    1.000000
8224    8124.881496883332    1.000000
8226    8127.754664632457    1.000000
8229    8129.971367371789    1.000000
8232    8131.580388302535    1.000000
8235    8133.695590617431    1.000000
8236    8135.146009839743    1.000000
8237    8136.706363795265    1.000000
8238    8138.050604891969    1.000000
8239    8139.672434585073    1.000000
8240    8141.111368999349    1.000000
8242    8142.205561889003    1.000000
8244    8144.122045521913    1.000000
8247    8146.569759533507    1.000000
8248    8148.211132896111    1.000000
8250    8150.295083314846    1.000000
8251    8151.970160119178    1.000000
8255    8153.651550249679    1.000000
8257    8155.75179653147    1.000000
8258    8157.468164308653    1.000000
8260    8158.490268503256    1.000000
8263    8160.805903428257    1.000000
8264    8162.531684826227    1.000000
8265    8164.035894729089    1.000000
8266    8165.690237569159    1.000000
8269    8167.729659068963    1.000000
8270    8169.440003310722    1.000000
8272    8170.9457023232    1.000000
8273    8172.876123024745    1.000000
8274    8174.026363138847    1.000000
8275    8175.335452114599    1.000000
8276    8176.915721628474    1.000000
8278    8179.597707861589    1.000000
8280    8182.2196968719445    1.000000
8281    8183.649211126789    1.000000
8283    8185.6178056329145    1.000000
8284    8187.13300402971    1.000000
8287    8189.000942473247    1.000000
8288    8190.242169195413    1.000000
8289    8191.709013976401    1.000000
8290    8192.765010208675    1.000000
8291    8194.125248555047    1.000000
8293    8196.153615913172    1.000000
8295    8197.578001102662    1.000000
8297    8198.661378382249    1.000000
8299    8199.725380212027    1.000000
8300    8201.181118864626    1.000000
8302    8203.389002375317    1.000000
8305    8204.709627577537    1.000000
8307    8207.080865982589    1.000000
8309    8208.988442330638    1.000000
8312    8211.177792811322    1.000000
8313    8212.604247738269    1.000000
8314    8214.078717785032    1.000000
8315    8215.861037376542    1.000000
8317    8217.262191009138    1.000000
8318    8218.625310996316    1.000000
8320    8220.432334682824    1.000000
8322    8222.787017353072    1.000000
8323    8223.975999464286    1.000000
8325    8226.492142485567    1.000000
8327    8228.514892045618    1.000000
8330    8230.01663845274    1.000000
8333    8231.063780945458    1.000000
8335    8233.03057677547    1.000000
8337    8235.428840960052    1.000000
8339    8237.06653584381    1.000000
8341    8238.162408571481    1.000000
8343    8240.660859824173    1.000000
8344    8242.108123627411    1.000000
8346    8243.405903436227    1.000000
8348    8244.76451746843    1.000000
8351    8247.429496677225    1.000000
8353    8249.918922457779    1.000000
8355    8250.963317702555    1.000000
8357    8252.870739319627    1.000000
8359    8254.879213666403    1.000000
8360    8256.300300545343    1.000000
8362    8258.553831453539    1.000000
8364    8260.623123997026    1.000000
8365    8262.200760388092    1.000000
8366    8263.529331504997    1.000000
8367    8265.388267136272    1.000000
8368    8266.797400797794    1.000000
8370    8267.919754159746    1.000000
8371    8269.893477677058    1.000000
8373    8271.1337617441    1.000000
8374    8272.528799817484    1.000000
8375    8273.773929493613    1.000000
8376    8275.646802866571    1.000000
8377    8277.056206119636    1.000000
8379    8279.242641227573    1.000000
8380    8280.285925228458    1.000000
8381    8281.348581642545    1.000000
8382    8283.245690485002    1.000000
8384    8284.95529981245    1.000000
8386    8286.75665934144    1.000000
8387    8288.139718444927    1.000000
8389    8290.379284432793    1.000000
8391    8292.165248100491    1.000000
8393    8294.221183974834    1.000000
8394    8296.179988193835    1.000000
8396    8297.551098293707    1.000000
8397    8299.402400371668    1.000000
8398    8300.404089488373    1.000000
8399    8301.670417507501    1.000000
8401    8303.474991306444    1.000000
8402    8304.928302752418    1.000000
8403    8306.61717001015    1.000000
8404    8307.77582556682    1.000000
8405    8309.473109348248    1.000000
8407    8310.855059945849    1.000000
8408    8312.472459784627    1.000000
8410    8315.192641943757    1.000000
8412    8316.896983028553    1.000000
8413    8318.370168165984    1.000000
8414    8320.04149237195    1.000000
8417    8321.063901576914    1.000000
8419    8322.731464471111    1.000000
8420    8324.298078507973    1.000000
8421    8325.429013579842    1.000000
8423    8326.485514131047    1.000000
8424    8327.958212541504    1.000000
8427    8329.109573491465    1.000000
8429    8331.098564553724    1.000000
8431    8333.567997947128    1.000000
8434    8334.725515911072    1.000000
8436    8336.744423414508    1.000000
8437    8337.860286083036    1.000000
8438    8339.428305080492    1.000000
8440    8341.250614062368    1.000000
8443    8343.390670144066    1.000000
8444    8344.722599923402    1.000000
8446    8346.03594287305    1.000000
8447    8347.722907797704    1.000000
8449    8348.909722886048    1.000000
8451    8351.435941958342    1.000000
8452    8353.278465035903    1.000000
8454    8355.49247630413    1.000000
8456    8357.454767622245    1.000000
8457    8358.724910925775    1.000000
8459    8360.321867947338    1.000000
8460    8361.61749402467    1.000000
8463    8362.716277287413    1.000000
8465    8364.373295978417    1.000000
8466    8365.536930307888    1.000000
8467    8367.288338368831    1.000000
8469    8369.396544397174    1.000000
8470    8370.94074118066    1.000000
8471    8372.133833277632    1.000000
8474    8374.022212394442    1.000000
8475    8375.959084662665    1.000000
8476    8377.676293864462    1.000000
8478    8378.970618740419    1.000000
8480    8380.068284171424    1.000000
8481    8381.589102778236    1.000000
8483    8383.400499138572    1.000000
8484    8384.831746619777    1.000000
8486    8386.891264177324    1.000000
8487    8388.062190037837    1.000000
8489    8389.578724715706    1.000000
8491    8391.195836727733    1.000000
8493    8392.78820810879    1.000000
8495    8395.246349476423    1.000000
8496    8396.54159559484    1.000000
8497    8398.457033799166    1.000000
8498    8400.22652473808    1.000000
8499    8401.556334884117    1.000000
8501    8403.438404799983    1.000000
8504    8404.759300379103    1.000000
8505    8406.486893739848    1.000000
8507    8407.607915683548    1.000000
8509    8409.108209081129    1.000000
8511    8410.21367625239    1.000000
8514    8411.368586084247    1.000000
8515    8412.522682405632    1.000000
8517    8414.078931866059    1.000000
8519    8415.674489681065    1.000000
8522    8416.859013517509    1.000000
8523    8418.476054475603    1.000000
8525    8421.380924860588    1.000000
8528    8422.937463324717    1.000000
8529    8423.962133114292    1.000000
8531    8426.44552552129    1.000000
8533    8428.65749452538    1.000000
8534    8430.584383318275    1.000000
8536    8432.630306940411    1.000000
8538    8434.095711741324    1.000000
8540    8435.524466574218    1.000000
8541    8437.451150024373    1.000000
8543    8440.216713479771    1.000000
8545    8441.783598377502    1.000000
8546    8443.741500662678    1.000000
8548    8445.506621949264    1.000000
8549    8447.305752864007    1.000000
8550    8448.474866999411    1.000000
8551    8450.05948125391    1.000000
8553    8451.488230535419    1.000000
8554    8452.661936049664    1.000000
8555    8453.82128020202    1.000000
8557    8455.41103596164    1.000000
8559    8457.227646412866    1.000000
8562    8460.026662041782    1.000000
8563    8462.00018794585    1.000000
8564    8463.393961894071    1.000000
8566    8465.909420812544    1.000000
8567    8467.296807736337    1.000000
8570    8468.624482263764    1.000000
8573    8470.452210523428    1.000000
8574    8471.97511867004    1.000000
8576    8473.017338978603    1.000000
8580    8475.194843047979    1.000000
8581    8476.819379451008    1.000000
8584    8478.390234213106    1.000000
8586    8480.196704526184    1.000000
8587    8482.053225930918    1.000000
8588    8483.302368172193    1.000000
8589    8484.729892754385    1.000000
8591    8486.67856143688    1.000000
8593    8488.637752504808    1.000000
8595    8490.865257437994    1.000000
8598    8493.541635437026    1.000000
8599    8494.72854875195    1.000000
8601    8496.6476710479    1.000000
8605    8498.362076553638    1.000000
8606    8500.008761066894    1.000000
8608    8501.374387630212    1.000000
8610    8503.258549396649    1.000000
8614    8504.69512632507    1.000000
8615    8506.084471395634    1.000000
8616    8508.005171752304    1.000000
8617    8509.84486532539    1.000000
8619    8512.216116996662    1.000000
8621    8514.36594983161    1.000000
8622    8515.669026428894    1.000000
8623    8517.356257547162    1.000000
8625    8519.501136190665    1.000000
8626    8521.484848806587    1.000000
8627    8523.002391501006    1.000000
8629    8525.013963574253    1.000000
8630    8526.389217299982    1.000000
8633    8527.644598822484    1.000000
8634    8528.705340593087    1.000000
8637    8530.04644377459    1.000000
8638    8531.40812188331    1.000000
8639    8533.334756433864    1.000000
8640    8535.119201557416    1.000000
8641    8536.621859462643    1.000000
8642    8537.955030202545    1.000000
8644    8540.585671738718    1.000000
8646    8542.640232043173    1.000000
8648    8544.06305724754    1.000000
8650    8546.262213443677    1.000000
8651    8547.616494881702    1.000000
8652    8549.227185275804    1.000000
8654    8551.371360554193    1.000000
8655    8552.84072630272    1.000000
8658    8554.926216400718    1.000000
8660    8555.989123755442    1.000000
8663    8558.492300972264    1.000000
8665    8559.87278475022    1.000000
8667    8561.200920296185    1.000000
8668    8562.319758986787    1.000000
8670    8563.391153916284    1.000000
8672    8565.42214835534    1.000000
8673    8566.625563570575    1.000000
8674    8567.67964566487    1.000000
8676    8569.706977090007    1.000000
8678    8570.993764734156    1.000000
8679    8572.059081725807    1.000000
8681    8574.082357295802    1.000000
8682    8575.469472077772    1.000000
8683    8576.786558360669    1.000000
8684    8578.308045642065    1.000000
8685    8579.530897101407    1.000000
8686    8581.327152395988    1.000000
8687    8582.381948369546    1.000000
8689    8584.964762025767    1.000000
8691    8587.360780705601    1.000000
8692    8588.448285764252    1.000000
8695    8590.167714942032    1.000000
8697    8591.196818778344    1.000000
8700    8592.544513549967    1.000000
8701    8593.836140130099    1.000000
8703    8595.832269159504    1.000000
8705    8597.114102404284    1.000000
8707    8599.976402616168    1.000000
8708    8601.46017010363    1.000000
8711    8602.622798665227    1.000000
8713    8604.194709368578    1.000000
8716    8606.942381510866    1.000000
8717    8608.462400255916    1.000000
8719    8609.498480962258    1.000000
8720    8611.418287576504    1.000000
8721    8612.923987265805    1.000000
8723    8615.226348132159    1.000000
8725    8616.974079675652    1.000000
8727    8618.978034792328    1.000000
8729    8620.14747726844    1.000000
8731    8622.595219617835    1.000000
8734    8623.79041806678    1.000000
8735    8625.054642659588    1.000000
8736    8626.254701247462    1.000000
8737    8627.508272905226    1.000000
8738    8629.094543050742    1.000000
8739    8630.453580854795    1.000000
8740    8632.06676374505    1.000000
8741    8633.831363456127    1.000000
8742    8634.837215816095    1.000000
8743    8636.160154451947    1.000000
8744    8638.133542364005    1.000000
8747    8640.10262725467    1.000000
8748    8641.116959088236    1.000000
8749    8642.912671628052    1.000000
8751    8644.839980372137    1.000000
8752    8646.280703362288    1.000000
8754    8648.179324388202    1.000000
8756    8650.164866335926    1.000000
8758    8651.99456477532    1.000000
8760    8653.500743102004    1.000000
8761    8655.087825104974    1.000000
8764    8656.339447893903    1.000000
8766    8658.159868640076    1.000000
8768    8659.592531943237    1.000000
8769    8660.777445004107    1.000000
8772    8662.108145589305    1.000000
8775    8664.387066876267    1.000000
8776    8666.337655274334    1.000000
8777    8668.281612516395    1.000000
8778    8669.40414555367    1.000000
8779    8671.1857457189    1.000000
8780    8672.49750102923    1.000000
8782    8675.320254765142    1.000000
8784    8677.141972088133    1.000000
8785    8678.435617973866    1.000000
8787    8680.797143637481    1.000000
8789    8682.2255325323    1.000000
8790    8683.463839795108    1.000000
8792    8685.025279742806    1.000000
8795    8687.099632957936    1.000000
8797    8688.752925221148    1.000000
8798    8690.435916091143    1.000000
8799    8691.660763238364    1.000000
8800    8692.78465227292    1.000000
8802    8694.017733208904    1.000000
8804    8696.116526080834    1.000000
8806    8697.78112170968    1.000000
8807    8698.97752092601    1.000000
8808    8700.606864930556    1.000000
8809    8701.905623359055    1.000000
8812    8703.994095151482    1.000000
8814    8705.04185114082    1.000000
8816    8707.374150468004    1.000000
8817    8708.545890761498    1.000000
8818    8709.966495522014    1.000000
8819    8711.369022761079    1.000000
8822    8713.367517688723    1.000000
8824    8714.90681459873    1.000000
8825    8716.111060641444    1.000000
8826    8717.80467912008    1.000000
8829    8720.586756045568    1.000000
8830    8722.405401685824    1.000000
8831    8723.949706384945    1.000000
8836    8725.457181518745    1.000000
8837    8727.084843128483    1.000000
8838    8728.884330411956    1.000000
8842    8730.278878614194    1.000000
8844    8731.435782355853    1.000000
8845    8733.355267655814    1.000000
8846    8735.020066506062    1.000000
8847    8736.052349617135    1.000000
8848    8737.058794941428    1.000000
8850    8738.325108532104    1.000000
8851    8739.880994293464    1.000000
8853    8741.704822426764    1.000000
8854    8743.420809882708    1.000000
8855    8745.117056767953    1.000000
8856    8746.378361043315    1.000000
8857    8747.56032009779    1.000000
8859    8749.287232412822    1.000000
8860    8750.764615130332    1.000000
8861    8752.743073321193    1.000000
8863    8753.927449914074    1.000000
8865    8755.684821750616    1.000000
8866    8757.268449594556    1.000000
8867    8758.418003387369    1.000000
8868    8760.141322192978    1.000000
8869    8762.1129741342    1.000000
8871    8763.45011881957    1.000000
8872    8764.652269966413    1.000000
8873    8766.039167826562    1.000000
8875    8768.250550397213    1.000000
8876    8769.772890469054    1.000000
8879    8771.206217792072    1.000000
8881    8772.52911233085    1.000000
8883    8773.82495850489    1.000000
8884    8774.99014826222    1.000000
8885    8776.724193381873    1.000000
8886    8777.920773392352    1.000000
8887    8778.936185340111    1.000000
8888    8780.121643962375    1.000000
8890    8781.499304022818    1.000000
8892    8782.708509255812    1.000000
8893    8784.53655919793    1.000000
8894    8785.70695518294    1.000000
8896    8787.470514451985    1.000000
8897    8788.751627725906    1.000000
8898    8790.131399735035    1.000000
8899    8791.9294118309    1.000000
8900    8793.104656363254    1.000000
8901    8794.20186217623    1.000000
8904    8795.78911720968    1.000000
8906    8797.91730981121    1.000000
8908    8800.453264404072    1.000000
8909    8802.12312946706    1.000000
8911    8804.40952023682    1.000000
8912    8805.944425410053    1.000000
8913    8807.464404291944    1.000000
8915    8809.048106725688    1.000000
8917    8810.246200245245    1.000000
8919    8811.783737714957    1.000000
8920    8812.811895629206    1.000000
8922    8814.580318299166    1.000000
8923    8816.021893244262    1.000000
8924    8817.353399434718    1.000000
8926    8818.912729335303    1.000000
8928    8821.692450907272    1.000000
8929    8823.540324631778    1.000000
8932    8825.86694541658    1.000000
8935    8828.057877899242    1.000000
8936    8829.507852905374    1.000000
8938    8831.310404509062    1.000000
8939    8832.428669704757    1.000000
8940    8833.977752747405    1.000000
8941    8835.505485613383    1.000000
8944    8837.327182043591    1.000000
8945    8838.782792411193    1.000000
8947    8839.861674731297    1.000000
8950    8841.589861709717    1.000000
8953    8843.208852250493    1.000000
8954    8844.415718518268    1.000000
8956    8846.183007624362    1.000000
8958    8847.351700425917    1.000000
8961    8849.524925738113    1.000000
8962    8850.984398368011    1.000000
8963    8852.703217421982    1.000000
8964    8854.66785252563    1.000000
8966    8856.909705538767    1.000000
8968    8859.082049311011    1.000000
8969    8860.499810982434    1.000000
8971    8862.568400292395    1.000000
8972    8863.699442711804    1.000000
8974    8865.473772982996    1.000000
8976    8867.91204194201    1.000000
8977    8869.816313287556    1.000000
8978    8871.304555316281    1.000000
8980    8873.02607549903    1.000000
8981    8874.287132126079    1.000000
8986    8875.32438018136    1.000000
8988    8877.208227221388    1.000000
8990    8879.066816401819    1.000000
8992    8880.729714042342    1.000000
8993    8882.309663620072    1.000000
8995    8884.13479273477    1.000000
8996    8885.475381098544    1.000000
8997    8886.618717122512    1.000000
8998    8888.60544925683    1.000000
9002    8890.80316255954    1.000000
9004    8892.005557302235    1.000000
9007    8894.250624719934    1.000000
9008    8895.464174965051    1.000000
9009    8896.867820613863    1.000000
9010    8898.622242845522    1.000000
9012    8900.733885804151    1.000000
9013    8902.115694912978    1.000000
9015    8903.540001085721    1.000000
9016    8904.695384183904    1.000000
9018    8906.679007774539    1.000000
9019    8907.837218139375    1.000000
9021    8909.519933844917    1.000000
9022    8911.516912140356    1.000000
9024    8912.76254957994    1.000000
9025    8914.62851771526    1.000000
9028    8916.789047591274    1.000000
9030    8919.046837313832    1.000000
9032    8921.894191459514    1.000000
9035    8923.532953668064    1.000000
9038    8925.806351509198    1.000000
9040    8927.735262577258    1.000000
9041    8928.95467868783    1.000000
9044    8931.297733960437    1.000000
9046    8933.722247045416    1.000000
9047    8935.125853160302    1.000000
9049    8936.829085831767    1.000000
9050    8938.62871965195    1.000000
9051    8940.280326061342    1.000000
9054    8941.923823376352    1.000000
9055    8942.97406942414    1.000000
9057    8944.664135564295    1.000000
9058    8945.66979219195    1.000000
9061    8947.773978066112    1.000000
9064    8949.203443637443    1.000000
9066    8950.922974803205    1.000000
9067    8952.390013824757    1.000000
9069    8953.405069253662    1.000000
9071    8954.84022747085    1.000000
9072    8956.682717224852    1.000000
9075    8958.950054840803    1.000000
9079    8960.097174846764    1.000000
9082    8961.22002454314    1.000000
9084    8962.30395079576    1.000000
9085    8963.744750534654    1.000000
9086    8965.319373257047    1.000000
9088    8967.058296714902    1.000000
9089    8968.213941285312    1.000000
9090    8969.218088285403    1.000000
9092    8971.467709030416    1.000000
9093    8972.658714201569    1.000000
9095    8975.333867399475    1.000000
9096    8976.673907678747    1.000000
9097    8978.13594087844    1.000000
9098    8979.788330277328    1.000000
9101    8982.411299633677    1.000000
9102    8983.795512619516    1.000000
9103    8985.788884787511    1.000000
9105    8987.251343478163    1.000000
9106    8988.75075449694    1.000000
9107    8989.770290546026    1.000000
9110    8992.048726900352    1.000000
9111    8993.686418909225    1.000000
9112    8994.872258932153    1.000000
9114    8996.912555879388    1.000000
9115    8998.747122274279    1.000000
9117    9000.28748307502    1.000000
9118    9001.92380492436    1.000000
9121    9003.949842835082    1.000000
9124    9006.147252238832    1.000000
9125    9007.200234704595    1.000000
9126    9008.236497891614    1.000000
9127    9009.667141420632    1.000000
9129    9011.287788933048    1.000000
9130    9012.771385198954    1.000000
9132    9013.874855256416    1.000000
9134    9015.657973058824    1.000000
9135    9017.45339041287    1.000000
9136    9018.581609631903    1.000000
9138    9019.716317001314    1.000000
9139    9021.533668416576    1.000000
9141    9023.065897020171    1.000000
9142    9024.169987472258    1.000000
9143    9025.240993518382    1.000000
9144    9026.990580631431    1.000000
9145    9028.106800977053    1.000000
9146    9029.353110879814    1.000000
9148    9031.629111305872    1.000000
9151    9033.373606066056    1.000000
9152    9035.01554473999    1.000000
9153    9036.504606518341    1.000000
9155    9037.519870844535    1.000000
9157    9039.853325581573    1.000000
9158    9041.62806031701    1.000000
9160    9043.004261242051    1.000000
9164    9045.499199999977    1.000000
9165    9047.258579624517    1.000000
9168    9049.533438437418    1.000000
9170    9051.54829362203    1.000000
9171    9053.023460146944    1.000000
9172    9054.057431048448    1.000000
9174    9055.596507602157    1.000000
9175    9057.480749698661    1.000000
9176    9058.753501580964    1.000000
9178    9059.932766059334    1.000000
9179    9061.903250124697    1.000000
9182    9063.212935433827    1.000000
9185    9065.412612355412    1.000000
9187    9066.951854027702    1.000000
9189    9068.551947626685    1.000000
9190    9069.76314936838    1.000000
9191    9070.861538977666    1.000000
9192    9072.355994882988    1.000000
9194    9074.08981981183    1.000000
9196    9075.356115541745    1.000000
9197    9076.56582664262    1.000000
9198    9077.596283375786    1.000000
9200    9078.914307332292    1.000000
9201    9080.628438830005    1.000000
9203    9083.285569847349    1.000000
9205    9084.880236229012    1.000000
9206    9085.981267741254    1.000000
9208    9088.439324642133    1.000000
9211    9090.59974203973    1.000000
9212    9092.513423849095    1.000000
9213    9093.72110585454    1.000000
9214    9095.541047369228    1.000000
9215    9097.009163528506    1.000000
9219    9099.183448196794    1.000000
9221    9100.785617023072    1.000000
9222    9102.311563217583    1.000000
9224    9103.674458977186    1.000000
9225    9105.38200059434    1.000000
9226    9107.10653370733    1.000000
9228    9108.476815083874    1.000000
9229    9109.867251396689    1.000000
9230    9111.08410419105    1.000000
9231    9113.011418912045    1.000000
9232    9114.074542769073    1.000000
9233    9115.786543169048    1.000000
9234    9117.441408409837    1.000000
9237    9119.538309906518    1.000000
9239    9121.907666147637    1.000000
9241    9123.563093506426    1.000000
9242    9125.397305569897    1.000000
9243    9127.158210326948    1.000000
9244    9128.33500397349    1.000000
9246    9129.557142344502    1.000000
9249    9130.793533700064    1.000000
9250    9132.788468404455    1.000000
9252    9133.849930084381    1.000000
9254    9135.005685508075    1.000000
9255    9136.184610568494    1.000000
9258    9138.152245479438    1.000000
9261    9140.304205997523    1.000000
9262    9141.580419755512    1.000000
9263    9143.419719124982    1.000000
9264    9144.509141969122    1.000000
9265    9146.179812297174    1.000000
9266    9147.40474033409    1.000000
9267    9149.08056910507    1.000000
9268    9150.952648915012    1.000000
9270    9151.980872469008    1.000000
9273    9154.952263784817    1.000000
9274    9156.633919573855    1.000000
9275    9157.889000239064    1.000000
9277    9159.921676252276    1.000000
9279    9161.604869900593    1.000000
9280    9163.544374458292    1.000000
9282    9164.904495470417    1.000000
9286    9166.267053222999    1.000000
9288    9167.886715086679    1.000000
9290    9170.287702463289    1.000000
9293    9172.492216927089    1.000000
9294    9174.32911553914    1.000000
9296    9176.562073201481    1.000000
9297    9178.46333725695    1.000000
9299    9180.854827341904    1.000000
9300    9182.733885882622    1.000000
9301    9183.917187718333    1.000000
9303    9185.718954287431    1.000000
9305    9187.442369830706    1.000000
9308    9189.953753597138    1.000000
9310    9191.882387881442    1.000000
9312    9193.08942322123    1.000000
9313    9194.400083347313    1.000000
9315    9196.023276812311    1.000000
9316    9197.19332009239    1.000000
9317    9199.050165007751    1.000000
9320    9200.474287345141    1.000000
9322    9201.647616632281    1.000000
9323    9202.755652673739    1.000000
9324    9203.797715029856    1.000000
9327    9205.031287050044    1.000000
9329    9206.203278883204    1.000000
9332    9207.890551419961    1.000000
9333    9209.6625705462    1.000000
9334    9211.596501691954    1.000000
9335    9212.915632560438    1.000000
9339    9215.274659339217    1.000000
9340    9216.468555652189    1.000000
9341    9217.531428055298    1.000000
9343    9218.878706714744    1.000000
9346    9220.060284090358    1.000000
9348    9222.129735078168    1.000000
9350    9224.437900535717    1.000000
9352    9226.835846842365    1.000000
9356    9228.586860442345    1.000000
9358    9230.145991673635    1.000000
9359    9231.989430112586    1.000000
9361    9233.126155568209    1.000000
9363    9234.229497322754    1.000000
9365    9235.767977397472    1.000000
9370    9238.248926984592    1.000000
9371    9240.04677973302    1.000000
9374    9242.421626610058    1.000000
9376    9244.726466270115    1.000000
9378    9246.852977548582    1.000000
9380    9248.17967441337    1.000000
9382    9249.84201325929    1.000000
9383    9251.189862353618    1.000000
9385    9252.702057206116    1.000000
9387    9253.85100637501    1.000000
9389    9255.511270436093    1.000000
9391    9256.542107654088    1.000000
9393    9259.101865331098    1.000000
9394    9260.722280083603    1.000000
9396    9261.995201929902    1.000000
9399    9263.388917572416    1.000000
9402    9266.179302129714    1.000000
9403    9268.070622675092    1.000000
9406    9269.904193498462    1.000000
9408    9272.106115495917    1.000000
9410    9274.395730191693    1.000000
9412    9275.643301979646    1.000000
9415    9277.12778016842    1.000000
9416    9279.064631956437    1.000000
9417    9280.66316581522    1.000000
9419    9282.152700305702    1.000000
9422    9283.983663841724    1.000000
9423    9285.726546863407    1.000000
9425    9287.187348980564    1.000000
9426    9288.595919906253    1.000000
9427    9290.078610216191    1.000000
9429    9292.127013578915    1.000000
9432    9293.316111240007    1.000000
9434    9295.373253481243    1.000000
9435    9297.073624319872    1.000000
9436    9298.32394019964    1.000000
9437    9300.15316854603    1.000000
9438    9301.37307119686    1.000000
9439    9302.821475925324    1.000000
9441    9304.184456315428    1.000000
9442    9306.177975786017    1.000000
9443    9307.594477025645    1.000000
9444    9308.684435256075    1.000000
9446    9310.409411426837    1.000000
9448    9311.647117131537    1.000000
9452    9313.67677296275    1.000000
9453    9314.941489551024    1.000000
9454    9315.946471805486    1.000000
9456    9317.090039336454    1.000000
9458    9319.318585620354    1.000000
9460    9321.688937967774    1.000000
9462    9323.804813876397    1.000000
9463    9325.67271395804    1.000000
9464    9326.86739304908    1.000000
9465    9328.682428609272    1.000000
9466    9330.543722291282    1.000000
9468    9331.893637263565    1.000000
9470    9333.191315818593    1.000000
9471    9334.548572521464    1.000000
9473    9336.9840935737    1.000000
9475    9338.254195374082    1.000000
9476    9339.90333634982    1.000000
9478    9341.851176127451    1.000000
9481    9344.338539151015    1.000000
9482    9345.978191666494    1.000000
9484    9347.30363381497    1.000000
9486    9348.804026274423    1.000000
9488    9350.616818599425    1.000000
9490    9352.9099707535    1.000000
9491    9354.78130336706    1.000000
9494    9356.563299509975    1.000000
9496    9357.714351861938    1.000000
9497    9358.99717767564    1.000000
9498    9360.771495485089    1.000000
9501    9363.70450769252    1.000000
9502    9364.844304462174    1.000000
9504    9366.836036456592    1.000000
9505    9368.52886692266    1.000000
9506    9370.34513618319    1.000000
9508    9372.685696639786    1.000000
9509    9373.999768004147    1.000000
9511    9376.139179114023    1.000000
9513    9378.028048633625    1.000000
9514    9379.605579886189    1.000000
9515    9381.245356099937    1.000000
9517    9382.663191412821    1.000000
9519    9383.91246267058    1.000000
9521    9384.970875664663    1.000000
9522    9386.288410974334    1.000000
9524    9388.432512037942    1.000000
9525    9389.708938035774    1.000000
9526    9390.860536935117    1.000000
9527    9392.761705323284    1.000000
9528    9393.864373464257    1.000000
9529    9394.919782291534    1.000000
9530    9396.10505331659    1.000000
9531    9397.947974407    1.000000
9532    9399.684213502387    1.000000
9533    9401.542787092463    1.000000
9534    9403.339120831397    1.000000
9536    9405.116215816468    1.000000
9537    9406.980303265715    1.000000
9539    9408.963388696116    1.000000
9541    9410.111736779725    1.000000
9542    9411.874045712766    1.000000
9543    9413.032162705995    1.000000
9544    9414.040948124915    1.000000
9546    9416.298896042172    1.000000
9547    9417.476719986627    1.000000
9548    9419.092228226054    1.000000
9549    9420.376543217757    1.000000
9551    9421.994513195465    1.000000
9553    9424.021405739057    1.000000
9554    9425.28343051748    1.000000
9555    9426.863191798882    1.000000
9558    9427.934258419747    1.000000
9560    9430.024939360525    1.000000
9562    9432.270118251536    1.000000
9563    9434.201220431734    1.000000
9565    9436.4666513651    1.000000
9566    9437.686043497466    1.000000
9567    9438.782379038881    1.000000
9568    9440.443591996904    1.000000
9569    9442.340358751211    1.000000
9571    9444.343326264816    1.000000
9572    9446.22097405554    1.000000
9574    9447.483240127778    1.000000
9575    9448.518532152302    1.000000
9576    9449.889224032599    1.000000
9580    9452.364566973878    1.000000
9582    9454.940532587549    1.000000
9584    9457.490485429955    1.000000
9586    9459.448356583232    1.000000
9588    9461.440252896631    1.000000
9589    9463.161104988012    1.000000
9590    9465.153884941621    1.000000
9592    9467.050176748795    1.000000
9594    9468.943404847898    1.000000
9597    9470.275677245538    1.000000
9600    9471.341436648407    1.000000
9603    9473.04266671424    1.000000
9606    9474.798117175687    1.000000
9608    9475.879978179353    1.000000
9609    9477.402199212282    1.000000
9611    9479.451557162332    1.000000
9613    9481.659487314255    1.000000
9616    9483.92755148213    1.000000
9617    9485.658299095106    1.000000
9618    9486.767389076196    1.000000
9619    9488.258970042836    1.000000
9621    9490.112782737602    1.000000
9622    9491.187889975336    1.000000
9623    9492.536537108715    1.000000
9624    9494.352070047518    1.000000
9625    9496.248732059108    1.000000
9626    9497.916973064495    1.000000
9630    9499.815918640323    1.000000
9632    9501.803719066707    1.000000
9633    9503.565419505247    1.000000
9634    9504.989654918438    1.000000
9635    9506.340720992122    1.000000
9638    9507.979663342829    1.000000
9639    9509.56589024737    1.000000
9640    9510.900579948038    1.000000
9641    9512.650931084063    1.000000
9642    9513.721818802958    1.000000
9645    9515.755152098052    1.000000
9646    9516.9681971026    1.000000
9649    9519.808110696946    1.000000
9650    9521.033893466614    1.000000
9652    9522.103732999303    1.000000
9655    9524.722457102429    1.000000
9656    9525.85190572155    1.000000
9657    9527.630265602711    1.000000
9659    9529.327620197395    1.000000
9661    9531.063826435857    1.000000
9662    9532.979143559613    1.000000
9664    9535.155251507194    1.000000
9665    9536.844001602    1.000000
9666    9538.170589443484    1.000000
9667    9539.940530903528    1.000000
9669    9541.247008328244    1.000000
9670    9543.112422101078    1.000000
9673    9545.837335729844    1.000000
9675    9548.617799361475    1.000000
9677    9550.208204173    1.000000
9678    9551.90458055785    1.000000
9680    9552.990894980478    1.000000
9681    9554.80780525307    1.000000
9683    9556.03599155047    1.000000
9686    9558.836733763379    1.000000
9688    9560.613217547396    1.000000
9691    9562.789783784261    1.000000
9693    9565.09428897745    1.000000
9695    9567.038756984073    1.000000
9697    9568.767987129739    1.000000
9699    9571.143285052583    1.000000
9700    9572.777309520241    1.000000
9701    9574.60581444985    1.000000
9702    9576.270288251977    1.000000
9703    9577.668111369241    1.000000
9704    9578.720931757567    1.000000
9705    9580.35790418737    1.000000
9706    9582.132449105904    1.000000
9708    9583.509098099436    1.000000
9709    9584.580434841439    1.000000
9710    9585.937730935411    1.000000
9712    9587.894586544624    1.000000
9713    9589.5347862207    1.000000
9715    9592.272907566168    1.000000
9716    9593.76006006455    1.000000
9719    9595.25473116209    1.000000
9720    9596.785876519429    1.000000
9722    9599.62723275895    1.000000
9725    9601.900524439854    1.000000
9727    9603.974085308688    1.000000
9728    9605.91118661208    1.000000
9730    9608.448604865474    1.000000
9733    9609.873747268006    1.000000
9735    9611.017029161996    1.000000
9736    9612.322859299495    1.000000
9737    9614.317846208909    1.000000
9738    9615.65046072244    1.000000
9739    9617.532041760322    1.000000
9740    9619.161349432903    1.000000
9742    9621.457777970036    1.000000
9744    9622.885504908349    1.000000
9745    9624.39010596173    1.000000
9747    9626.2928482497    1.000000
9748    9627.683390383098    1.000000
9749    9629.398845893305    1.000000
9750    9630.88385277931    1.000000
9751    9632.669025317664    1.000000
9752    9634.302472983683    1.000000
9753    9636.291909773343    1.000000
9755    9638.146103294299    1.000000
9757    9640.709574386497    1.000000
9759    9642.289866517025    1.000000
9760    9643.741984512439    1.000000
9761    9644.917428804816    1.000000
9762    9646.750825172838    1.000000
9764    9648.199200508956    1.000000
9765    9649.450973170417    1.000000
9769    9651.174398446761    1.000000
9771    9652.930769971497    1.000000
9774    9654.380769296606    1.000000
9776    9655.513539769663    1.000000
9777    9656.608545198796    1.000000
9778    9657.727014542188    1.000000
9779    9658.974903328975    1.000000
9780    9660.558941810314    1.000000
9781    9662.334843556617    1.000000
9782    9664.223168442677    1.000000
9783    9665.89870881157    1.000000
9784    9666.991208520032    1.000000
9788    9668.52488389165    1.000000
9790    9670.082880387372    1.000000
9792    9671.24075216353    1.000000
9794    9673.434068018569    1.000000
9796    9675.222863779281    1.000000
9799    9677.2429294985    1.000000
9802    9679.763006551038    1.000000
9803    9680.82858132744    1.000000
9804    9682.048292728512    1.000000
9805    9683.203783053552    1.000000
9808    9684.370998726885    1.000000
9810    9685.810209210158    1.000000
9811    9687.362922668837    1.000000
9812    9688.448862919427    1.000000
9814    9690.78923225272    1.000000
9816    9692.775245219422    1.000000
9817    9694.152744638395    1.000000
9818    9695.341359939957    1.000000
9820    9696.634122575559    1.000000
9821    9698.489794676716    1.000000
9822    9700.045557826252    1.000000
9823    9701.716756670874    1.000000
9824    9703.653950403892    1.000000
9825    9705.15803177286    1.000000
9827    9706.568829978534    1.000000
9828    9707.8504997832    1.000000
9829    9709.704631197588    1.000000
9832    9710.72728531871    1.000000
9834    9712.202173738726    1.000000
9836    9713.552925414228    1.000000
9837    9715.129684748279    1.000000
9839    9716.342313193667    1.000000
9840    9718.124942944212    1.000000
9842    9719.73021354011    1.000000
9844    9720.798877602401    1.000000
9845    9722.725167157378    1.000000
9846    9724.531147724007    1.000000
9850    9725.759458155626    1.000000
9851    9726.816993480326    1.000000
9854    9728.956333398706    1.000000
9856    9730.472535286344    1.000000
9858    9732.106118772823    1.000000
9859    9733.712285479734    1.000000
9860    9735.100409435414    1.000000
9862    9737.200719857632    1.000000
9865    9738.381452939433    1.000000
9867    9740.406903040921    1.000000
9869    9741.578790193971    1.000000
9870    9743.341367133438    1.000000
9871    9745.080046214836    1.000000
9873    9746.088211715753    1.000000
9876    9748.72791917021    1.000000
9878    9750.476125676863    1.000000
9879    9752.154195036606    1.000000
9880    9754.007519217557    1.000000
9883    9755.049953327387    1.000000
9884    9756.335136985283    1.000000
9886    9758.175248096424    1.000000
9887    9759.320146435693    1.000000
9888    9761.209199477476    1.000000
9889    9762.626907035194    1.000000
9891    9764.215994157408    1.000000
9893    9765.71948003347    1.000000
9896    9767.647509425291    1.000000
9898    9768.760233441752    1.000000
9899    9769.95339922379    1.000000
9900    9771.814448569121    1.000000
9903    9773.67098234875    1.000000
9904    9775.264613825944    1.000000
9906    9777.882525908217    1.000000
9907    9779.205397720003    1.000000
9908    9780.931060581872    1.000000
9909    9782.261059369317    1.000000
9911    9784.759357638944    1.000000
9913    9787.332628657376    1.000000
9915    9788.944176581495    1.000000
9917    9790.662444461701    1.000000
9918    9792.489961650845    1.000000
9919    9793.715203330381    1.000000
9920    9795.55086574291    1.000000
9922    9798.306846512281    1.000000
9923    9799.695154220732    1.000000
9924    9801.635565766142    1.000000
9926    9803.412763578657    1.000000
9927    9804.89368006494    1.000000
9928    9806.410177398275    1.000000
9930    9808.210836082337    1.000000
9933    9810.459247786179    1.000000
9935    9812.185476518122    1.000000
9936    9813.294208483767    1.000000
9937    9814.486679919075    1.000000
9939    9815.520068521728    1.000000
9941    9818.149606979772    1.000000
9943    9819.700903882476    1.000000
9944    9821.682893148758    1.000000
9945    9823.004387801006    1.000000
9946    9824.94365856008    1.000000
9948    9826.227183868974    1.000000
9949    9827.392994926133    1.000000
9950    9829.213116064913    1.000000
9953    9830.973460740885    1.000000
9954    9832.65854503011    1.000000
9956    9835.075616907376    1.000000
9957    9837.019966021418    1.000000
9958    9838.543439275589    1.000000
9961    9841.322294862463    1.000000
9963    9842.437196321092    1.000000
9964    9844.170681172902    1.000000
9965    9846.122915053516    1.000000
9967    9848.93300349395    1.000000
9968    9850.847283754345    1.000000
9969    9851.864040723056    1.000000
9971    9853.518280126831    1.000000
9972    9855.214282566205    1.000000
9975    9856.302274269357    1.000000
9977    9858.885105452342    1.000000
9981    9860.676053877824    1.000000
9982    9861.736955793567    1.000000
9983    9862.978488319335    1.000000
9984    9864.963742403188    1.000000
9985    9866.178721666314    1.000000
9987    9867.592152519246    1.000000
9989    9868.825541783399    1.000000
9990    9870.809839981006    1.000000
9992    9873.6852376738    1.000000
9993    9874.993480777257    1.000000
9995    9876.619403079178    1.000000
9996    9877.790090356553    1.000000
9998    9878.797828101226    1.000000
9999    9880.56475963202    1.000000
10000    9881.662578714173    1.000000
