1    1
2    1.6959620486497298
3    2.0401011818217065
4    3.0985112193889024
5    3.3771895852591145
6    5.1583782553772295
7    5.2792777037246035
8    5.31728121538645
9    5.777721813705899
10    7.036883395160022
11    7.197841677404378
12    8.10068147027932
13    8.970074549991608
14    10.845384855257088
15    11.97985235368711
16    12.679874930728248
17    14.584917436219982
18    15.786029449218978
19    17.260341228845288
20    18.997418685834365
21    19.11863443129045
22    19.324995381338976
23    21.09399533273163
24    22.087468701741468
25    23.547450307091314
26    23.975665653396952
27    24.24394544387801
28    25.403628100522372
29    26.29600065097652
30    26.466790813883968
31    28.144061901576528
32    28.44223289177777
33    28.61651265427728
34    29.51530014325028
35    30.960602159757908
36    31.510907323981513
37    33.12099886666801
38    33.6348093696918
39    34.676238641081376
40    35.20051064720172
41    35.95483807632811
42    37.47597494303093
43    38.720207711234735
44    38.927895666180156
45    40.55842602994258
46    42.20772629278517
47    42.208841951541146
48    43.823005564663674
49    44.1281489517485
50    44.454752236030586
51    44.69545203833131
52    44.78355039643495
53    44.890187821795806
54    46.66851340849834
55    48.244092171127456
56    49.494886380614474
57    49.70449820494951
58    51.59343923491669
59    51.99346704652271
60    52.52411021292408
61    54.491198684595346
62    54.64201327729484
63    54.66520816102923
64    55.32684199521614
65    55.36250227718146
66    57.346502652965455
67    57.833936292945936
68    59.48846585985615
69    60.154036360604714
70    61.906703513721446
71    62.716604824592345
72    64.00710282262662
73    64.36764640423111
74    64.42622028362067
75    64.62022415395782
76    65.56938602113382
77    65.6220659808083
78    66.34596932873144
79    67.33952875514863
80    69.23417962400782
81    69.43631849225197
82    70.15043079592472
83    71.7079104155247
84    71.81642651089334
85    73.44468027596929
86    73.61468968046658
87    74.25508918313528
88    75.62533072735019
89    76.06586364442568
90    76.99629506785784
91    77.88229394868074
92    79.49286081234628
93    79.93548816794463
94    81.89388775430245
95    83.15877657691624
96    84.68976564096975
97    86.08838801291444
98    87.65737097381123
99    89.26861249652124
100    91.12154862602685
101    92.71385853953305
102    93.0557703809019
103    93.96471290564979
104    94.57635452029758
105    94.98565651669203
106    95.48064238811948
107    96.65400890011549
108    98.54366694552772
109    98.7682551592335
110    99.11685662407179
111    99.78548957793254
112    101.09446684872196
113    102.56652738319458
114    104.05529942231495
115    104.35536728140977
116    104.38619398175301
117    105.78000212832278
118    106.68437918391325
119    107.26169970022733
120    108.27259171986307
121    108.50180636084222
122    109.71661835165409
123    109.97618747490957
124    110.17645901947094
125    110.19842534501421
126    110.33421050054143
127    111.76090274282228
128    112.49296811941106
129    112.7508437656104
130    113.4012412941962
131    114.38638279609367
132    114.46409448499139
133    116.14738024829298
134    117.38490057977998
135    118.78543670713371
136    120.67134664034334
137    121.6594439769572
138    123.33415317378646
139    124.77360567962822
140    125.30718623816732
141    127.0939028056364
142    127.09455769612549
143    128.26060255287052
144    129.8423941856201
145    131.0535438718508
146    131.8003420658707
147    132.11687710531106
148    133.9482812947656
149    134.34913990897056
150    136.20021198203764
151    136.44320608641448
152    136.61837502384716
153    136.6896600561475
154    137.49972195577226
155    137.71934652269223
156    138.93915205209643
157    138.94406577998453
158    139.90565844102818
159    141.61361360193868
160    143.54978338546886
161    143.72614413663698
162    144.39667895555561
163    146.2285055922211
164    146.84134785470377
165    148.7848579561525
166    148.9303651355893
167    150.17809582820516
168    150.35039250231313
169    151.51421581386694
170    153.03091793026007
171    154.874043371599
172    156.75930676631322
173    158.34628385573856
174    158.45306039315727
175    160.35216808725443
176    160.678523278721
177    161.01613624459495
178    161.2077192163567
179    161.40976944684041
180    162.88536361376617
181    163.7628412139538
182    164.8283344129752
183    165.92864892475794
184    166.92136364413122
185    167.48113062584645
186    169.40954578085083
187    169.49261861251853
188    171.2270840080011
189    171.84417735209297
190    172.1288982673276
191    172.36184743781953
192    172.80483068720616
193    173.17831151035554
194    174.07181021074734
195    174.26261787087847
196    175.53837842909417
197    175.61089007519064
198    175.97793646292317
199    176.0093777759584
200    176.20931692285836
201    177.77001237045576
202    178.58630301391347
203    179.3021482947351
204    180.50579414338864
205    181.0565454217973
206    181.50924144090666
207    183.29619121031467
208    183.85398944751262
209    185.3332234206257
210    185.84849527345702
211    186.18329792584979
212    187.3628220698968
213    189.28568830347453
214    190.85224004436589
215    191.1113175505036
216    192.23134554291067
217    193.69194142253062
218    194.07711066742905
219    194.9478542581317
220    195.99430416143665
221    196.04990172029713
222    196.25947170164656
223    196.67313051991425
224    197.87626454213375
225    199.57149649273455
226    201.24204347182751
227    202.54611743606372
228    202.64340929509797
229    203.61033106259708
230    205.4598239967785
231    206.71244269928638
232    207.35114263410537
233    208.38647359659012
234    210.02631850971304
235    211.3089728525027
236    212.13342592736078
237    213.3039683534149
238    213.58170925258747
239    214.9870189228857
240    215.64010496295492
241    216.35358238926096
242    217.80671859425684
243    219.59399389111567
244    221.33147888201344
245    223.06714396438548
246    224.8705028051632
247    225.11927345836293
248    226.40307505597136
249    228.1454242625354
250    229.4530578611295
251    231.22701359982221
252    232.33492617502029
253    232.75819188349195
254    232.81624471904595
255    233.00580578530258
256    234.94421620443052
257    236.37620863986683
258    237.13611827967927
259    237.61666686025046
260    238.7187493967022
261    240.59770782307018
262    242.25430601084338
263    243.0771772817663
264    243.254810715714
265    244.89889630672297
266    246.6307800898898
267    248.55770725762108
268    250.08021968371827
269    251.9873845406681
270    252.9154050924614
271    253.63569167954967
272    255.0449480977425
273    256.72222088552576
274    257.72129628328315
275    259.5964171214897
276    260.1558606787188
277    260.75668316255343
278    261.60476884802074
279    261.7915807919904
280    262.3882341612037
281    263.54430776158085
282    265.443306782063
283    265.9294603440825
284    267.50347018196896
285    268.0009894583057
286    269.84767323158144
287    270.617694399381
288    272.1260234506445
289    273.55187410787204
290    274.31549614003717
291    275.30104479728664
292    277.055159853139
293    278.5660239262476
294    279.18582454343874
295    280.03488581784376
296    281.7747887106506
297    282.3704368921409
298    284.29691511020036
299    284.38683084893523
300    285.71458423910127
301    287.65666187129807
302    289.42948495604725
303    289.92815973051296
304    290.3293123119692
305    291.54588791074394
306    293.3464180310411
307    293.50986688124345
308    293.7914339904328
309    294.06250185910824
310    294.6872415124223
311    295.1476310804024
312    295.20513083324806
313    296.4279535145803
314    297.8826022626415
315    298.2319353103196
316    299.2507897205919
317    300.8970039656569
318    302.6209424925584
319    303.56793239528326
320    304.81834471014923
321    306.25590178222876
322    308.1100661188234
323    308.3320681338559
324    309.238928236303
325    309.63944237159336
326    310.42673864941804
327    310.92057373007253
328    311.23662416576195
329    313.18946108072583
330    313.64119871188524
331    315.32216588479145
332    315.5687011370951
333    316.99644301900156
334    318.0522950906155
335    319.04753360856233
336    319.57194868056956
337    320.1497407134877
338    321.09664127979454
339    321.30439091563244
340    322.37700325015385
341    323.9409833550881
342    325.9255305188218
343    327.36648074619467
344    329.34162301581523
345    329.56690987042913
346    330.93869882273805
347    331.3032333072613
348    331.62582247087676
349    333.032114982797
350    333.1143711295643
351    333.79901751267704
352    335.39133195418503
353    335.8171648610002
354    337.67655979191386
355    339.3383072077917
356    339.7278877423368
357    341.60768334042973
358    343.0395364596759
359    343.5808107906219
360    344.99132302062566
361    346.0926615361781
362    346.7661528670629
363    348.0253969049481
364    349.2301058568039
365    351.2130809405057
366    352.428341616364
367    353.74934711488186
368    355.71097029370503
369    355.8237804275404
370    356.6358601453875
371    356.77556796298273
372    357.68437093035936
373    357.9309878276404
374    358.5617029801708
375    358.6297072433968
376    359.78938393193897
377    359.9495402871932
378    361.8378340877662
379    363.6648599045838
380    363.74013876431866
381    364.52691578974543
382    365.58693393912296
383    366.58041715089644
384    367.2924251261994
385    367.85371112385786
386    367.99430273780433
387    368.41953588167667
388    369.2483621937677
389    371.00295785975203
390    372.4343748268185
391    372.50733018742426
392    372.7624692189209
393    373.5821207236193
394    373.67269343403535
395    374.8933879871894
396    375.4919987895483
397    376.29833348582355
398    377.6569662035491
399    379.4270894561
400    381.20252326852784
401    382.4102979761874
402    384.38801238127286
403    384.96553774446585
404    385.4750447153281
405    386.2214698274286
406    386.6484597644972
407    388.17291927660983
408    390.0418795655356
409    390.9991535440334
410    391.1272465667447
411    393.0260399443881
412    393.3404848752485
413    394.3070350712066
414    395.54599840278985
415    396.40136249620963
416    397.67058657209316
417    399.5565476582056
418    400.4729516739496
419    402.0137808053652
420    403.42267188459414
421    403.8059619734427
422    404.71037311473077
423    406.51504058320666
424    407.8730997465364
425    408.9261059617015
426    409.6138081701392
427    410.810941973087
428    411.2518450276315
429    412.086185405408
430    412.46609910711135
431    413.066525102438
432    414.6331376204488
433    416.1128162371982
434    417.4792558125734
435    417.87330851538474
436    418.7666324153068
437    420.64825109043926
438    421.7581536756769
439    422.72918296470516
440    423.64685097814163
441    425.42302677141095
442    426.08143982367324
443    426.5482396408378
444    426.65803521522406
445    427.54306678094844
446    427.9759682907493
447    429.7748522732373
448    430.88715259161194
449    431.02819614074036
450    431.7888324379554
451    432.96452665749655
452    433.9806836998797
453    435.6150032411666
454    436.3886151265988
455    437.42789611014626
456    437.6022893914724
457    439.03779129286823
458    440.9391017985821
459    442.53102533053345
460    443.64298820444054
461    443.83886506089965
462    444.06570392730566
463    444.2345522332174
464    445.47449659148583
465    446.57707961751174
466    446.6210151416424
467    448.47332587649043
468    449.8801239845081
469    451.28001274408695
470    451.4309602220157
471    452.5684202482452
472    452.82778366090906
473    454.4353558508325
474    456.1428234318181
475    456.52828360717155
476    457.8671474570963
477    459.23137638870645
478    459.74095406322004
479    459.89835730794846
480    461.283996716165
481    461.70280353920964
482    462.02279283043544
483    463.220311837289
484    463.8790983519411
485    464.8303318525785
486    465.45436354668567
487    466.5515249914038
488    467.3814147886266
489    467.8796016785848
490    468.4657312522095
491    469.78189139632826
492    471.4759646784679
493    472.22081219235565
494    473.46344307363137
495    474.5214859210351
496    475.25625036907394
497    476.3882521201691
498    477.26426303534697
499    478.2612949140832
500    479.85763731584734
501    481.66975563068416
502    482.35893893195293
503    484.0377226669817
504    485.2806176208349
505    486.83054523879974
506    487.7806222222048
507    488.167934226096
508    488.70145326017115
509    489.34215183659643
510    490.5637078309426
511    492.04742802999743
512    493.0683012656688
513    494.2070194514252
514    496.07168965034583
515    497.9374823784569
516    498.9647107387385
517    499.03935196099343
518    499.1466492359495
519    499.8726224522268
520    499.8907298138934
521    500.15875500091266
522    501.33115545307834
523    501.59659406084955
524    501.63582814694246
525    503.032184487621
526    503.9399321591276
527    505.4421683683119
528    506.4672561199827
529    507.3497772821195
530    508.6072752072472
531    510.15141278688805
532    511.90677050173315
533    513.3649192729321
534    513.7916608090144
535    515.0746215789889
536    516.4543155451526
537    518.0842743929335
538    519.6655656656654
539    520.3435889787295
540    522.0645166185241
541    522.2826946041603
542    522.3718543686678
543    523.071522582381
544    523.4981215189715
545    524.2932709587669
546    525.928063183453
547    526.994157890506
548    527.511308533444
549    528.5784529802924
550    528.7338196238322
551    528.9795266641859
552    530.2321118834024
553    530.5311342825548
554    531.105037352631
555    531.5697538108949
556    532.3034435790393
557    533.5683810087983
558    534.3385730477233
559    534.9419295686093
560    535.828277004695
561    537.3212619132813
562    539.1323388102793
563    539.4588490601506
564    539.8151221667795
565    540.3248281656147
566    541.2483992476951
567    542.8700790141719
568    544.0645151480771
569    545.2186168114379
570    546.1615275246885
571    548.106937025098
572    549.5127100311196
573    550.3588496385273
574    551.7857466893934
575    552.7709791182923
576    554.4221989974867
577    555.4736885510383
578    555.9591314605882
579    556.7766386764883
580    557.5708306886401
581    559.2665574071183
582    560.9913251609756
583    561.445087059876
584    563.0070051110673
585    563.883772298753
586    563.8940258187208
587    564.9239803907244
588    565.5235214952583
589    565.7404277411472
590    565.7830539165252
591    567.1820241613044
592    567.3374444336923
593    568.4818338608565
594    569.9319872345415
595    570.8996014655935
596    572.0052931010996
597    572.4743158554096
598    574.0408673860165
599    575.8158418537855
600    576.9044213260992
601    577.8847787738906
602    578.8617905029428
603    580.4922018283132
604    581.3728714635965
605    582.8382927160118
606    583.8773917679
607    584.7543026752551
608    585.0286479443541
609    586.6616636408014
610    588.4120418150678
611    589.5820263200491
612    591.2759615336047
613    591.7874108639975
614    592.1331486125364
615    593.2568580245887
616    593.7148337912345
617    594.5926648253852
618    596.5611608986106
619    598.4594754630878
620    598.4771722206718
621    598.8080855250595
622    600.3546691432208
623    600.6743727517746
624    602.2008451523186
625    603.2322455958081
626    605.2252276104526
627    606.2493924812928
628    607.7512063744982
629    608.8695727063196
630    609.9824161979909
631    611.7399659806467
632    612.7226301744191
633    613.765167720213
634    615.2312809150525
635    615.7685333818729
636    616.7003109638534
637    617.8069776410092
638    618.6334471710237
639    618.9989434286448
640    620.7608859322916
641    622.4630276788636
642    623.2202751930864
643    623.8144595904879
644    625.5467603362767
645    627.5241047017639
646    628.9490625146358
647    629.926705216884
648    631.9029638557721
649    633.3571327924769
650    634.9007328386803
651    636.3100305063241
652    637.1157436271823
653    638.4241322961938
654    639.4378894225761
655    639.966884282277
656    641.8431132958709
657    641.9221138339091
658    642.0421731537488
659    643.4287730232824
660    643.9876455080881
661    644.1763655538479
662    644.8832542142669
663    646.7929365540951
664    647.4475949421881
665    647.9143805230814
666    648.9174110069893
667    650.3176094881904
668    651.2806753614357
669    653.1052726986023
670    653.7953504716587
671    654.5233045430631
672    655.4687061103915
673    657.4230669819166
674    659.0704819713233
675    660.082318650166
676    661.2109266428383
677    661.4903558260634
678    662.3453217774775
679    663.870635420685
680    664.6343259997775
681    665.6951235564485
682    666.3412647314514
683    666.4206207638517
684    667.789513947221
685    668.8315939465398
686    669.6993609215651
687    671.4848098981139
688    672.5061379824205
689    672.590763095237
690    673.0618915097274
691    673.8790570211098
692    674.6278273293085
693    676.3398615714201
694    676.452819746169
695    678.113608910825
696    679.8441071656681
697    681.3270439754624
698    681.8599923025189
699    682.7576051942893
700    683.4385728498979
701    684.8848547978098
702    685.4959894254575
703    685.8828729185797
704    686.2075082425929
705    688.0050338989435
706    689.1676094117387
707    690.7515529598742
708    690.9456785500313
709    691.856281817691
710    693.156773383415
711    694.9123240589653
712    695.4264840818727
713    696.1290557858123
714    696.3479050762165
715    696.9507414270895
716    697.8380095832453
717    698.7009589739472
718    700.3246342410431
719    702.0467676946982
720    703.0683994993539
721    703.7550940219476
722    704.4679290623194
723    705.5452383303418
724    705.9097634765345
725    706.718749624649
726    708.2843373481587
727    709.1878203169837
728    711.0373496158027
729    712.3133499493889
730    713.1922294524945
731    714.5812040412915
732    715.965954490641
733    717.1562719439049
734    717.8701871239095
735    717.9623192726885
736    718.2399648083344
737    719.0097772362321
738    720.3679912444438
739    722.224220154686
740    722.8971098661415
741    724.7979439695356
742    725.9275148938102
743    726.1616827285053
744    726.390748299623
745    727.2081306949134
746    728.8672652551905
747    729.4298472694699
748    730.6302952998594
749    731.4008439087601
750    732.3468716861565
751    733.0120238846961
752    733.0800811381716
753    734.3604185205586
754    735.633143666674
755    736.6785275738321
756    737.6951136793556
757    738.5043964950297
758    739.5955714725934
759    740.7841708691229
760    740.8634388671878
761    741.1277891342509
762    741.6435841110173
763    741.7883882091495
764    742.8324614967153
765    743.0370229599085
766    744.3156812713515
767    745.7258397930755
768    745.8594584569522
769    746.7436460512432
770    748.313671312637
771    750.1620360094624
772    750.5941217681467
773    750.6521021682481
774    751.218081997294
775    751.6394640497747
776    752.3474255164317
777    752.9456335274252
778    753.4430910297881
779    753.9258365011748
780    755.1172667572217
781    755.439744749045
782    756.6055213176454
783    757.4676403145576
784    758.5086328983163
785    760.4223027671641
786    762.3126480067108
787    763.0095906054344
788    763.0337767078487
789    763.5551005232521
790    764.0467324381569
791    764.9605715320507
792    765.8791110558499
793    766.8582530580799
794    767.9119874270216
795    769.2776836009933
796    770.1357158789008
797    770.8671880855771
798    771.6870129900697
799    771.7868421106023
800    772.4851922311129
801    773.0498150705421
802    773.6339827035126
803    774.1074696571101
804    775.1942398251633
805    777.1388591285869
806    777.984820265319
807    778.2355123613909
808    779.6127903377732
809    780.4496349301057
810    781.1288818295735
811    782.7436180669673
812    783.293807809427
813    784.3194673413327
814    784.3257695155564
815    785.1142962941454
816    786.387160870129
817    787.7214330756101
818    789.099961061797
819    790.9890705744982
820    791.8979458727508
821    793.3486330709574
822    795.1851522386844
823    796.9205182794603
824    798.5798259806659
825    799.999937609616
826    801.0638060614536
827    802.1835223149999
828    802.5205404394719
829    803.0074692909334
830    804.6316291615116
831    805.382912112282
832    806.6398798008438
833    808.5890446169311
834    810.2285642651475
835    811.399953299045
836    811.7712485829052
837    812.8856144040044
838    814.1170624449412
839    814.3850535500288
840    815.4911103189115
841    815.843442068972
842    816.566586048874
843    818.1393385580548
844    818.7453681996697
845    818.8650421305543
846    820.0172570027742
847    821.5124954945745
848    822.2600829164658
849    822.6985751657544
850    824.3869182184103
851    825.9204072800617
852    827.3752714695371
853    828.8363141229769
854    829.3584965674738
855    829.9174536542804
856    830.075909726834
857    831.7141751110399
858    831.881525372866
859    833.4726972670254
860    834.1711550100446
861    835.768163653147
862    836.3261037045997
863    837.447878439555
864    838.3547480844244
865    838.7848978170125
866    838.96422043241
867    840.5218368570971
868    841.9457327052414
869    842.6538318613709
870    842.7839374885733
871    843.4178739204605
872    845.0420732843888
873    846.3514192172553
874    848.1488400496702
875    849.9457745437525
876    851.6417247511665
877    852.239011714853
878    853.2123009060417
879    854.4817721024733
880    855.3674537285476
881    855.9117657924543
882    857.8482137277522
883    859.4989624666674
884    860.2048773791468
885    861.3495234188225
886    861.5556376526215
887    861.5616896613437
888    862.0609167930534
889    862.8327455330227
890    864.8108147933355
891    864.9672571546247
892    866.63545911215
893    867.2159913465778
894    868.9611231239096
895    870.0507996279914
896    870.7730128427227
897    872.5282344027247
898    872.6602390735717
899    872.9332094296635
900    874.4168652729236
901    874.4903816041758
902    876.4516141698308
903    877.4227655558926
904    878.4346572172738
905    878.4603853919923
906    879.2187969866031
907    879.6695514060455
908    881.3460666378099
909    882.4698228307631
910    883.2518474888166
911    885.0216164430103
912    886.6603937331029
913    886.8272346871487
914    887.7129967145572
915    887.7158678593319
916    889.0929395520623
917    890.6039561688033
918    892.3564655161507
919    893.3122979461372
920    895.0305483311454
921    896.424618701671
922    898.1915601764637
923    898.9148911751024
924    899.8658417503785
925    901.8525051507182
926    903.0858263896762
927    904.9777630821947
928    906.7260034187262
929    907.8170328149655
930    908.2700455834444
931    909.3667992620027
932    911.014251100227
933    912.5615318322556
934    914.466475767325
935    916.2358774584308
936    916.336197315592
937    916.9571004092894
938    917.2836445440704
939    918.2504778739734
940    919.6172626619666
941    920.6618803472696
942    920.715535524241
943    922.2023586085551
944    923.0479583973133
945    924.2610762621176
946    925.5586364759628
947    926.6976200517345
948    927.1294392451862
949    928.5984594053461
950    929.3011892059728
951    929.4647150911852
952    929.5694018191962
953    930.3744390902813
954    930.7735595281491
955    931.2397969727488
956    932.538366707832
957    933.2197079259685
958    934.0962729541368
959    934.3506182250856
960    935.3950668964724
961    935.5350453307689
962    935.7182575474428
963    935.736903535599
964    937.2027504465112
965    937.4707164472376
966    938.6993320588507
967    939.8302095042411
968    940.3825746586483
969    942.1650774978542
970    942.7535764933896
971    942.8975101927745
972    944.88027116375
973    945.1789739363111
974    947.0492559759836
975    947.5734401392102
976    949.0071672815933
977    950.5980073783373
978    950.9733765895244
979    951.425001536286
980    952.5968950773645
981    953.4268813445722
982    953.8937017208286
983    954.6693205263899
984    956.6050606408065
985    957.985743240879
986    959.8173146111072
987    960.3512823279993
988    960.5685408630994
989    962.5305507261834
990    964.2134100816351
991    964.6516417817976
992    966.1473552896073
993    967.7571222288323
994    969.4112443156956
995    969.7835303581828
996    969.8613708503366
997    970.0600502023987
998    970.2038832207579
999    971.3389756650545
1000    972.2651629715841
1001    973.7405334356827
1002    974.615454641617
1003    974.8381193815851
1004    976.6674619213662
1005    978.0946827061714
1006    978.4821263939641
1007    978.9091957099449
1008    979.5232030664397
1009    980.4816257554822
1010    981.9705133136638
1011    982.1939331693868
1012    983.5219286149189
1013    984.2499527134089
1014    984.2720466928984
1015    984.6834132021837
1016    986.4265118229405
1017    988.354983137892
1018    988.7595628945315
1019    989.8114530526187
1020    990.300918195886
1021    990.6931671044015
1022    991.4833602654669
1023    992.3878715253052
1024    993.2701287775269
1025    994.6883580238324
1026    994.7059108743715
1027    995.2625050131884
1028    995.5727317728396
1029    996.7411948552469
1030    997.6673028058116
1031    999.5907341346274
1032    1001.1911211879021
1033    1002.8437717662705
1034    1004.7199179401193
1035    1004.801793928879
1036    1006.7468419300383
1037    1007.8203350388327
1038    1009.6683949921883
1039    1009.9104254284198
1040    1010.1729992500677
1041    1010.9377900267162
1042    1012.5552072724264
1043    1013.7452357396809
1044    1014.5096018634472
1045    1016.1628030252799
1046    1016.7868835420811
1047    1017.3940938712794
1048    1018.5412478087318
1049    1020.3674533176741
1050    1021.0598906040101
1051    1021.4831834708431
1052    1022.2031444109416
1053    1023.0145125406974
1054    1024.7613438584624
1055    1025.360232430398
1056    1025.375879026912
1057    1025.9165386060058
1058    1027.0320658996143
1059    1028.1258772910883
1060    1029.3155606397966
1061    1030.965927364417
1062    1032.8826646683606
1063    1034.8300509467367
1064    1036.004106193912
1065    1037.9411835749524
1066    1039.9105279611724
1067    1041.3572522470558
1068    1042.6002769459947
1069    1043.1703360674444
1070    1044.4819377700273
1071    1046.1891826808192
1072    1047.8906437134383
1073    1049.142341462359
1074    1049.429682202048
1075    1050.4986746197285
1076    1052.494560787516
1077    1052.7161666107918
1078    1053.1159062299457
1079    1054.8743104956782
1080    1055.6753582154738
1081    1056.7683458268423
1082    1058.0929475018495
1083    1058.941236633103
1084    1060.6710800404815
1085    1061.6884998433754
1086    1062.8863933585858
1087    1063.1969310049399
1088    1064.9766967247515
1089    1065.161816823685
1090    1066.0731218210956
1091    1067.4844671482426
1092    1068.9162426376902
1093    1070.8486505060953
1094    1071.0875436915783
1095    1071.7630744731425
1096    1073.2324268211335
1097    1074.0112779225217
1098    1074.5266670384688
1099    1074.6796993788573
1100    1076.6428967946435
1101    1076.7282754683363
1102    1077.360304497446
1103    1079.0577714093115
1104    1081.027525943027
1105    1081.407520546641
1106    1083.3096940171085
1107    1085.0187815392346
1108    1085.4501864364324
1109    1087.2337977455757
1110    1087.6439517193269
1111    1089.52699084722
1112    1089.5926426733467
1113    1090.697787001761
1114    1091.6013650304662
1115    1092.6881140386367
1116    1093.3240797510314
1117    1094.9874644175804
1118    1095.8833044043702
1119    1097.6901560333527
1120    1098.8237352985916
1121    1099.658300932603
1122    1099.7024296881136
1123    1101.2719671182772
1124    1102.6340434235099
1125    1103.122730075939
1126    1103.7444834124606
1127    1104.3629728499934
1128    1104.553167308984
1129    1106.1695859528838
1130    1107.9208266329485
1131    1108.8144532677293
1132    1110.5157508068105
1133    1112.2719441611855
1134    1113.116044192154
1135    1114.3677394082133
1136    1115.8789915233222
1137    1115.9804820008278
1138    1116.8744244399118
1139    1118.70169191669
1140    1119.6681001436032
1141    1120.0813467405744
1142    1121.2312659521094
1143    1122.7900586328353
1144    1123.9541105580993
1145    1125.247970424485
1146    1125.4651528090096
1147    1126.610508281161
1148    1127.8937346905898
1149    1128.7667345071427
1150    1129.621684930264
1151    1129.8737610469038
1152    1130.079832141274
1153    1130.3608507285503
1154    1131.9630475871693
1155    1133.583944633152
1156    1135.2073693781354
1157    1136.117805835317
1158    1137.2770106239682
1159    1137.3143255317898
1160    1138.839532804704
1161    1139.7157353114023
1162    1140.1449857840562
1163    1140.7059813835594
1164    1141.5487628450721
1165    1142.9907505567903
1166    1144.1519561294708
1167    1144.455707415978
1168    1145.6908159286806
1169    1146.4289422129586
1170    1147.975769408503
1171    1148.2045122934967
1172    1148.4003747567863
1173    1150.1363951500493
1174    1151.7075890923716
1175    1151.7698936160914
1176    1153.4912399632492
1177    1154.2850800932843
1178    1154.7595170465863
1179    1155.5404875127642
1180    1155.9393117969655
1181    1156.6751216992138
1182    1157.8327978179016
1183    1159.1998425668587
1184    1160.4352020551335
1185    1160.7103948546776
1186    1161.642163871405
1187    1162.6537753552595
1188    1163.6143922867036
1189    1165.4576832462094
1190    1166.4977768109293
1191    1167.5499199023855
1192    1168.1385674272954
1193    1168.6095293491558
1194    1168.9090732599623
1195    1169.4641636405402
1196    1169.7533283367575
1197    1170.7061788443762
1198    1171.3047429241728
1199    1171.4417492212601
1200    1172.3006453479863
1201    1173.7668233408147
1202    1175.632043959021
1203    1176.1438385667755
1204    1176.5093271074948
1205    1177.3241730861985
1206    1178.221062294325
1207    1179.1450913706212
1208    1180.6400100710855
1209    1182.3406214493582
1210    1183.6173942863122
1211    1183.7159154168323
1212    1184.1318660532925
1213    1184.2961050548572
1214    1184.9076069430369
1215    1185.785064437552
1216    1186.174977944041
1217    1187.3065474769003
1218    1188.876282020782
1219    1189.4524402942632
1220    1190.1054114654112
1221    1191.833804860256
1222    1192.2192445140518
1223    1192.929986251835
1224    1194.3467748855542
1225    1195.9998456273377
1226    1196.4083509974014
1227    1196.801582193884
1228    1197.2088342735692
1229    1198.0461851900175
1230    1199.8183183794697
1231    1201.798684101301
1232    1202.505911923142
1233    1204.0136281063426
1234    1204.2121731201569
1235    1204.7710550127397
1236    1205.2660015569388
1237    1206.9112214723712
1238    1208.223793531425
1239    1208.7313161810616
1240    1210.6485977553082
1241    1211.9851991821213
1242    1212.3315438802422
1243    1213.3543648897332
1244    1214.286268322255
1245    1215.0786865206098
1246    1215.3608105929193
1247    1216.6637337201755
1248    1218.1727885496025
1249    1218.8096799551072
1250    1220.084796895685
1251    1221.7303383594492
1252    1223.153403382663
1253    1224.7592707245633
1254    1226.4558010820322
1255    1227.066976883638
1256    1228.8861084859102
1257    1229.2510477938295
1258    1230.1222062711208
1259    1231.4652025278713
1260    1233.1683146016926
1261    1235.1528726322583
1262    1236.9949650653055
1263    1238.5530720721988
1264    1239.7890946628531
1265    1240.205141544902
1266    1240.5512059382495
1267    1241.5018103318057
1268    1243.2676352601404
1269    1243.7633331840002
1270    1244.094552526887
1271    1245.6069664794122
1272    1247.1460221793404
1273    1248.0988046256323
1274    1249.4264198954522
1275    1251.1928796041457
1276    1251.8942812827331
1277    1251.9809116239323
1278    1253.0839238026044
1279    1253.9748298064205
1280    1254.2732433622598
1281    1254.6728894595474
1282    1256.4132322761568
1283    1257.186909072443
1284    1258.6679965773606
1285    1258.737534557038
1286    1260.136045359528
1287    1261.8122556088551
1288    1262.41832896455
1289    1262.751410905567
1290    1264.5502701138369
1291    1264.663438641655
1292    1264.6663862070436
1293    1265.4122438325319
1294    1266.4606071283472
1295    1267.482175439681
1296    1267.6313614474022
1297    1269.2607612260176
1298    1270.4230312014602
1299    1271.3803762740247
1300    1272.9255378658795
1301    1274.4755599455664
1302    1275.5276731454667
1303    1277.2325033462353
1304    1277.4979203121238
1305    1278.6878905020255
1306    1279.3606519742036
1307    1279.4473310292497
1308    1279.591234238914
1309    1279.7961567375223
1310    1280.0150933843536
1311    1281.024326357758
1312    1281.280028046352
1313    1281.8392778647258
1314    1281.951985391606
1315    1283.0729601384728
1316    1283.5798495988874
1317    1285.5314334069612
1318    1287.0918728161073
1319    1287.6591922628206
1320    1287.7982076369854
1321    1288.1002132338372
1322    1288.8340632878753
1323    1289.6470634842483
1324    1289.9713264466977
1325    1291.3441198989356
1326    1292.1704356937958
1327    1293.1435175747968
1328    1294.4644741293012
1329    1295.4204476471284
1330    1296.7272168023044
1331    1298.3322480190889
1332    1300.026254854463
1333    1300.4197087194618
1334    1302.016214260924
1335    1303.2476474626196
1336    1304.8174352494136
1337    1305.3101941481998
1338    1306.099305147389
1339    1307.4818038952924
1340    1309.2154198925468
1341    1309.5000437681267
1342    1310.1492873434352
1343    1310.9890791363944
1344    1312.310505798712
1345    1314.0832058409687
1346    1314.4021480707763
1347    1315.4241972228901
1348    1317.1078215619027
1349    1317.718142980718
1350    1318.8461058582182
1351    1320.057941863863
1352    1320.3742097368597
1353    1320.5913861066058
1354    1320.6140476789924
1355    1320.9833249138283
1356    1322.1172628796112
1357    1322.6232763266062
1358    1322.7686767619712
1359    1324.567648533888
1360    1324.7917460514707
1361    1325.7631295436547
1362    1327.645146446559
1363    1328.0857632084212
1364    1329.5999178468398
1365    1329.6984287961527
1366    1329.6998588675765
1367    1331.1979453196793
1368    1332.8120335246829
1369    1333.8220499977447
1370    1335.5049502042443
1371    1336.1047158932677
1372    1336.9016523019252
1373    1337.0744610414865
1374    1338.4361775634925
1375    1340.0173536107013
1376    1341.9814461809278
1377    1342.9128001477054
1378    1343.7270529789048
1379    1345.5337342031132
1380    1347.1413922135762
1381    1349.0353676045504
1382    1350.1099149453466
1383    1351.607474496156
1384    1352.4132893895492
1385    1352.9067502989105
1386    1354.1824372231881
1387    1354.982638603661
1388    1355.2494413940449
1389    1356.9638266973436
1390    1358.06334651974
1391    1359.389335170291
1392    1361.187144336144
1393    1362.0616163441796
1394    1363.561968450872
1395    1364.6906293263191
1396    1366.2638596432
1397    1367.8930953146562
1398    1369.3189276967466
1399    1369.940899758077
1400    1369.9674521873
1401    1371.4966161068708
1402    1372.7557898865741
1403    1374.7116212682108
1404    1375.7560815431193
1405    1376.5847847087853
1406    1377.7968125242799
1407    1378.9042278073334
1408    1379.7804435735488
1409    1380.4314770239937
1410    1381.9388353775319
1411    1382.660664469053
1412    1383.4007491204857
1413    1384.819535090726
1414    1385.3466702388064
1415    1386.1244320930239
1416    1388.0591912934424
1417    1389.1436945106439
1418    1389.7057945965416
1419    1390.5545586317496
1420    1391.0333142058719
1421    1391.2704245238992
1422    1392.5305624889775
1423    1394.4775524423278
1424    1395.77563904581
1425    1397.7632726262857
1426    1399.6043470899078
1427    1400.3219982200635
1428    1401.765937183161
1429    1403.027369131034
1430    1403.560602894876
1431    1403.655187468087
1432    1404.2390111719903
1433    1405.3780815102825
1434    1406.2342958545044
1435    1407.6771606633104
1436    1407.7275704317078
1437    1408.7527004176777
1438    1408.857491229936
1439    1409.879755471264
1440    1410.3938743827168
1441    1411.9284291378558
1442    1412.3630582911264
1443    1412.5453879705688
1444    1414.2512275560805
1445    1415.1237348283644
1446    1415.876193577049
1447    1417.1862103389622
1448    1417.3098914152783
1449    1419.235648117545
1450    1419.7956327358331
1451    1420.7236030029624
1452    1420.8972890659313
1453    1421.2118937719915
1454    1422.744914062625
1455    1422.8712375681555
1456    1423.3635527733325
1457    1424.803859175068
1458    1425.6868814852935
1459    1427.4566392780262
1460    1428.2642328138095
1461    1428.8034667637849
1462    1430.785996922008
1463    1431.0303319339257
1464    1431.3673008228843
1465    1432.614347522914
1466    1433.72636941087
1467    1435.3723897118289
1468    1435.669896779344
1469    1436.5872799724705
1470    1437.24075891779
1471    1438.2464355578068
1472    1439.5401150218333
1473    1440.8172355234842
1474    1441.8007482141106
1475    1442.54008169945
1476    1443.663751334501
1477    1445.2029923338794
1478    1445.6143160538522
1479    1447.349908507887
1480    1448.7524499720014
1481    1449.8966700836477
1482    1451.8154632753974
1483    1453.281926941436
1484    1454.4626633161947
1485    1455.0904535719378
1486    1456.0181073431079
1487    1456.383365559039
1488    1456.85062377617
1489    1457.6377806070852
1490    1459.3198571825287
1491    1459.4082532908203
1492    1460.9280134582862
1493    1462.3511108957182
1494    1463.9013284724558
1495    1465.5356421297627
1496    1467.343153105866
1497    1468.4554362676565
1498    1470.3142261060286
1499    1472.0046016963565
1500    1472.7744072345745
1501    1473.5387277560858
1502    1475.4518750856344
1503    1476.9157500325382
1504    1477.858278759808
1505    1478.5536366661881
1506    1479.1682140135797
1507    1479.6636139899497
1508    1479.7527920963093
1509    1480.4713266049812
1510    1480.7536918463427
1511    1482.6685622030525
1512    1483.4573904848169
1513    1484.2441688571103
1514    1485.246633692554
1515    1486.253983179995
1516    1487.83634704628
1517    1487.9873500748802
1518    1488.7262585377855
1519    1489.7566865912513
1520    1491.6178179120361
1521    1492.736248560326
1522    1493.5377293910446
1523    1494.0697686082553
1524    1494.7095165828657
1525    1495.8843532642725
1526    1496.7152896551365
1527    1497.7455470585842
1528    1499.3820942157365
1529    1500.8763683436123
1530    1502.4329984781593
1531    1503.9572237808811
1532    1505.7114483125436
1533    1507.4921539473871
1534    1508.0729680967058
1535    1509.2052746037239
1536    1509.6628469643724
1537    1510.9732726698387
1538    1512.5965432645487
1539    1514.5441172681956
1540    1514.6546973903814
1541    1516.004440710964
1542    1517.3003683954778
1543    1517.6484948747393
1544    1518.4691840579476
1545    1518.7205933373582
1546    1519.2111071755196
1547    1520.8690990926154
1548    1521.6597581441313
1549    1522.7732693024834
1550    1524.1575761624013
1551    1525.1464282607064
1552    1526.5339637617667
1553    1526.7967941628956
1554    1528.4883996690257
1555    1529.1724681559565
1556    1530.335242632916
1557    1531.7455484281018
1558    1532.3905328639735
1559    1533.2615789065192
1560    1535.0045883391851
1561    1535.611928572339
1562    1537.082805784039
1563    1538.957332063075
1564    1539.1143551339717
1565    1541.0302169685397
1566    1541.6109501812437
1567    1541.871336887007
1568    1542.22066916726
1569    1543.024256682922
1570    1543.7307090789905
1571    1544.0785503643158
1572    1545.5886526999357
1573    1547.1723304484503
1574    1548.6549489695226
1575    1549.9666438147274
1576    1551.385521776836
1577    1551.856890138786
1578    1552.269985183727
1579    1554.140029426528
1580    1555.4653455683317
1581    1556.1979880638376
1582    1557.278122176767
1583    1557.3013591476529
1584    1559.1375275227701
1585    1559.5437230849489
1586    1559.609533099022
1587    1560.251772263491
1588    1561.5207016600423
1589    1561.5781042363092
1590    1563.538750909229
1591    1564.0177821799584
1592    1564.3840505461599
1593    1565.870994370017
1594    1567.0179696873904
1595    1568.4972820672078
1596    1570.3406423328415
1597    1571.2640427998606
1598    1572.2034167884335
1599    1572.7677760106023
1600    1573.3610505686352
1601    1574.5880577803928
1602    1575.602511729593
1603    1576.4514708770798
1604    1576.5783705393521
1605    1578.1109011463216
1606    1578.7779006475205
1607    1579.7625301428704
1608    1580.419776651492
1609    1581.8558699387327
1610    1583.444588694732
1611    1584.8391572890823
1612    1585.4655259822287
1613    1587.2265295529335
1614    1588.3686962193449
1615    1590.3533851249308
1616    1590.6290211218025
1617    1591.2178181152044
1618    1592.0461003996056
1619    1593.053738803024
1620    1593.5805764369445
1621    1594.057964431583
1622    1594.3157176543425
1623    1594.9376314287579
1624    1595.73511199943
1625    1596.611680906733
1626    1597.228320086821
1627    1598.9480137387575
1628    1599.8690321525435
1629    1601.6771955698528
1630    1602.8308687370516
1631    1602.8712535774678
1632    1604.5115369005753
1633    1605.1396691262928
1634    1607.039809187304
1635    1607.8908895096295
1636    1609.0682580390337
1637    1610.973934619556
1638    1612.1516733298413
1639    1612.2065608754483
1640    1612.2524112088452
1641    1613.729927178478
1642    1614.8832162288586
1643    1616.1252469214148
1644    1616.8931659107209
1645    1616.961823042558
1646    1617.024030621139
1647    1618.1979896565267
1648    1619.4097843689747
1649    1620.5913692029362
1650    1620.99398525114
1651    1621.1236541909839
1652    1622.9185300480242
1653    1624.5751585404137
1654    1624.6308201320455
1655    1624.8514910787756
1656    1625.3873977732444
1657    1626.2576035995576
1658    1626.2670624379332
1659    1626.8817297995095
1660    1626.9251425645596
1661    1628.3160691040616
1662    1630.108579867275
1663    1630.8281516219827
1664    1631.4003396415235
1665    1632.2815995346418
1666    1632.755236683202
1667    1633.6841434765179
1668    1635.4292738907234
1669    1636.271340249955
1670    1637.9603136720443
1671    1639.6152335400893
1672    1641.1875862976121
1673    1641.4616311650343
1674    1642.404459953784
1675    1644.2816792457904
1676    1644.5171534473682
1677    1645.7926740385183
1678    1647.7630434486657
1679    1648.2938232300085
1680    1648.4124709811672
1681    1648.9012064489864
1682    1649.1026491642895
1683    1649.5457800996958
1684    1650.8170668568168
1685    1651.8206492398444
1686    1653.0045374835956
1687    1653.0435444955708
1688    1654.0716548325495
1689    1655.147024025729
1690    1656.4132904519122
1691    1656.7964007500586
1692    1658.2137414397193
1693    1659.304808746809
1694    1661.1639421123698
1695    1662.8219655152602
1696    1663.6646978767506
1697    1663.9350488707707
1698    1665.8588954098295
1699    1666.1135565232923
1700    1667.8128763285256
1701    1668.877211547698
1702    1669.0144230280516
1703    1670.3004755549478
1704    1670.6013506207055
1705    1672.2150694656448
1706    1673.3246195809165
1707    1674.2762640343321
1708    1675.8138692870332
1709    1676.596987577087
1710    1677.9251933108103
1711    1678.3364074815754
1712    1679.083645902931
1713    1679.8422230050373
1714    1681.6261437170513
1715    1682.2176884474288
1716    1682.6116159261785
1717    1683.5744671650846
1718    1685.0979725537434
1719    1685.88095528796
1720    1686.136503041842
1721    1686.5925156311257
1722    1688.4199469964935
1723    1689.84258771475
1724    1691.231400673217
1725    1692.4790818969161
1726    1693.863195089341
1727    1695.8310007887496
1728    1697.7944892181292
1729    1698.9730879794092
1730    1700.7749539984413
1731    1701.9829591426032
1732    1702.3232638650245
1733    1702.9298215709707
1734    1703.116215034435
1735    1703.5976779231305
1736    1704.0004470172266
1737    1704.6322500226247
1738    1706.2482913849904
1739    1707.9291834241674
1740    1708.7444726669046
1741    1710.2503426970736
1742    1711.138334488521
1743    1711.6322975381554
1744    1712.3612366629245
1745    1714.2442036485468
1746    1716.125846644682
1747    1716.9049727217582
1748    1717.1500288282393
1749    1718.971073029265
1750    1720.1375277859572
1751    1720.669686697281
1752    1721.9374467949754
1753    1722.4078715678065
1754    1723.8342090532108
1755    1725.6090066257843
1756    1726.5396986593926
1757    1727.7137513457849
1758    1727.9736881818508
1759    1728.912027194742
1760    1730.3905537968303
1761    1730.8610115630227
1762    1731.1513636993534
1763    1732.8846004167003
1764    1734.4046882468515
1765    1735.8168829887597
1766    1737.1288405032028
1767    1737.8251870969748
1768    1739.3434945264898
1769    1740.8429810292303
1770    1742.12406511497
1771    1743.1737412460436
1772    1743.3382368942573
1773    1743.471250744595
1774    1743.54632293372
1775    1744.1276950604026
1776    1745.0190156431852
1777    1745.2128174881966
1778    1746.7494866516145
1779    1748.6512032299954
1780    1749.2762966453997
1781    1750.5246954046559
1782    1751.7366032810512
1783    1753.4558340682227
1784    1755.2906174823015
1785    1755.6601661731834
1786    1757.2086459780487
1787    1757.2349144497653
1788    1758.255102848256
1789    1760.1410840387332
1790    1761.1836591216224
1791    1761.78370343171
1792    1761.9003803042333
1793    1763.1650333232067
1794    1763.4896634328982
1795    1765.4124416475888
1796    1765.9697224757688
1797    1766.6953998796582
1798    1768.0469247244228
1799    1768.8577497366769
1800    1769.1379372859792
1801    1769.6476339374824
1802    1769.773364180455
1803    1770.1976724162241
1804    1771.588630772687
1805    1773.4302163460745
1806    1774.1192641478124
1807    1775.5444617381597
1808    1776.3379112888276
1809    1777.0958525874669
1810    1777.9526181703557
1811    1778.4594924118694
1812    1779.842856821172
1813    1780.5062408495478
1814    1781.609285239718
1815    1783.1307393114862
1816    1784.5983275324954
1817    1785.0154828016537
1818    1785.2876839266664
1819    1786.6778254380042
1820    1787.7001540020372
1821    1789.4153214789342
1822    1791.315634573167
1823    1792.7146899585089
1824    1793.4654771016187
1825    1794.9317431500983
1826    1795.130447925667
1827    1797.1244072664463
1828    1797.8902077313755
1829    1798.3001418295685
1830    1799.844843267132
1831    1800.1678768852287
1832    1801.2523270791646
1833    1802.906292320673
1834    1804.4167323960337
1835    1805.4094424824625
1836    1806.9464607390025
1837    1808.1166897932449
1838    1809.0150090842856
1839    1810.8410775877708
1840    1811.8180474610092
1841    1813.2576861982072
1842    1813.4517955452661
1843    1813.8846916276973
1844    1815.4576709461173
1845    1816.3065321907366
1846    1817.8826927157413
1847    1818.817989430206
1848    1820.4568531463478
1849    1820.5029636560248
1850    1822.4110388843526
1851    1822.7661643608913
1852    1823.1199185085866
1853    1824.7912237572752
1854    1825.5684246420685
1855    1826.2195201105562
1856    1826.8504113431607
1857    1827.5775087374927
1858    1829.5359813910723
1859    1829.718929451038
1860    1831.714642752191
1861    1832.0757732702043
1862    1832.3203956933523
1863    1832.561697047686
1864    1834.328631075778
1865    1835.1596833206625
1866    1836.5844561242693
1867    1837.7745408311462
1868    1839.5829267330755
1869    1840.718451933451
1870    1842.059526414838
1871    1842.7173072463158
1872    1844.2779297614966
1873    1845.9123221073328
1874    1846.545341648292
1875    1847.2447676833024
1876    1847.798963339936
1877    1849.6776717532912
1878    1851.1486130213734
1879    1851.3233181566357
1880    1852.1439354004726
1881    1853.8191228668247
1882    1855.4804481969786
1883    1855.9720534868538
1884    1856.5347131514397
1885    1857.014165683362
1886    1857.3752130627254
1887    1857.995352729676
1888    1859.1346710694581
1889    1860.5806047746848
1890    1861.930205700612
1891    1863.817728135181
1892    1865.3107940662062
1893    1866.8503749888698
1894    1867.9306705443605
1895    1868.6774652491047
1896    1869.0192821108672
1897    1869.026174149087
1898    1869.8175920282938
1899    1870.436493758371
1900    1870.6146033420525
1901    1872.43911421888
1902    1873.1245692220823
1903    1874.4798317807454
1904    1875.2231188784062
1905    1875.9209010875343
1906    1877.4829255127345
1907    1878.031297732454
1908    1878.2691188160732
1909    1879.2126948151938
1910    1880.8106617567123
1911    1881.102929202508
1912    1881.8431547799164
1913    1882.6535522727868
1914    1883.2884499269944
1915    1884.1075348073623
1916    1884.8643688880359
1917    1886.169745411068
1918    1887.466613517241
1919    1888.9064590390035
1920    1888.964507046645
1921    1889.8788432683239
1922    1891.7196412078335
1923    1892.952912798343
1924    1894.2492111666386
1925    1895.8084668692954
1926    1896.837161873802
1927    1897.0844431532914
1928    1898.3611237479608
1929    1900.1205853318404
1930    1900.611464795931
1931    1901.5146109366378
1932    1902.8913161040423
1933    1903.590952798633
1934    1904.7564150299836
1935    1906.4659509608593
1936    1907.4608577917775
1937    1908.6414949954096
1938    1909.7552457788956
1939    1911.605290497949
1940    1913.0260245955849
1941    1914.5091847062743
1942    1915.2010250938943
1943    1916.2943717672433
1944    1917.9529487493573
1945    1919.481057452495
1946    1919.6569906759155
1947    1921.2814368337988
1948    1922.1931694739872
1949    1923.9898635410393
1950    1925.9743265003176
1951    1926.4227783590497
1952    1927.0392333449424
1953    1928.563262082721
1954    1929.2624055541316
1955    1929.405537727681
1956    1929.9982323923339
1957    1930.2557812109937
1958    1930.8382268574487
1959    1930.9063494145773
1960    1931.8308629957871
1961    1931.9829612589137
1962    1932.708961505944
1963    1934.5393194402122
1964    1935.5498378122006
1965    1936.6277302943656
1966    1938.4860919115192
1967    1938.6014170011736
1968    1940.2864519490763
1969    1940.5672615256085
1970    1941.0676699635364
1971    1941.5567198470787
1972    1943.2728865888232
1973    1944.7474043857205
1974    1945.4674454095052
1975    1946.6437399576155
1976    1948.2904723800773
1977    1949.7510969206785
1978    1950.9921856565365
1979    1951.6356277900713
1980    1953.3431851032076
1981    1954.2169427142433
1982    1954.4198710376513
1983    1954.671046167833
1984    1956.2457663717641
1985    1957.3357955308256
1986    1958.1379517415576
1987    1959.9060463648352
1988    1961.4405702460847
1989    1962.821837605798
1990    1963.2391733073177
1991    1963.2733651718565
1992    1963.8017237900256
1993    1964.9203839701831
1994    1965.4055327482993
1995    1966.7896803554206
1996    1967.7529714425336
1997    1969.6421098636788
1998    1971.5991854237298
1999    1972.7781939131137
2000    1973.844563463907
2001    1974.3224707363818
2002    1974.4182276015479
2003    1975.42608916612
2004    1976.1005246723016
2005    1977.3823848684353
2006    1977.8295308247662
2007    1979.8272373759744
2008    1981.4761976014458
2009    1982.577562944656
2010    1984.1412269698005
2011    1984.2535768992252
2012    1985.984021380994
2013    1987.2622104015327
2014    1988.2299142021054
2015    1988.282468318326
2016    1989.2921743382597
2017    1991.2711963670606
2018    1993.2635322618557
2019    1994.8293689105615
2020    1995.91703614846
2021    1996.0942902523464
2022    1997.9210242236095
2023    1998.5169624836958
2024    1998.593629378257
2025    1999.3850044383935
2026    2001.1447213825868
2027    2002.8662018086002
2028    2003.41051326141
2029    2004.3708284299335
2030    2005.3900667704615
2031    2006.936878638622
2032    2008.8949727838374
2033    2010.4652906345789
2034    2011.6355220865205
2035    2012.3819565543124
2036    2013.6368561653971
2037    2015.4474089579296
2038    2015.9839153829078
2039    2016.51781878018
2040    2017.8382331464832
2041    2018.152475183538
2042    2019.5835329470247
2043    2020.3048724187252
2044    2021.050056181543
2045    2022.5472388033777
2046    2023.9884764065464
2047    2025.9416866038957
2048    2027.37073451426
2049    2029.3182466171197
2050    2031.2409984068142
2051    2031.8113173556364
2052    2032.004714421839
2053    2032.6630868944608
2054    2033.4256864310635
2055    2034.0160914069031
2056    2034.0341674970375
2057    2035.586612710267
2058    2035.907498388992
2059    2037.8612614691162
2060    2038.501715870211
2061    2040.0066055903171
2062    2040.3104775011261
2063    2041.404216884912
2064    2042.3210626120845
2065    2043.0505921109577
2066    2045.0194633839308
2067    2045.3345406716257
2068    2046.1531810748058
2069    2046.2571717160054
2070    2047.5580785684206
2071    2048.3301434232467
2072    2048.4448914309824
2073    2050.1835729760724
2074    2050.9396608199636
2075    2051.226787629336
2076    2051.6440228204256
2077    2053.311448316631
2078    2053.4158876023653
2079    2054.2475039134106
2080    2055.763480807704
2081    2056.1275113033316
2082    2057.05105181793
2083    2058.6944694044323
2084    2059.796927203786
2085    2060.3274828430635
2086    2061.140901495667
2087    2062.3181343390183
2088    2064.2969034409
2089    2065.8958943475327
2090    2066.9523513793374
2091    2068.7259779175006
2092    2068.999878784939
2093    2070.691414631262
2094    2072.28600165788
2095    2073.8885404279476
2096    2074.709807459501
2097    2074.879058407743
2098    2076.034730759852
2099    2076.2226757834737
2100    2076.98733396452
2101    2077.557771628317
2102    2079.516224490216
2103    2080.701904017369
2104    2081.3295353250455
2105    2082.6844259848754
2106    2084.3361802580707
2107    2086.1495073516276
2108    2087.882374274128
2109    2088.200635979866
2110    2088.52494128485
2111    2089.5666145147147
2112    2091.401772124447
2113    2093.1220111260704
2114    2094.201031527534
2115    2094.9229003071637
2116    2095.8416974689826
2117    2096.4581715105182
2118    2098.154984975125
2119    2098.17021015891
2120    2099.110895123058
2121    2100.6069703455682
2122    2100.7023012101463
2123    2102.4937037585996
2124    2103.775039135806
2125    2105.5333227736523
2126    2107.2118610912485
2127    2107.402362612034
2128    2108.7310261068233
2129    2110.2498564492535
2130    2111.704991242032
2131    2111.8733306955787
2132    2112.4662086270177
2133    2113.999824207065
2134    2114.1490249741705
2135    2115.8583313916474
2136    2116.2579511649596
2137    2117.6410914922594
2138    2117.882399263954
2139    2118.551182040937
2140    2120.105648729413
2141    2120.255004371052
2142    2120.550043474526
2143    2121.6813614626044
2144    2121.688168107702
2145    2123.438108044183
2146    2125.041649680236
2147    2125.3034703810113
2148    2126.6233483881015
2149    2126.942606993337
2150    2128.000153973284
2151    2128.3280700064997
2152    2128.7685905494045
2153    2130.4732998412405
2154    2130.6206004764554
2155    2132.3638120926717
2156    2133.835430505953
2157    2134.5163102691863
2158    2135.514188215861
2159    2136.7176534978703
2160    2137.2594060500314
2161    2138.0935156949745
2162    2138.2076940925735
2163    2139.4590316344193
2164    2141.2691740942682
2165    2141.6671053913688
2166    2142.4264937009402
2167    2143.235460585328
2168    2143.4845071165555
2169    2145.4146039740635
2170    2145.863659201454
2171    2146.6368510922634
2172    2148.0015978373226
2173    2149.0144005094808
2174    2150.4368704144213
2175    2151.887578995943
2176    2152.703343855067
2177    2153.8701968668274
2178    2155.7043695489897
2179    2155.9113041226533
2180    2157.909469785575
2181    2159.3012683197153
2182    2159.667429358473
2183    2160.235458974384
2184    2161.3698786897385
2185    2161.9260145262256
2186    2163.839849496476
2187    2165.444099452594
2188    2167.175337634512
2189    2167.562570574311
2190    2168.2178777218874
2191    2168.232495112082
2192    2168.454262475652
2193    2169.9194154952024
2194    2170.863019112186
2195    2171.8603364319038
2196    2173.0719806192956
2197    2173.841911155702
2198    2175.8239793225052
2199    2177.104623458072
2200    2177.8202763151644
2201    2178.6829845844973
2202    2179.7073488024866
2203    2181.2668584138655
2204    2182.6830950184785
2205    2183.085391934948
2206    2184.4001164985184
2207    2185.275409338995
2208    2185.297894205416
2209    2186.795103375705
2210    2186.92619952365
2211    2187.7244352433786
2212    2188.7475279321716
2213    2190.6790181676693
2214    2192.509756801916
2215    2193.593206604872
2216    2194.994059893741
2217    2195.2323461143815
2218    2196.5580978347466
2219    2197.796611238855
2220    2198.8518488643917
2221    2199.041337843797
2222    2200.0379590754314
2223    2201.5932025536854
2224    2203.0424864020138
2225    2203.898545100013
2226    2205.8806049387545
2227    2207.4500326042403
2228    2209.119979935443
2229    2210.7850064579525
2230    2211.487905102148
2231    2212.8004051097037
2232    2213.531945732603
2233    2213.8260349725074
2234    2214.962195428423
2235    2215.0022151637595
2236    2216.2622549785065
2237    2217.098229878713
2238    2217.3404580404986
2239    2218.090860459525
2240    2219.3078032402395
2241    2219.7958963164165
2242    2220.3828772017887
2243    2221.9914667844096
2244    2222.593655291069
2245    2222.9268106149398
2246    2223.6854197246
2247    2224.6290068156723
2248    2224.695836464429
2249    2224.9594813389185
2250    2226.0429181072946
2251    2227.1230382975286
2252    2227.588493492699
2253    2227.5891108108895
2254    2227.987393557286
2255    2228.2083777120915
2256    2228.5516465778037
2257    2230.2825489353504
2258    2231.5977806150267
2259    2232.840484664116
2260    2234.738003812306
2261    2235.6256218235203
2262    2237.1706495742437
2263    2238.4061782718354
2264    2238.604588393575
2265    2240.2203175286813
2266    2240.4264910626325
2267    2241.8825530136705
2268    2242.9633574433965
2269    2243.3940218783846
2270    2244.0560134541724
2271    2244.258738591624
2272    2245.471950279492
2273    2245.9052889134055
2274    2247.577968405883
2275    2249.1848187333517
2276    2250.565568606555
2277    2252.4900489684164
2278    2254.2708008120044
2279    2254.3158842441226
2280    2254.344736904641
2281    2255.2183431362323
2282    2255.751824638399
2283    2256.7142295672047
2284    2257.2308164475558
2285    2257.2767298325057
2286    2259.25977551235
2287    2260.717027828992
2288    2260.739810154709
2289    2261.615212468196
2290    2262.633692622896
2291    2264.4577253350076
2292    2264.5572728233137
2293    2266.4615122361024
2294    2266.6405291770843
2295    2268.5680962091324
2296    2268.869522046421
2297    2269.2424291584475
2298    2270.2657842186463
2299    2271.370841726616
2300    2272.42892461825
2301    2273.184594614327
2302    2273.9614084398063
2303    2275.3467649628183
2304    2277.294233888321
2305    2278.8219294646165
2306    2280.7889108867666
2307    2281.900966312404
2308    2282.493897078915
2309    2283.171034478287
2310    2285.0504091907906
2311    2286.645558851289
2312    2287.3182742083586
2313    2288.9305343336987
2314    2289.459225416426
2315    2289.5662272509985
2316    2291.3592043877297
2317    2293.22239039117
2318    2294.9535949253614
2319    2296.002593302394
2320    2296.5544600589
2321    2298.087155026854
2322    2298.11982241225
2323    2299.93999537086
2324    2300.7243295341314
2325    2302.4983755452836
2326    2303.4881948043953
2327    2304.023410519765
2328    2305.3549681257923
2329    2306.164849436874
2330    2307.3319609303644
2331    2307.751892636697
2332    2308.688621996179
2333    2308.793654365706
2334    2309.3088231928737
2335    2311.2254942449977
2336    2312.099077333357
2337    2312.4419985178038
2338    2314.3595763932117
2339    2314.7192416122566
2340    2315.3956724712443
2341    2316.730163888316
2342    2316.8039456597307
2343    2318.2478665427307
2344    2319.247360637939
2345    2320.3076934514984
2346    2321.931057308021
2347    2323.5826209701827
2348    2324.050183353119
2349    2325.9089819746823
2350    2327.169573045404
2351    2329.012909966903
2352    2331.0000630211684
2353    2331.7353290266083
2354    2332.3395964799124
2355    2333.434117548263
2356    2334.406533393622
2357    2335.9432147420803
2358    2336.8122204508127
2359    2338.039863182423
2360    2338.8297242058043
2361    2339.7288915935837
2362    2341.708088318491
2363    2343.2921725944598
2364    2343.3365191511566
2365    2345.057660179726
2366    2347.003165511008
2367    2348.0362272052466
2368    2348.293944576381
2369    2348.6365121021117
2370    2350.161221286286
2371    2351.7961338912505
2372    2353.382998131804
2373    2353.733671350439
2374    2354.014935782764
2375    2355.3092993925866
2376    2355.7446789171436
2377    2357.40518629919
2378    2357.646703235648
2379    2358.388231593596
2380    2359.898784098502
2381    2361.3247910568566
2382    2361.5105051965793
2383    2362.6456976036357
2384    2363.9200169646238
2385    2365.0886854266078
2386    2366.416979602362
2387    2368.224742240394
2388    2369.4232868701038
2389    2370.599444879376
2390    2370.6647527606847
2391    2371.368161465921
2392    2372.143258596687
2393    2373.815319491909
2394    2375.8075911852025
2395    2375.891454303759
2396    2376.3446309270785
2397    2376.4098810166033
2398    2377.3988565690984
2399    2379.1489290463255
2400    2381.0572995710345
2401    2382.1435911337153
2402    2383.092056227366
2403    2383.8904468995124
2404    2384.46054289016
2405    2386.127592315751
2406    2386.9907003610238
2407    2388.8901754522135
2408    2389.166418894451
2409    2389.8846910953457
2410    2391.3470979528365
2411    2392.7668112842784
2412    2393.3860273952328
2413    2394.2441658298326
2414    2395.9664083188395
2415    2396.459117444209
2416    2396.702169948218
2417    2397.547538294867
2418    2399.341989981946
2419    2400.6406092997036
2420    2402.5614086744617
2421    2402.7974051850556
2422    2402.9782827228
2423    2403.556434509975
2424    2404.5616242754227
2425    2405.2587192307874
2426    2406.6249517743495
2427    2407.5260301751264
2428    2407.724659454327
2429    2409.107660140928
2430    2410.7124525760332
2431    2411.675751934168
2432    2412.7572666411666
2433    2414.0742021433234
2434    2415.4676535604153
2435    2415.473903062651
2436    2415.673252186626
2437    2415.9474868987577
2438    2416.9361496205374
2439    2417.7698696583466
2440    2419.5504196441693
2441    2419.7067268716787
2442    2420.292314141902
2443    2420.5896837645496
2444    2422.1970116159087
2445    2423.6689954705275
2446    2425.394920149501
2447    2426.635831059752
2448    2427.759206173775
2449    2429.2867518631824
2450    2430.8075323010316
2451    2431.8741775936965
2452    2432.895267761206
2453    2434.231485683262
2454    2435.4071364499537
2455    2435.7922142106654
2456    2436.1974194418676
2457    2436.9132675896067
2458    2437.2622142073837
2459    2438.8727693213095
2460    2440.2135714227084
2461    2441.666110505877
2462    2443.2700774784403
2463    2443.289257348288
2464    2443.7537837860696
2465    2445.728078918864
2466    2445.7558177242927
2467    2446.218847121821
2468    2447.828626429195
2469    2449.1484484283064
2470    2451.089916928852
2471    2452.9618090613294
2472    2454.289826669328
2473    2454.3039046686176
2474    2454.795172372368
2475    2456.679714356555
2476    2457.131669410159
2477    2457.9446294275467
2478    2459.9016869182046
2479    2461.622461523919
2480    2462.869693058449
2481    2463.262624913697
2482    2463.662679494533
2483    2463.8421804686004
2484    2465.3554317149074
2485    2466.4761426367604
2486    2466.610351554599
2487    2467.988084762766
2488    2468.004167890435
2489    2469.308521854281
2490    2470.962427482573
2491    2472.470128829537
2492    2473.0027568738956
2493    2474.4065940720557
2494    2474.7073613275425
2495    2475.1499044159877
2496    2476.17147125166
2497    2476.943736145493
2498    2478.7361536837643
2499    2479.2314451053885
2500    2479.3727571490726
2501    2480.9104046185935
2502    2481.420363925525
2503    2482.29685331468
2504    2483.929254412333
2505    2484.2688089635253
2506    2485.215259122873
2507    2486.0588867864
2508    2487.652224151484
2509    2488.086153884446
2510    2489.584790808396
2511    2489.6535175894887
2512    2491.0716225128194
2513    2492.343062864619
2514    2492.7310891630964
2515    2493.4980113727715
2516    2494.1884919768067
2517    2496.147710817789
2518    2497.469300377677
2519    2499.35746710387
2520    2500.3979613890215
2521    2500.5974408579104
2522    2502.220684197727
2523    2503.7956487733786
2524    2504.46820195742
2525    2506.0738647384555
2526    2507.040353110305
2527    2508.127914324766
2528    2508.194933671506
2529    2509.2187975279817
2530    2510.4734244531683
2531    2511.4508614767014
2532    2512.973807804165
2533    2514.466759876369
2534    2516.1808401753538
2535    2516.9712018635605
2536    2517.3355722491597
2537    2519.149222264295
2538    2519.621848340458
2539    2520.559359689499
2540    2522.2298353444316
2541    2522.304300337454
2542    2522.367808488339
2543    2524.131660565468
2544    2525.377532019203
2545    2526.3648924879612
2546    2528.351764017889
2547    2529.956682213477
2548    2530.8213377946345
2549    2531.716515349618
2550    2532.7332622604617
2551    2534.722931781309
2552    2535.9448821874785
2553    2536.775767628687
2554    2536.9442720724915
2555    2537.8542981543437
2556    2537.8777463248975
2557    2538.168797740089
2558    2539.973351951155
2559    2540.761644446366
2560    2542.283656814994
2561    2543.803205216488
2562    2544.524633627007
2563    2545.8681350078855
2564    2546.859161175737
2565    2547.562841665225
2566    2547.8570842614076
2567    2549.7157596165302
2568    2551.0914653513355
2569    2552.2732528405436
2570    2552.9493221191233
2571    2553.4560839599776
2572    2554.200807353938
2573    2555.755616704669
2574    2556.5063435620273
2575    2557.5837482638926
2576    2559.1659008908705
2577    2559.4071847558484
2578    2560.172201909019
2579    2561.992612244311
2580    2563.8070074408506
2581    2564.5808222849664
2582    2565.220555903165
2583    2565.7416963865794
2584    2567.0529423742687
2585    2567.607234853153
2586    2569.339521536822
2587    2570.0850214865222
2588    2570.693882089587
2589    2572.555686266128
2590    2572.6943992431316
2591    2573.2846679409754
2592    2574.812401922338
2593    2575.3238455897886
2594    2576.0548883962138
2595    2576.322969336385
2596    2576.5300593084553
2597    2577.2991463286917
2598    2578.2053417953807
2599    2578.7832024758322
2600    2578.886313340904
2601    2580.469149497247
2602    2580.939532542909
2603    2581.601249513974
2604    2582.7042452007504
2605    2584.0679241337257
2606    2585.1694660210355
2607    2586.5325912533663
2608    2587.6103544157672
2609    2588.235431465262
2610    2589.24770774185
2611    2589.976055226058
2612    2590.1628927255583
2613    2590.169924062863
2614    2591.977601969886
2615    2592.616395776707
2616    2594.456407900668
2617    2595.246895833327
2618    2595.8208254365168
2619    2597.042792468563
2620    2598.6058936995455
2621    2598.936779066976
2622    2600.400715947278
2623    2601.0990350453158
2624    2601.306694934133
2625    2602.9607949852716
2626    2604.22971275987
2627    2606.119000851011
2628    2606.625020395733
2629    2606.80234642359
2630    2607.150385472897
2631    2607.7873771133595
2632    2608.764855764692
2633    2608.7876440216255
2634    2609.272533657847
2635    2611.210439225485
2636    2611.7081936003265
2637    2611.938942799181
2638    2613.2954249558625
2639    2615.262477444637
2640    2616.7372095115365
2641    2617.934025410624
2642    2618.0168370934675
2643    2619.154274612148
2644    2619.9826737296503
2645    2620.108574537726
2646    2620.1548843164032
2647    2621.6663237353932
2648    2622.9443693268777
2649    2624.663054831291
2650    2626.5100207628616
2651    2626.7106450422325
2652    2628.3021162863893
2653    2629.7220068345337
2654    2631.551704017311
2655    2632.7532207314302
2656    2634.0704709265424
2657    2635.369285154629
2658    2637.1923043842594
2659    2637.7698863003593
2660    2638.3791048011217
2661    2638.919327798316
2662    2639.63580049176
2663    2639.7423416877054
2664    2641.6291515746525
2665    2641.938293633597
2666    2641.982285758705
2667    2642.534930260588
2668    2644.0969632013052
2669    2645.676843937538
2670    2646.3142934356742
2671    2647.136323730471
2672    2648.734975872339
2673    2650.396546478076
2674    2651.126957879842
2675    2652.9727950879164
2676    2653.8044764592487
2677    2655.7489800357025
2678    2656.543625986244
2679    2657.9313804550534
2680    2659.0385147179313
2681    2660.046704769732
2682    2661.4347539641167
2683    2661.633410569876
2684    2663.1743883566696
2685    2663.1974453831767
2686    2665.1962339158003
2687    2666.2561516463247
2688    2666.301003614706
2689    2667.786342185912
2690    2667.911373617945
2691    2669.742540332907
2692    2669.8200937164515
2693    2671.4856183064303
2694    2673.1964233404947
2695    2674.1923893453727
2696    2675.8133935157484
2697    2676.0740168158773
2698    2677.2401799515324
2699    2677.3866303122595
2700    2678.7427763028954
2701    2679.9891298317316
2702    2680.6360620364226
2703    2680.85481797324
2704    2681.8325542372822
2705    2682.5390345001974
2706    2682.835716617319
2707    2683.3078706249735
2708    2684.5832255755467
2709    2685.865022262612
2710    2686.4463245703005
2711    2687.846395085372
2712    2689.1486086827467
2713    2689.9466238306613
2714    2690.976763758729
2715    2692.14102955718
2716    2693.2140629681758
2717    2694.639829874839
2718    2695.1442162533467
2719    2695.795759382324
2720    2696.600593563744
2721    2696.6380382817233
2722    2698.4774463300782
2723    2699.1267771876846
2724    2700.5408831502195
2725    2701.1897681575992
2726    2702.0373086368686
2727    2702.298608380556
2728    2704.1347072508524
2729    2705.863393981236
2730    2705.9674614146247
2731    2706.9791161550456
2732    2707.9995793506405
2733    2709.1768440635096
2734    2710.5348459018123
2735    2710.732579218871
2736    2711.409568421284
2737    2711.7501104429316
2738    2712.986138587622
2739    2714.820318566428
2740    2715.4607187808792
2741    2716.6142338850805
2742    2716.9235380821283
2743    2718.106752378635
2744    2718.511219924687
2745    2719.1804471894757
2746    2719.6420353445446
2747    2720.274607984071
2748    2720.4453649099087
2749    2721.033375819761
2750    2722.906486091537
2751    2724.5582521376973
2752    2724.990941993469
2753    2726.805463699441
2754    2728.440324048192
2755    2730.1246513887863
2756    2730.1985837443167
2757    2731.113084118373
2758    2732.3418494212488
2759    2733.602699407593
2760    2735.490926457149
2761    2736.9611378139425
2762    2737.4184742864286
2763    2737.7542740544013
2764    2738.5905673082534
2765    2740.0432164326703
2766    2740.762341797945
2767    2740.8937833200757
2768    2741.945600148456
2769    2743.0705307871353
2770    2744.7719775840133
2771    2745.66973007189
2772    2747.630154753334
2773    2747.742550077624
2774    2749.153326990638
2775    2750.1399756221554
2776    2751.7341423814496
2777    2753.5885247009096
2778    2755.201763604071
2779    2755.6732283673873
2780    2756.519127715248
2781    2757.334003915225
2782    2757.9954094476334
2783    2759.7610383045503
2784    2760.945458863962
2785    2761.8693264008657
2786    2763.195735888963
2787    2763.3800839385694
2788    2764.8237919691246
2789    2766.2784700255856
2790    2767.5099213076346
2791    2769.31189683303
2792    2770.55984230221
2793    2771.431889563091
2794    2771.653761139191
2795    2772.8483186747144
2796    2773.900784843541
2797    2775.519080893233
2798    2777.0273195601517
2799    2777.824034550186
2800    2779.6192587614355
2801    2780.873129175319
2802    2780.874041398444
2803    2781.999652423075
2804    2782.8406623935107
2805    2784.432079482804
2806    2785.3583137119463
2807    2785.380369036849
2808    2785.4014593310176
2809    2786.972292904386
2810    2788.8288094826244
2811    2789.7771505822643
2812    2789.919042811941
2813    2790.008881649252
2814    2791.6850321738234
2815    2791.7117248861773
2816    2792.1770438095973
2817    2793.8252628393752
2818    2795.255571219394
2819    2795.5731710442915
2820    2796.4882234174083
2821    2798.1909306737666
2822    2798.654568800162
2823    2799.264606400406
2824    2800.414143465118
2825    2801.7506480402294
2826    2802.7958950598813
2827    2804.2585454777295
2828    2805.641544963132
2829    2806.192246305081
2830    2807.220075666009
2831    2807.7178897153085
2832    2808.3810419106962
2833    2808.7077914800047
2834    2810.2311187938944
2835    2811.3816612106107
2836    2812.953574376149
2837    2814.1404488207
2838    2814.377228902151
2839    2814.8830317202437
2840    2816.5917413659445
2841    2817.615904265392
2842    2818.6580629117707
2843    2818.700268172435
2844    2818.8108481062595
2845    2819.976653768499
2846    2820.217766510696
2847    2820.949646556442
2848    2822.5862264090574
2849    2822.943413706065
2850    2823.0662156999047
2851    2823.4732919792796
2852    2823.6710796616326
2853    2824.430692693483
2854    2826.1936545475655
2855    2827.03509784302
2856    2828.374448902509
2857    2829.1337849597103
2858    2830.9994735221826
2859    2831.120589087018
2860    2832.9722980517613
2861    2833.8750107901774
2862    2834.302845863183
2863    2835.4206190899235
2864    2835.8099860134375
2865    2837.597168128069
2866    2839.060138405447
2867    2839.289505511993
2868    2840.352670410427
2869    2841.7082496935905
2870    2841.8581611983805
2871    2842.1295258653313
2872    2843.5521357491243
2873    2845.2403792881737
2874    2847.1480254477424
2875    2848.6176388163676
2876    2850.280420474221
2877    2851.951886459552
2878    2853.196809707887
2879    2853.8312316221677
2880    2853.8459117670836
2881    2853.866582787173
2882    2855.1030314488116
2883    2856.9725265713637
2884    2858.4789488650335
2885    2859.090526907039
2886    2859.935815425544
2887    2860.1560503363803
2888    2861.5779242122235
2889    2862.0811121279003
2890    2863.4044021296495
2891    2864.865597341986
2892    2865.531089842065
2893    2865.6009407221636
2894    2865.6407015671534
2895    2866.5001971388924
2896    2868.1388564964227
2897    2868.809007667749
2898    2870.554715142022
2899    2871.9757115474818
2900    2873.932636695185
2901    2875.2169461752396
2902    2875.5648840960657
2903    2877.375524019696
2904    2877.821033520437
2905    2879.630696258524
2906    2880.757040087312
2907    2881.9134373902702
2908    2882.6554279987904
2909    2883.5602811644567
2910    2883.7050822622814
2911    2883.9417271595676
2912    2885.314125992078
2913    2886.137124627969
2914    2886.6052297925457
2915    2888.5515545430885
2916    2889.7016051436817
2917    2891.202600784579
2918    2893.1482425242016
2919    2893.6401698432956
2920    2895.2743654729966
2921    2896.4011093273402
2922    2897.4713655523906
2923    2897.689839570735
2924    2898.896392778328
2925    2899.9498467902567
2926    2900.1155999155917
2927    2900.9395382680723
2928    2902.1362471222506
2929    2903.1301072950378
2930    2903.41963119386
2931    2903.6655907610066
2932    2905.478707631386
2933    2906.859214659875
2934    2908.774454732007
2935    2910.133321438371
2936    2911.100491007934
2937    2912.390508129494
2938    2913.1233835990015
2939    2913.6353902188084
2940    2915.3444468844236
2941    2916.1399967418524
2942    2917.7143313358933
2943    2919.3129473256918
2944    2920.342049531842
2945    2920.8055441964125
2946    2922.175216215598
2947    2924.1280192027434
2948    2924.2029767125814
2949    2924.2748246207198
2950    2925.659170074771
2951    2925.8118348206704
2952    2926.0708226846327
2953    2927.4290704944874
2954    2927.831937972452
2955    2927.9738492803135
2956    2929.0773371891037
2957    2929.629153554359
2958    2929.803200534556
2959    2931.7747315357774
2960    2932.147684214723
2961    2932.703059709374
2962    2933.208570092008
2963    2934.3498388572107
2964    2936.0184967895393
2965    2936.331238285994
2966    2937.5511738253863
2967    2939.0489362387543
2968    2940.8652848638885
2969    2941.6954734777523
2970    2942.388688453045
2971    2943.4871211378004
2972    2943.6867320292145
2973    2945.2078750032674
2974    2945.5194929779614
2975    2946.778139242981
2976    2948.1349515308652
2977    2949.8970029838933
2978    2950.6927584560462
2979    2951.63526928402
2980    2953.095724953067
2981    2954.7342613767078
2982    2956.4100893613886
2983    2956.715963916585
2984    2957.2922664669118
2985    2959.14221398747
2986    2960.0562026507546
2987    2960.295387208194
2988    2961.5835847385
2989    2962.5456290667057
2990    2964.2052624348935
2991    2964.855713218729
2992    2965.938118269046
2993    2967.935044801553
2994    2968.7292851446796
2995    2969.243683036106
2996    2970.896360333761
2997    2971.3159311148383
2998    2973.2648824287885
2999    2975.133187187218
3000    2975.517053898368
3001    2976.8726894267456
3002    2977.4815989683375
3003    2979.4209325001593
3004    2979.5542893647166
3005    2980.161771981782
3006    2980.53676760333
3007    2982.3693831948467
3008    2983.6251081580804
3009    2985.497259606632
3010    2987.3190787166836
3011    2988.855487055418
3012    2989.148607710252
3013    2989.433661261209
3014    2990.41369097927
3015    2991.8766220810367
3016    2993.2431936409803
3017    2994.7317093524975
3018    2996.195024330452
3019    2998.118033625935
3020    2998.9601877236364
3021    2999.7444249314212
3022    3000.459111771214
3023    3001.0941653620393
3024    3002.9960423592775
3025    3003.6000320933954
3026    3003.8350225430086
3027    3004.8946202805137
3028    3005.6161187096127
3029    3006.135906865656
3030    3006.690261291434
3031    3007.611295744186
3032    3009.470963478692
3033    3009.9519181489272
3034    3011.885759534912
3035    3012.150634808127
3036    3012.3603315772257
3037    3012.6377022458078
3038    3014.200896052175
3039    3015.8810496011843
3040    3016.140309793807
3041    3016.2197410171825
3042    3016.806850964563
3043    3017.910314083531
3044    3019.230864410057
3045    3019.358687451672
3046    3021.032822533315
3047    3022.809780487867
3048    3024.470295142849
3049    3025.0345453153864
3050    3026.5042425703928
3051    3027.2366440814335
3052    3028.9477450080076
3053    3030.5597113147332
3054    3031.168312281881
3055    3031.4924067927896
3056    3032.253307972532
3057    3034.089035573696
3058    3034.093977558532
3059    3035.2584040371066
3060    3036.911149087261
3061    3038.839889167404
3062    3039.4362878341317
3063    3040.40045388471
3064    3040.55618155053
3065    3042.0056597564458
3066    3042.781546546979
3067    3044.2700928243526
3068    3045.2597312359553
3069    3045.7874128931344
3070    3046.330801421384
3071    3048.0711370012295
3072    3049.505856062112
3073    3050.9425590839783
3074    3052.6827322923896
3075    3054.410944532166
3076    3055.0430551369386
3077    3055.201067409523
3078    3055.241838053695
3079    3056.7992668148654
3080    3056.9524934166957
3081    3058.7140318067577
3082    3059.5262875039753
3083    3061.32169339133
3084    3063.0816554530434
3085    3063.7876553949673
3086    3065.782443754408
3087    3066.860255327391
3088    3068.01301015327
3089    3068.091857468505
3090    3068.7519811025827
3091    3068.9157996034164
3092    3070.159062154709
3093    3070.6650343194265
3094    3072.6440838204016
3095    3073.998290302195
3096    3075.9432783491775
3097    3077.6967941482894
3098    3079.195556893505
3099    3080.1567892039407
3100    3081.7592209632817
3101    3082.757563971239
3102    3083.216705514781
3103    3083.250819642257
3104    3084.618683805103
3105    3086.518791256515
3106    3088.5005071918354
3107    3089.9731279652065
3108    3091.717664633395
3109    3092.711876241342
3110    3094.267527858298
3111    3096.1023581431
3112    3097.6614568315067
3113    3098.2868987271436
3114    3098.470307693697
3115    3099.347497830147
3116    3100.904371536538
3117    3101.849976383046
3118    3102.595915247067
3119    3103.2392632653255
3120    3104.4694307143227
3121    3104.5171418076657
3122    3106.133513600624
3123    3108.092620937617
3124    3109.640711196559
3125    3110.906487494008
3126    3110.90973894484
3127    3112.7031198245027
3128    3113.0517138369105
3129    3114.0077627162173
3130    3114.3027262332985
3131    3114.3999253148895
3132    3115.578698227819
3133    3117.452997194687
3134    3118.1303302385154
3135    3118.479225306915
3136    3119.1715270669683
3137    3120.069490381787
3138    3121.520217945919
3139    3123.515602214276
3140    3124.781408346569
3141    3125.8069037394057
3142    3126.9415597476896
3143    3128.8904412604143
3144    3130.1545309215207
3145    3131.8683568545803
3146    3132.5982792971768
3147    3133.7104550558242
3148    3135.701338884296
3149    3136.300994126373
3150    3136.9228997225114
3151    3137.889151260267
3152    3139.705728895705
3153    3140.4265020132175
3154    3140.688335341104
3155    3141.845653777106
3156    3142.572649430032
3157    3144.3046322558052
3158    3145.9442569961952
3159    3146.949829090165
3160    3148.2860231246614
3161    3149.9563025511106
3162    3150.6439531683723
3163    3150.692354702453
3164    3151.5179850720997
3165    3152.0020268951043
3166    3153.3840595104325
3167    3153.7786809813383
3168    3155.510141562842
3169    3155.870381920447
3170    3156.642653784482
3171    3157.058258602643
3172    3157.253028802256
3173    3158.932762773621
3174    3160.2173083501443
3175    3161.884383325393
3176    3163.601607574978
3177    3165.4505984678995
3178    3166.839738584445
3179    3168.0264074409624
3180    3168.1053036875937
3181    3169.476723465387
3182    3169.7765970912274
3183    3171.535847088858
3184    3173.1675317864174
3185    3175.0725303075
3186    3175.1789445145714
3187    3175.5772898136493
3188    3177.52586943862
3189    3178.6040529321244
3190    3180.069961288687
3191    3181.9016173363625
3192    3182.033743445739
3193    3182.5861564074676
3194    3182.817145284863
3195    3182.976533522114
3196    3183.0236645088507
3197    3184.536567633907
3198    3185.4903022451977
3199    3185.4969306626513
3200    3186.4247626729516
3201    3188.2726471046767
3202    3189.6294293590445
3203    3191.298216961987
3204    3191.5465355146703
3205    3191.9475399521175
3206    3192.1480986991482
3207    3193.6882601446355
3208    3193.9310134626307
3209    3194.82945845618
3210    3196.6266168076772
3211    3197.914604189285
3212    3198.535419742158
3213    3200.256448768618
3214    3201.7164526847
3215    3202.4467062180534
3216    3203.3930032722906
3217    3204.6236878940476
3218    3205.778836722167
3219    3206.309972182918
3220    3206.3280626337128
3221    3206.581984049254
3222    3207.535714388873
3223    3208.7180822771843
3224    3209.037949203125
3225    3209.0475762189885
3226    3209.216958448464
3227    3209.891020110471
3228    3211.486993083305
3229    3212.913465859091
3230    3213.770080284911
3231    3215.406255926436
3232    3216.846660343681
3233    3217.1211410165597
3234    3217.2802882468764
3235    3219.1877850765745
3236    3219.701434881804
3237    3221.2991389311783
3238    3222.502820981819
3239    3223.479396425497
3240    3224.8629607846087
3241    3226.4820243234512
3242    3228.001447220349
3243    3228.852009247429
3244    3229.026392978891
3245    3229.40990768824
3246    3230.897041722966
3247    3230.9654612827726
3248    3232.1383183283942
3249    3233.661904661364
3250    3234.077888617863
3251    3235.6713679938803
3252    3237.411399802585
3253    3238.2664015274636
3254    3240.1399072742706
3255    3240.348867669357
3256    3240.7328741079964
3257    3242.0932479443186
3258    3243.453763840184
3259    3244.6133340241918
3260    3245.3404616024172
3261    3247.3120006783456
3262    3249.2009863880726
3263    3249.9621721479098
3264    3251.27930052789
3265    3252.4042924257387
3266    3253.9131523909623
3267    3254.947202304361
3268    3255.774458354542
3269    3256.212128024013
3270    3257.509865048835
3271    3259.030447925856
3272    3259.8072290715686
3273    3261.048558133419
3274    3261.816867612461
3275    3263.732190382767
3276    3264.35585085104
3277    3264.7579383717343
3278    3264.9563595024224
3279    3265.9198723949326
3280    3266.2549656827878
3281    3267.212791880583
3282    3269.0935967842297
3283    3269.8070066667474
3284    3270.3162071215734
3285    3272.0518358201225
3286    3273.23724128871
3287    3274.7607477648635
3288    3275.4633043007534
3289    3275.545371218719
3290    3277.20670195918
3291    3278.7787767599702
3292    3279.9114896342367
3293    3280.9942518799844
3294    3282.0513045491793
3295    3282.1002187300655
3296    3283.109381874999
3297    3283.210360277784
3298    3284.885000056225
3299    3285.175492779048
3300    3285.517242918692
3301    3285.5980721177293
3302    3287.068535713809
3303    3287.999872527048
3304    3289.678454221631
3305    3289.9161807809996
3306    3291.7558375569283
3307    3292.0408197761226
3308    3292.2582583552803
3309    3293.1776714571347
3310    3293.429143500018
3311    3295.087505703444
3312    3295.0942615045847
3313    3295.7664385026005
3314    3296.2499337503377
3315    3296.9099841046336
3316    3298.682896671005
3317    3299.470002745368
3318    3299.6572969446775
3319    3300.0399740328435
3320    3301.896796373075
3321    3303.63147800488
3322    3305.022876680224
3323    3305.8057798337354
3324    3305.8436724960457
3325    3307.5475497518632
3326    3308.513616512462
3327    3309.2767523729963
3328    3310.8944160190945
3329    3311.2983286285066
3330    3313.043450997137
3331    3313.8355796441724
3332    3315.2352655882637
3333    3316.3178563679758
3334    3317.1843728554973
3335    3318.37083607266
3336    3318.926462991266
3337    3320.8665625947106
3338    3321.7381805497453
3339    3323.608769035252
3340    3324.7935207037385
3341    3325.5038625481275
3342    3325.803496982601
3343    3325.8251925570307
3344    3327.2928794522486
3345    3328.8245897814986
3346    3329.1941331425683
3347    3329.632656625877
3348    3331.098453779863
3349    3331.41276842968
3350    3331.6257581639584
3351    3333.2441548436564
3352    3334.607629628416
3353    3335.1747857545774
3354    3336.7414955790964
3355    3338.5100871519594
3356    3339.030377732393
3357    3340.5192027177663
3358    3342.257561381968
3359    3343.7991179942383
3360    3345.742965813488
3361    3345.978800283756
3362    3347.717902176757
3363    3349.374614074262
3364    3350.2947285372607
3365    3351.8368284506987
3366    3353.664738568411
3367    3354.396282405494
3368    3355.7453936477746
3369    3356.4591759180717
3370    3357.7305730394364
3371    3358.093829324153
3372    3358.3144492308293
3373    3359.2033935679788
3374    3360.2800812258256
3375    3361.243454375817
3376    3363.0086085440907
3377    3363.469042209665
3378    3365.4130325228725
3379    3366.358169970244
3380    3368.1871711943977
3381    3369.5786171985364
3382    3370.4038231959726
3383    3371.470707040841
3384    3372.803912960979
3385    3373.347602124609
3386    3374.963375443267
3387    3375.990211264383
3388    3377.011281107574
3389    3377.8048595088226
3390    3377.9685043719605
3391    3377.9760747876253
3392    3378.081388933466
3393    3379.714145790123
3394    3381.5981437890932
3395    3381.7068794048773
3396    3382.8720820148537
3397    3384.5337320444855
3398    3384.81531360763
3399    3386.4354274701423
3400    3387.5498462777264
3401    3388.2273808789987
3402    3388.751402648962
3403    3389.198248024936
3404    3391.021638791546
3405    3391.1348527292457
3406    3391.1948688178754
3407    3391.267150290245
3408    3391.8346947092855
3409    3392.735994908581
3410    3393.873493521217
3411    3394.8558112050837
3412    3396.854923941583
3413    3397.5254282213536
3414    3397.7758574096724
3415    3398.911714358709
3416    3400.6157863058097
3417    3401.9960915753695
3418    3403.5990454013668
3419    3404.415042315304
3420    3405.7500380655924
3421    3407.4947801188873
3422    3408.3587577144895
3423    3409.177981947729
3424    3409.7897672776685
3425    3410.559914762309
3426    3411.631791794519
3427    3412.378987548083
3428    3413.962572462094
3429    3413.9754116714935
3430    3414.9388331090518
3431    3415.3525013129097
3432    3417.08150711851
3433    3419.0581088514778
3434    3419.1308583540385
3435    3419.4675553865686
3436    3420.607854612142
3437    3420.64657637615
3438    3422.2935070733683
3439    3423.093479858561
3440    3424.3450709742474
3441    3425.2696025581927
3442    3425.9598028522114
3443    3427.7596452206585
3444    3429.379887170498
3445    3430.2226844478564
3446    3430.318774679327
3447    3430.5991285296923
3448    3432.160005952452
3449    3433.0425845524496
3450    3434.2157431626347
3451    3435.477023149878
3452    3436.3546798063653
3453    3437.4075389193795
3454    3437.5784772962406
3455    3438.1756418239115
3456    3438.9046072461647
3457    3439.639152019003
3458    3439.8959417652704
3459    3440.184517595391
3460    3441.508396511761
3461    3442.1996848258837
3462    3443.940529410475
3463    3444.973897555146
3464    3446.0442856420937
3465    3446.7989089050698
3466    3447.0695476371593
3467    3447.977572571865
3468    3448.1790118651393
3469    3449.9862413077094
3470    3450.8110733224144
3471    3451.535174338226
3472    3453.4693130895885
3473    3455.417513177431
3474    3456.398570305582
3475    3457.0945855984273
3476    3458.4093381987104
3477    3459.5148891298095
3478    3460.631401511397
3479    3461.5524280317195
3480    3462.9072276487336
3481    3464.861103313437
3482    3464.9563714209203
3483    3465.793162877245
3484    3466.7838385878144
3485    3468.3598563548426
3486    3468.9797165172495
3487    3469.6642180444032
3488    3470.2193191395077
3489    3471.3422018586275
3490    3471.579892158074
3491    3473.531642580843
3492    3474.2084038059734
3493    3475.6970274186074
3494    3476.578003672813
3495    3477.3906357239935
3496    3478.125719406121
3497    3479.852294085213
3498    3480.3956159665363
3499    3481.8506799744696
3500    3483.619978417076
3501    3484.45002891816
3502    3485.3593486201576
3503    3485.886685079496
3504    3487.226541193692
3505    3488.6117523457965
3506    3489.1743817321544
3507    3490.918651775787
3508    3492.5945480091655
3509    3494.0147268382257
3510    3495.9245852948156
3511    3497.8138643125617
3512    3499.5538522834495
3513    3500.8166599873525
3514    3502.1843307626245
3515    3503.595238207853
3516    3504.6408144877873
3517    3505.3462574485866
3518    3505.428252971002
3519    3505.5581205207936
3520    3506.410910939519
3521    3507.1708388566144
3522    3508.662886178416
3523    3509.3185394204656
3524    3509.329658514601
3525    3510.941620064777
3526    3511.4906227557194
3527    3512.2055626192177
3528    3512.6444387804368
3529    3513.0057469765065
3530    3513.5326011207044
3531    3514.368117129583
3532    3515.0394940502983
3533    3515.6485954171835
3534    3516.399271505578
3535    3517.536043113966
3536    3518.2588033150305
3537    3519.464591365149
3538    3521.3194511875063
3539    3523.150596244019
3540    3524.2019565749097
3541    3524.519427967017
3542    3525.149501414109
3543    3525.474835492741
3544    3525.6667110788853
3545    3526.14797381516
3546    3527.6136514342925
3547    3528.9311093498304
3548    3530.6954570583734
3549    3532.616202194101
3550    3533.0779545269006
3551    3534.546736581916
3552    3534.93688717907
3553    3536.8930374984484
3554    3537.7688585607316
3555    3539.367498761083
3556    3539.408620359958
3557    3540.544647449538
3558    3542.194671622692
3559    3542.7349373968573
3560    3543.196697054729
3561    3543.778644323233
3562    3543.9900421431266
3563    3545.1070521575302
3564    3545.2433005955945
3565    3546.504174758991
3566    3546.9107366949634
3567    3547.3108790383967
3568    3549.2752209868136
3569    3550.8189959531946
3570    3552.6233524711893
3571    3552.700159709564
3572    3553.847923568017
3573    3554.468767599728
3574    3556.4314505918956
3575    3556.4493728977022
3576    3557.1852770137248
3577    3558.9839964114217
3578    3559.846385545381
3579    3559.980606015844
3580    3561.5853747552346
3581    3562.121067255775
3582    3563.509901033548
3583    3565.0305958430113
3584    3565.7412667416215
3585    3566.2713743582754
3586    3567.82266154739
3587    3567.8311296202432
3588    3569.6752440521173
3589    3570.431182155858
3590    3570.863859406922
3591    3572.273307715448
3592    3574.093007598045
3593    3574.6235559521156
3594    3576.0342681436896
3595    3577.137654105922
3596    3578.767187857142
3597    3579.268013171469
3598    3581.0958889333688
3599    3581.4423308465475
3600    3581.568730192722
3601    3582.010090292328
3602    3583.2287670576684
3603    3584.8787134392287
3604    3585.9859401881945
3605    3586.9997452820307
3606    3587.528225652957
3607    3589.4970329577704
3608    3590.997782457162
3609    3591.214327838661
3610    3592.7972175736313
3611    3593.567688104483
3612    3594.428253884691
3613    3596.017017052858
3614    3597.699927864969
3615    3597.8505150939463
3616    3598.8734106456573
3617    3599.7354327877465
3618    3600.554675368201
3619    3601.1821272283955
3620    3602.506392041163
3621    3603.580235508651
3622    3605.0001087470037
3623    3605.595581298394
3624    3606.232552997069
3625    3607.9525701569783
3626    3608.3003183541414
3627    3609.3190171786614
3628    3610.120844359464
3629    3611.7043243845324
3630    3612.3176397575376
3631    3613.874382438964
3632    3614.601917327525
3633    3615.2462454093284
3634    3615.6683342481474
3635    3615.9121333877397
3636    3617.418744829276
3637    3617.607727834358
3638    3618.1642464293254
3639    3619.134867933892
3640    3620.801746896139
3641    3621.297607432423
3642    3621.4325583427553
3643    3622.1723151852098
3644    3623.062637979641
3645    3625.0289725768994
3646    3626.8581746858295
3647    3628.040931083938
3648    3629.44830547835
3649    3630.7151459919824
3650    3631.3437466549294
3651    3631.7574954618253
3652    3632.1795589576986
3653    3632.8272952426664
3654    3633.790996647717
3655    3635.167636240307
3656    3635.3835484228334
3657    3636.8901128383677
3658    3636.9709059848237
3659    3637.0252671026537
3660    3638.0163996307806
3661    3638.3974863967214
3662    3639.697785971873
3663    3640.589787049683
3664    3641.6755745597216
3665    3643.62950972775
3666    3645.413753392714
3667    3645.725716216776
3668    3646.8091903170207
3669    3647.74868188102
3670    3648.0622034542503
3671    3649.1842658286305
3672    3649.717312290281
3673    3649.919862697777
3674    3650.5593538649046
3675    3650.9724969224053
3676    3651.228306239609
3677    3651.4321969103635
3678    3652.3611303601765
3679    3653.6304263553156
3680    3655.1353517783723
3681    3655.2834100864566
3682    3656.091621778977
3683    3656.223278252442
3684    3657.3324328835847
3685    3659.062319203349
3686    3660.5062395528676
3687    3661.1420183356086
3688    3661.4361965219387
3689    3663.229349690256
3690    3664.8780013436794
3691    3665.9456622196158
3692    3666.9096734268555
3693    3668.5394278468675
3694    3668.8377941075464
3695    3670.6330086238913
3696    3671.289984547212
3697    3671.4377180722136
3698    3672.878235979904
3699    3674.1690784038046
3700    3674.8779754716934
3701    3675.4688627206197
3702    3675.9464611545204
3703    3676.6531387985683
3704    3677.9039160236402
3705    3679.2928340692374
3706    3679.8310151378755
3707    3680.3030801126965
3708    3682.042079520032
3709    3683.3294074887704
3710    3685.312884914906
3711    3685.98184657632
3712    3686.503801253891
3713    3686.587583833134
3714    3688.409241048315
3715    3688.928731462916
3716    3689.2869343286093
3717    3689.759096573028
3718    3691.2142327621177
3719    3693.0567512131265
3720    3693.806063140766
3721    3694.5169154123287
3722    3695.4501027582032
3723    3696.6351634754014
3724    3697.352641506507
3725    3698.1335548445336
3726    3698.1787392067044
3727    3698.827307759091
3728    3700.54263182349
3729    3701.609380856827
3730    3702.868300965666
3731    3702.903701225217
3732    3704.104175778614
3733    3705.771412230609
3734    3706.14056450162
3735    3706.159071306534
3736    3707.3350999317868
3737    3709.2571626508684
3738    3710.879092808146
3739    3711.3477641676664
3740    3712.1210039126286
3741    3713.589469473476
3742    3713.656686861973
3743    3715.62373281262
3744    3715.996034906866
3745    3716.464035325406
3746    3717.501205532584
3747    3719.2864330565862
3748    3719.784040205006
3749    3721.627126461057
3750    3721.637623549948
3751    3722.8919012646566
3752    3724.2765615923263
3753    3725.2122507795857
3754    3726.857038969291
3755    3726.887979240282
3756    3727.6164154287558
3757    3729.190090295689
3758    3731.1165403541813
3759    3732.6756823443284
3760    3733.1422247141095
3761    3733.7115215637004
3762    3735.533093990133
3763    3737.0940627199893
3764    3738.5419151030965
3765    3740.11673004292
3766    3740.845826185781
3767    3742.713511516071
3768    3743.5205617045976
3769    3743.8521865662215
3770    3745.443684420434
3771    3745.5172956580996
3772    3746.440670072775
3773    3746.536076194233
3774    3748.0539922307266
3775    3749.4395156185205
3776    3749.885042009349
3777    3751.232828590028
3778    3752.467851212951
3779    3752.6951554287475
3780    3753.780402260293
3781    3755.52263974529
3782    3755.8037385394123
3783    3756.133976748576
3784    3757.6037506408297
3785    3759.3545598089813
3786    3761.1644554930626
3787    3762.016839182852
3788    3762.288783088253
3789    3762.571221061075
3790    3763.4801587164093
3791    3763.5262383523304
3792    3764.8745583734944
3793    3765.4170263466117
3794    3766.7437189568086
3795    3766.9912480485505
3796    3767.781952951972
3797    3768.168418331348
3798    3769.365996458544
3799    3770.1979481354115
3800    3770.6954673401056
3801    3771.62150829916
3802    3772.20022349643
3803    3773.9566534205646
3804    3774.43182611045
3805    3775.546843796063
3806    3775.8407224703046
3807    3776.7832279908403
3808    3778.2630478702686
3809    3778.622715522435
3810    3780.4216573553135
3811    3781.3269086789446
3812    3782.805325634351
3813    3783.21801284534
3814    3783.2600739147933
3815    3785.2456346359268
3816    3785.6590877523968
3817    3786.101302318338
3818    3786.5192030819767
3819    3787.709469487422
3820    3789.4102471580445
3821    3790.72154344996
3822    3792.0387481388643
3823    3793.2859127103725
3824    3793.3162085068066
3825    3794.1728951134446
3826    3794.643454100947
3827    3796.3000312591885
3828    3798.2111036617525
3829    3799.2307782229727
3830    3800.264281641595
3831    3801.1642807308403
3832    3801.3977980246696
3833    3802.545650460684
3834    3804.244621241357
3835    3805.71187005923
3836    3807.147132913701
3837    3808.305078045445
3838    3809.403196162563
3839    3810.736343997801
3840    3812.1022928438674
3841    3812.8179755878673
3842    3813.610182203127
3843    3813.7226264264455
3844    3815.5392370190893
3845    3815.6504636493028
3846    3816.6609235586243
3847    3816.8999964528157
3848    3817.077582655647
3849    3817.7239455477047
3850    3819.5060378951084
3851    3820.569108822003
3852    3821.7249529886944
3853    3821.7861380900085
3854    3822.4270866872316
3855    3823.503607530324
3856    3823.9243074608717
3857    3824.496376630066
3858    3825.403228194094
3859    3825.909514050403
3860    3825.935109121549
3861    3826.757556502515
3862    3828.6308787470084
3863    3829.6584326819643
3864    3829.826370330259
3865    3830.1962353433905
3866    3830.2065328565764
3867    3830.8312581128744
3868    3830.95709920385
3869    3832.6107032255054
3870    3834.552348993421
3871    3836.4063025800624
3872    3837.636540173794
3873    3837.739227719579
3874    3838.7063080250077
3875    3839.935056217292
3876    3840.9943742448786
3877    3841.447128021827
3878    3842.893758286837
3879    3843.53252853851
3880    3844.716944433732
3881    3844.7666172745153
3882    3844.8751048709837
3883    3845.8108482442826
3884    3847.0538239186358
3885    3847.4759867743983
3886    3847.7055710947643
3887    3848.953235962811
3888    3850.7582504637876
3889    3852.0651840367054
3890    3853.215253632742
3891    3854.6879384754557
3892    3856.2511749599266
3893    3857.6192919156165
3894    3857.825885096806
3895    3858.9198681241355
3896    3860.101286879074
3897    3861.3242557306303
3898    3861.6530137334676
3899    3862.3268464439243
3900    3863.8348422236163
3901    3865.7232740422714
3902    3867.56665442414
3903    3869.4235334548334
3904    3869.9720873414285
3905    3871.49510593899
3906    3871.634371351004
3907    3872.9160860283137
3908    3873.9151479590405
3909    3874.540205290019
3910    3875.3808986453455
3911    3877.134219795853
3912    3879.0042841304153
3913    3880.496453884932
3914    3881.262500300749
3915    3883.1663042603577
3916    3883.4947501954284
3917    3885.378019687175
3918    3886.72089114847
3919    3887.813493197174
3920    3889.791012202183
3921    3891.3508172139173
3922    3891.4363245742793
3923    3891.499685030188
3924    3891.540719364334
3925    3891.9161353455647
3926    3891.987289365282
3927    3892.2043052225567
3928    3892.712775792123
3929    3894.620253959603
3930    3896.230205454254
3931    3897.367579833935
3932    3897.408638749483
3933    3897.92601453465
3934    3898.7197388261443
3935    3900.1587836663903
3936    3900.528464675998
3937    3902.1073231110295
3938    3903.6572447279555
3939    3903.6650385182124
3940    3904.5100507706497
3941    3905.643264258278
3942    3906.1037167075824
3943    3906.588871951706
3944    3908.0051538118464
3945    3909.0480745501245
3946    3910.8966643147487
3947    3911.210521963827
3948    3912.6715068947237
3949    3913.3855559588824
3950    3913.744772595809
3951    3914.403674737075
3952    3916.092105242997
3953    3917.5288209303153
3954    3918.9400975445574
3955    3920.0566280757735
3956    3920.6136985247726
3957    3921.927257682285
3958    3922.6837814134465
3959    3923.354281375126
3960    3925.3375745347917
3961    3927.2672961070384
3962    3929.1020089037706
3963    3929.234387673511
3964    3929.705794111639
3965    3930.094674492841
3966    3931.18979873216
3967    3931.420112138693
3968    3933.188895095452
3969    3933.671100000635
3970    3935.5010522410166
3971    3935.8464898476964
3972    3937.538684558867
3973    3939.0870600586095
3974    3940.0819353693237
3975    3940.173562556883
3976    3942.115832876302
3977    3943.3391789360326
3978    3945.046232177497
3979    3946.9489350178155
3980    3948.6255509936555
3981    3950.3231617520023
3982    3950.6389625128886
3983    3951.919985399883
3984    3953.033215012319
3985    3953.0606553414805
3986    3953.7861652079964
3987    3955.6472380794003
3988    3956.679405811429
3989    3958.444875517419
3990    3958.765107294338
3991    3959.630559595794
3992    3960.101382366583
3993    3961.707309975542
3994    3962.891291702426
3995    3964.0390545591863
3996    3964.7787846873557
3997    3965.869585342778
3998    3966.5607104247
3999    3967.01236914369
4000    3968.5266889305562
4001    3969.94762838433
4002    3971.1889731820224
4003    3972.4885592052287
4004    3973.2403238950255
4005    3973.5301717885227
4006    3974.722447545216
4007    3975.115409331999
4008    3976.357818442435
4009    3976.6259023761654
4010    3977.887288543556
4011    3979.5062310166563
4012    3980.5932237492125
4013    3981.9481888794153
4014    3982.2799460119613
4015    3982.8512965557893
4016    3982.9855842457496
4017    3983.974683750089
4018    3985.4144943240276
4019    3986.5596660559822
4020    3986.970199165325
4021    3987.025266413473
4022    3988.8340554798283
4023    3989.455502552004
4024    3990.6068791264406
4025    3991.9233012109835
4026    3992.6354471863438
4027    3993.3671053314306
4028    3994.1815243302067
4029    3994.3904348182946
4030    3996.0936546578682
4031    3996.981803979608
4032    3998.3487346253505
4033    3998.6146686795773
4034    4000.477127946473
4035    4001.093568421114
4036    4001.5723056646625
4037    4002.2922111447624
4038    4004.0955506000155
4039    4004.10393728606
4040    4004.9192461715943
4041    4005.347133495515
4042    4007.1573350938447
4043    4008.827524847677
4044    4009.65695670525
4045    4010.3974595969567
4046    4011.599848853967
4047    4013.051629882184
4048    4013.09126941483
4049    4013.380196765319
4050    4014.2093365947194
4051    4014.472318040495
4052    4015.8849982365755
4053    4016.1478808633788
4054    4016.623959168971
4055    4017.6999135030087
4056    4018.332511337228
4057    4019.5269914562773
4058    4020.749497276238
4059    4021.0676794672127
4060    4022.467673104083
4061    4022.8936093241496
4062    4023.6500348626555
4063    4024.744178269173
4064    4025.2002429348995
4065    4026.614866629396
4066    4026.729242680159
4067    4027.33134242703
4068    4027.5835045950157
4069    4029.355992299189
4070    4030.9993260376723
4071    4031.901722066402
4072    4033.3762543690486
4073    4035.3516123058425
4074    4036.2736997615216
4075    4037.5041186899157
4076    4037.8971937871997
4077    4039.2937926513337
4078    4039.4816248827183
4079    4041.210035298861
4080    4041.848729702933
4081    4042.239467144379
4082    4043.6801623518295
4083    4044.161639059729
4084    4044.5597060497003
4085    4046.5263473137684
4086    4047.89249669254
4087    4048.250418236959
4088    4049.445215835973
4089    4051.174468259793
4090    4051.7203515555893
4091    4052.149358025683
4092    4053.590373294805
4093    4054.0051890971913
4094    4055.2204238785425
4095    4056.6431607662385
4096    4056.7487158062863
4097    4058.499091589006
4098    4059.7257501234835
4099    4061.5816268362178
4100    4061.9573764438446
4101    4063.1229706338054
4102    4063.1416235121237
4103    4064.572502100613
4104    4065.739819276967
4105    4066.052705770041
4106    4066.7131692469616
4107    4067.5882234062756
4108    4069.041452007911
4109    4070.8238024198713
4110    4071.5279465909493
4111    4073.09224152139
4112    4073.447072455754
4113    4074.0080152584706
4114    4074.4647622346774
4115    4074.7687007588734
4116    4076.3732519263767
4117    4077.9188760967654
4118    4079.641020340697
4119    4081.1833125965686
4120    4081.700721864786
4121    4083.418858510261
4122    4084.749939120406
4123    4085.6996337481546
4124    4086.626899396844
4125    4087.1985500080173
4126    4087.2393733954514
4127    4088.0597120820307
4128    4089.2394305078456
4129    4090.6852340947803
4130    4091.6719204099927
4131    4093.6112521918217
4132    4095.271101626211
4133    4096.661764159
4134    4097.223417429306
4135    4098.239024506081
4136    4099.3233662777
4137    4100.376516771075
4138    4101.28769305519
4139    4101.63818491634
4140    4101.661646217719
4141    4102.252785721897
4142    4102.338617760827
4143    4103.207419544652
4144    4105.154607171958
4145    4107.014597401999
4146    4107.733007366806
4147    4109.065080327151
4148    4110.8641168468275
4149    4111.650101338585
4150    4112.274918010988
4151    4113.359641680714
4152    4114.878198479514
4153    4115.445221182308
4154    4115.77899701154
4155    4116.443359274029
4156    4117.434876528231
4157    4118.51775977734
4158    4118.749335619509
4159    4119.000877218875
4160    4119.244335512292
4161    4121.028432244951
4162    4122.030553333087
4163    4122.063125014451
4164    4122.372414878973
4165    4123.587760479739
4166    4123.715036077363
4167    4124.828031111836
4168    4126.210641819535
4169    4128.1245158390075
4170    4128.9186244236735
4171    4130.777019847731
4172    4131.517975600733
4173    4132.464949381707
4174    4133.888358149575
4175    4135.284160798533
4176    4136.641748754222
4177    4137.206263773197
4178    4138.27147163251
4179    4138.945354856161
4180    4139.030204089508
4181    4140.003383014623
4182    4140.006695104259
4183    4140.879292772876
4184    4142.359077959059
4185    4143.583618280602
4186    4145.23967962123
4187    4145.404806826231
4188    4146.450046377224
4189    4146.994107696761
4190    4147.834336244053
4191    4149.614264032104
4192    4150.288141099861
4193    4152.183107863922
4194    4152.801409049776
4195    4154.660439615413
4196    4155.149638506197
4197    4156.13703811305
4198    4158.0213451136615
4199    4158.969911378754
4200    4160.9483362259825
4201    4162.460994808475
4202    4164.270870764108
4203    4165.776012736225
4204    4165.934459292441
4205    4166.416618138112
4206    4166.785219966588
4207    4167.23138618987
4208    4168.793689581668
4209    4169.632825885562
4210    4171.04625521041
4211    4172.876373434659
4212    4174.766189923803
4213    4175.687158870266
4214    4176.906813863391
4215    4177.823355475177
4216    4179.632711949473
4217    4181.424404790079
4218    4181.796566256023
4219    4182.044872050086
4220    4182.806255655476
4221    4184.015990348669
4222    4184.063714947571
4223    4184.473673639919
4224    4185.935806612079
4225    4186.100666717236
4226    4186.899751210076
4227    4187.044012070053
4228    4188.95511000448
4229    4190.347583135977
4230    4190.7121574490575
4231    4191.403356287396
4232    4192.556471324522
4233    4192.616316833971
4234    4194.577142818725
4235    4195.45036200564
4236    4197.189873683656
4237    4198.678538133648
4238    4199.33998677103
4239    4199.682996846089
4240    4200.567054048284
4241    4200.732731956284
4242    4201.919764294358
4243    4202.86815836383
4244    4203.3646507780395
4245    4203.419547698562
4246    4205.192283144622
4247    4206.805343859573
4248    4208.778971391116
4249    4209.928376626
4250    4211.255212309293
4251    4211.366275632593
4252    4212.149680418996
4253    4214.117568867995
4254    4214.760043880731
4255    4216.372063190615
4256    4216.4672279713905
4257    4216.51348796452
4258    4217.300922695331
4259    4218.943109396107
4260    4219.973479838271
4261    4220.496717457725
4262    4221.652165245431
4263    4222.724681862422
4264    4223.457874108253
4265    4223.579293435079
4266    4224.091056442135
4267    4225.905339977257
4268    4227.647204645074
4269    4228.5280774295525
4270    4229.127595035766
4271    4230.896389205791
4272    4232.559746492259
4273    4233.9950665115175
4274    4234.843544009116
4275    4235.291525760144
4276    4235.995712562318
4277    4236.278884233164
4278    4238.179096802034
4279    4238.929842620213
4280    4240.703238463991
4281    4242.689609083147
4282    4242.7855435753645
4283    4244.719074192346
4284    4246.6369054158195
4285    4247.305875150325
4286    4247.410620281135
4287    4247.598683813358
4288    4249.340381482308
4289    4250.445317863104
4290    4251.447989277244
4291    4251.522696040671
4292    4253.301986793381
4293    4255.0196287718545
4294    4255.956659336126
4295    4257.833447198137
4296    4258.452957322798
4297    4259.461201309016
4298    4259.5661712578885
4299    4260.433979668026
4300    4262.0980092129685
4301    4262.435396581229
4302    4264.344675221145
4303    4264.847285293963
4304    4264.940119858038
4305    4265.709991219645
4306    4266.32322011344
4307    4268.212959534585
4308    4269.931292733617
4309    4270.8670755761195
4310    4272.388313771699
4311    4272.424640170343
4312    4274.219005938303
4313    4275.782277289268
4314    4276.2536003786045
4315    4277.986272481395
4316    4278.205937505087
4317    4278.392010665818
4318    4279.985836998155
4319    4280.832343898724
4320    4281.762595549068
4321    4282.572013152103
4322    4284.489921649004
4323    4285.235208815094
4324    4286.268591793501
4325    4286.420257974105
4326    4287.48530599893
4327    4289.225705305959
4328    4290.094558607816
4329    4291.815665827317
4330    4293.38272129794
4331    4293.67214559552
4332    4295.6193256444885
4333    4296.599990439653
4334    4296.84210449112
4335    4297.897080803543
4336    4297.933908489618
4337    4299.400561175254
4338    4301.055558146731
4339    4301.265604904813
4340    4302.593862122953
4341    4304.183689103739
4342    4304.354442550812
4343    4305.417837898821
4344    4306.29733906452
4345    4306.402099094398
4346    4308.382939952687
4347    4309.333220659481
4348    4309.457582281076
4349    4310.949822744467
4350    4312.247903075959
4351    4313.026476758296
4352    4313.557823744482
4353    4313.627929914737
4354    4314.789891220317
4355    4315.849773221068
4356    4317.783789945986
4357    4318.926022008793
4358    4319.450105385426
4359    4320.631827340624
4360    4320.722533914769
4361    4321.020171215693
4362    4321.1013005032055
4363    4321.726797045296
4364    4322.915825731727
4365    4323.02866133558
4366    4323.946997584206
4367    4324.326744138619
4368    4324.363538574242
4369    4325.317504963934
4370    4326.134057107012
4371    4327.538836807729
4372    4328.28290037053
4373    4330.279162952774
4374    4332.246694058872
4375    4332.555473918628
4376    4333.4995768068275
4377    4335.2781928881805
4378    4336.238859263235
4379    4337.554265695902
4380    4339.251192458576
4381    4339.575040611384
4382    4340.154059414061
4383    4341.457141756312
4384    4342.512134305223
4385    4342.681874676218
4386    4343.17213777537
4387    4343.791355362908
4388    4345.705668303248
4389    4347.693030090871
4390    4349.110514508618
4391    4350.751703616816
4392    4351.141834648625
4393    4352.046571385988
4394    4353.007619997566
4395    4354.347984066105
4396    4355.832438821344
4397    4356.04536477688
4398    4357.720310952287
4399    4357.750476352272
4400    4358.102855261082
4401    4359.752132989542
4402    4360.103892993144
4403    4360.577156513224
4404    4361.753858305048
4405    4362.315017743891
4406    4364.137051465322
4407    4365.994725531445
4408    4366.948627162163
4409    4367.363415037411
4410    4368.935823875052
4411    4369.401492032608
4412    4370.523661358219
4413    4371.501540212132
4414    4373.102220958572
4415    4373.6455164736635
4416    4375.4603194387555
4417    4375.5562432821125
4418    4377.4898444567525
4419    4378.515220324763
4420    4379.203962212487
4421    4379.737552178889
4422    4381.008344970268
4423    4381.065269411302
4424    4381.417518116671
4425    4382.682872455586
4426    4383.635011729643
4427    4385.459767911684
4428    4387.21930942583
4429    4388.904131195825
4430    4389.862008303967
4431    4390.665014781135
4432    4390.739243088824
4433    4391.625125053429
4434    4393.124441927359
4435    4393.556607780409
4436    4395.497583934801
4437    4395.999190658658
4438    4396.842995608814
4439    4397.67636964849
4440    4399.059567219222
4441    4400.381237616762
4442    4400.887326350448
4443    4402.685247643951
4444    4404.638409065131
4445    4405.662261226327
4446    4405.777955550602
4447    4406.968998274166
4448    4407.890332078724
4449    4409.576521182821
4450    4410.805880488844
4451    4412.565355580831
4452    4413.102146504542
4453    4413.657241830744
4454    4414.727476867225
4455    4416.366695293335
4456    4416.485797547989
4457    4416.488968742125
4458    4417.567185689482
4459    4418.117254506617
4460    4419.845211680051
4461    4421.8182228856585
4462    4422.491420724469
4463    4424.140887420941
4464    4425.573960979471
4465    4427.183232690402
4466    4427.44098907069
4467    4427.447093798394
4468    4429.077131470618
4469    4431.070554626143
4470    4432.826356591933
4471    4433.854083611295
4472    4435.82820382782
4473    4435.848573341551
4474    4436.743629201695
4475    4437.5508635321
4476    4438.95204261028
4477    4439.886924007495
4478    4440.728066276051
4479    4441.782112470639
4480    4442.243732778967
4481    4443.125220145779
4482    4444.044803143746
4483    4444.805984092508
4484    4446.170273106923
4485    4446.570166851417
4486    4446.695418351509
4487    4448.331007610842
4488    4449.193708888227
4489    4450.517410811048
4490    4451.1628841544125
4491    4452.87560501337
4492    4454.592263186088
4493    4456.1042560715605
4494    4458.019010872908
4495    4458.9486657609095
4496    4459.82640272236
4497    4461.218734409025
4498    4461.851329182093
4499    4462.581967261035
4500    4462.584501515936
4501    4463.1827866453505
4502    4463.273152329743
4503    4463.689988585943
4504    4463.97362523339
4505    4465.084871193265
4506    4466.137044343776
4507    4466.828828165427
4508    4468.668820026684
4509    4468.89166943994
4510    4469.44638025719
4511    4471.150572235803
4512    4471.759089097946
4513    4473.394185153277
4514    4473.594831416072
4515    4474.394456666687
4516    4476.049917685603
4517    4476.711233251261
4518    4477.818369808272
4519    4479.755997310139
4520    4480.414331932749
4521    4480.678260470584
4522    4481.307674256521
4523    4482.302593753617
4524    4482.514830013163
4525    4483.081597349625
4526    4483.09424738136
4527    4483.675261367495
4528    4485.501451381956
4529    4486.701755446303
4530    4487.7824481938915
4531    4489.31130142283
4532    4490.980606970506
4533    4492.373867907849
4534    4492.592987839427
4535    4492.829808877742
4536    4493.330264932271
4537    4494.106888758801
4538    4495.251855134668
4539    4496.644065641543
4540    4496.763160576199
4541    4498.491575613286
4542    4499.118319912364
4543    4500.671256059223
4544    4501.655246381162
4545    4502.5920417257485
4546    4503.744501394409
4547    4505.152830487037
4548    4505.3810254762775
4549    4506.68839330718
4550    4507.600435380371
4551    4507.927502262191
4552    4507.962475132812
4553    4508.463881584262
4554    4510.0259836201
4555    4511.556025678458
4556    4511.8171764766685
4557    4512.635946819583
4558    4513.095698173232
4559    4513.716215424837
4560    4514.58480247411
4561    4514.694535543292
4562    4516.637224720052
4563    4517.049517508098
4564    4518.858724577816
4565    4520.2679669358195
4566    4521.5551130439835
4567    4521.894528518471
4568    4523.380454600772
4569    4523.691713470728
4570    4524.345176683674
4571    4525.8713663303515
4572    4526.26730715154
4573    4527.305298128652
4574    4528.14548150536
4575    4528.704154620425
4576    4528.9589604850835
4577    4530.532743474003
4578    4530.831229607134
4579    4531.713984972691
4580    4532.95054492754
4581    4534.08717688869
4582    4534.376778420105
4583    4535.940088613246
4584    4536.572003622291
4585    4538.074835617462
4586    4539.248760884828
4587    4540.889052424122
4588    4542.297652758526
4589    4542.408427687771
4590    4543.924441498655
4591    4545.8833244356965
4592    4546.007770069203
4593    4546.843820934442
4594    4547.14486174867
4595    4547.8664677207435
4596    4549.090416813354
4597    4549.5267329938815
4598    4549.812346541538
4599    4551.721463664752
4600    4551.790387816041
4601    4552.6552840523
4602    4552.721499271778
4603    4553.421701843981
4604    4554.988556649489
4605    4555.232618457729
4606    4555.539354901014
4607    4555.8281244943355
4608    4557.479828198406
4609    4558.376177597948
4610    4560.3393877652015
4611    4561.379843913354
4612    4563.061247569189
4613    4564.295107165305
4614    4564.72840040795
4615    4565.124551940289
4616    4566.956786392389
4617    4568.366391524772
4618    4569.369906218299
4619    4569.936406276925
4620    4570.525150057244
4621    4570.799500978856
4622    4572.375447736573
4623    4573.693521495502
4624    4574.342234602388
4625    4575.503824536434
4626    4576.518645278543
4627    4576.8159831987105
4628    4577.529808977694
4629    4578.841995898274
4630    4580.389671012963
4631    4580.8940364023965
4632    4581.500809438677
4633    4581.715806069338
4634    4582.779046093888
4635    4583.725143486851
4636    4584.445975796259
4637    4586.1235097366
4638    4587.864864828174
4639    4588.082567371489
4640    4589.547380903258
4641    4591.492611938759
4642    4591.806786878743
4643    4593.469090877104
4644    4595.2732751279655
4645    4596.395352469055
4646    4597.038046478943
4647    4598.9567731561965
4648    4600.707537025079
4649    4600.8748722586715
4650    4602.728516316169
4651    4604.046097508911
4652    4604.403815329015
4653    4604.929934879935
4654    4606.749006616873
4655    4606.9070594669065
4656    4607.0697105286
4657    4607.564933635903
4658    4608.1258991934355
4659    4609.148228010331
4660    4609.190119313519
4661    4609.585868127434
4662    4610.367313156433
4663    4612.081473090458
4664    4612.398780744652
4665    4612.8261258092325
4666    4614.51403580186
4667    4615.785728838787
4668    4616.434413185781
4669    4618.366526714764
4670    4619.900632877122
4671    4620.690367849745
4672    4621.949783215714
4673    4623.5378163142495
4674    4623.97928183878
4675    4625.403326642241
4676    4626.112118386135
4677    4627.812411121461
4678    4628.465374552512
4679    4628.603391695397
4680    4629.647550613859
4681    4630.727235493566
4682    4631.572254120354
4683    4632.242641532762
4684    4632.946136898713
4685    4633.899317855457
4686    4635.124017901271
4687    4636.269736045986
4688    4637.087134550119
4689    4637.71586899339
4690    4637.817827329985
4691    4638.643136815223
4692    4640.363505778855
4693    4641.643814481161
4694    4643.126779392367
4695    4643.824891759922
4696    4645.29366482205
4697    4645.438608045263
4698    4646.678753587274
4699    4647.930558149264
4700    4649.864913550199
4701    4650.916859972789
4702    4651.292640371692
4703    4652.027994943374
4704    4653.250446968196
4705    4653.409483141317
4706    4654.530981817604
4707    4655.526662607644
4708    4656.720340856832
4709    4657.827236129511
4710    4659.428984572713
4711    4661.290414904061
4712    4661.848391086029
4713    4662.801668027553
4714    4664.566267755205
4715    4665.313543501826
4716    4666.2584873470805
4717    4667.127106664095
4718    4667.481946956908
4719    4668.663280487248
4720    4670.565336585842
4721    4671.200532474983
4722    4673.040389332291
4723    4673.915972764167
4724    4675.86656831316
4725    4676.869810634679
4726    4677.285180221509
4727    4679.186210162432
4728    4680.108002818094
4729    4682.055591731958
4730    4682.827312728015
4731    4683.016642210992
4732    4683.624600353691
4733    4684.393489180826
4734    4686.2136675782795
4735    4687.7993271913965
4736    4688.4181599835065
4737    4690.388981668971
4738    4692.138320177429
4739    4692.196634008869
4740    4692.214873886998
4741    4694.080847077289
4742    4695.558911425553
4743    4696.471523152786
4744    4698.284542043195
4745    4699.7543188799145
4746    4701.614900193886
4747    4702.022073700131
4748    4702.763970854918
4749    4704.185007431823
4750    4704.3951176584615
4751    4706.184770306577
4752    4706.844035887031
4753    4707.31415295865
4754    4708.276685471674
4755    4710.2116715254415
4756    4712.201569701043
4757    4713.292734941368
4758    4713.718400267157
4759    4713.880824130832
4760    4715.5362512641395
4761    4717.18519855393
4762    4717.507741687473
4763    4719.1548338008115
4764    4721.069514069833
4765    4721.977224672109
4766    4723.06251884305
4767    4724.501906389635
4768    4725.1890879829
4769    4726.854671696152
4770    4727.650012335809
4771    4729.564048955509
4772    4730.852364263331
4773    4731.203776083139
4774    4731.264566170351
4775    4731.773450132057
4776    4732.742251542129
4777    4733.839625144843
4778    4735.582880744425
4779    4737.007696287061
4780    4737.959255109634
4781    4738.086825639326
4782    4738.2062897211445
4783    4738.523331515602
4784    4738.63969563088
4785    4739.450460221032
4786    4740.51274311002
4787    4741.051760158217
4788    4741.9667457038695
4789    4742.955394747815
4790    4744.736078063686
4791    4745.2122103512
4792    4745.242925364525
4793    4746.715624664027
4794    4747.957297907026
4795    4747.978468045427
4796    4748.64681038085
4797    4749.429991772191
4798    4749.453652111599
4799    4751.046351982923
4800    4751.759722462785
4801    4752.859003627533
4802    4753.03697030088
4803    4754.844445355929
4804    4755.27283694407
4805    4757.151068981523
4806    4757.631674238611
4807    4758.955429910895
4808    4759.911146630175
4809    4760.136376142818
4810    4760.364012887101
4811    4761.111749547315
4812    4762.855334286371
4813    4763.762134819416
4814    4765.7394724272835
4815    4766.0024884848
4816    4767.429434299243
4817    4769.146572694549
4818    4770.853775125146
4819    4772.206996685833
4820    4774.058646424255
4821    4776.044028583403
4822    4776.302315470964
4823    4777.5340718733005
4824    4778.041459036827
4825    4778.606612151178
4826    4780.189819436009
4827    4781.983211936678
4828    4783.878339724647
4829    4783.978553033701
4830    4785.869438782661
4831    4786.115899390021
4832    4786.912811340957
4833    4787.874894225405
4834    4789.616581280829
4835    4789.91119492489
4836    4791.81405078882
4837    4792.237058835305
4838    4792.424955985934
4839    4793.539774402479
4840    4794.707377678451
4841    4795.622037630399
4842    4796.630531157418
4843    4796.636475845557
4844    4798.353994139723
4845    4798.914284104193
4846    4800.508609962139
4847    4801.189366379205
4848    4801.790228759598
4849    4801.951067742544
4850    4802.778160771607
4851    4803.144477502071
4852    4803.2254117314
4853    4804.9393322649985
4854    4805.435458217898
4855    4805.522505731758
4856    4807.087669225997
4857    4808.986381898102
4858    4809.448619419785
4859    4811.442653092736
4860    4812.97115713754
4861    4813.391121840992
4862    4813.918461972414
4863    4815.054917212489
4864    4815.229671787157
4865    4816.12654723585
4866    4817.171408131822
4867    4817.5385949830215
4868    4819.360869772436
4869    4819.6860981873915
4870    4820.029620124004
4871    4821.10158927334
4872    4821.7497785246405
4873    4821.981133604694
4874    4823.1204062851075
4875    4824.0163875672915
4876    4824.145563924495
4877    4825.436905253959
4878    4825.890747575425
4879    4825.937655419598
4880    4826.005053841501
4881    4827.233606361565
4882    4828.187737292706
4883    4828.329710277715
4884    4829.196877801968
4885    4829.863350817392
4886    4831.044759662501
4887    4832.5917672662845
4888    4833.748284750986
4889    4834.677576461665
4890    4836.66733671878
4891    4836.9343166583785
4892    4837.472865772803
4893    4837.855529116307
4894    4838.334289281407
4895    4838.45427203007
4896    4839.22910034403
4897    4840.835055668559
4898    4841.806416217695
4899    4842.3688139714295
4900    4842.629389766978
4901    4843.332941336774
4902    4844.809322454614
4903    4846.56829319556
4904    4847.208461148007
4905    4847.641239249753
4906    4847.671645363934
4907    4849.631555585744
4908    4850.819396412662
4909    4852.06159889508
4910    4853.969156821133
4911    4855.595300783191
4912    4856.943255905819
4913    4857.740758381467
4914    4858.927942898018
4915    4859.229529432477
4916    4860.86572404757
4917    4862.32037945637
4918    4863.835450322045
4919    4864.67821265163
4920    4865.145915919658
4921    4866.625131087716
4922    4867.700318580868
4923    4868.741714633447
4924    4869.1068418827135
4925    4870.487667181459
4926    4872.431314694669
4927    4872.936315218848
4928    4874.36372637356
4929    4875.1532868109025
4930    4875.7746785473755
4931    4877.56350590434
4932    4878.249752653008
4933    4878.661655073134
4934    4879.382631449562
4935    4880.526448664056
4936    4880.987686493386
4937    4882.612570949154
4938    4883.9657276955295
4939    4885.274557728452
4940    4887.073684607391
4941    4887.385395341543
4942    4888.30284512829
4943    4888.49989522503
4944    4889.973519391283
4945    4890.397089209348
4946    4891.031260914242
4947    4891.695185986584
4948    4892.924020163508
4949    4894.550828404957
4950    4896.145243720929
4951    4897.8992345913675
4952    4898.760860677901
4953    4899.80570107019
4954    4901.169023615403
4955    4901.521489361924
4956    4902.361702884514
4957    4902.59601052146
4958    4904.271027744805
4959    4905.83823891785
4960    4907.33743691025
4961    4907.51567308621
4962    4908.28525229307
4963    4909.396544359036
4964    4909.583461591737
4965    4909.9269260203855
4966    4911.221164249661
4967    4912.175710628011
4968    4913.370264575915
4969    4913.583616396063
4970    4914.740292714232
4971    4916.162369673633
4972    4916.518774907402
4973    4917.971801471155
4974    4918.784622165354
4975    4919.021908421917
4976    4920.380388246097
4977    4920.953154481501
4978    4921.487426648499
4979    4922.6826977996625
4980    4923.966761094531
4981    4925.134593738971
4982    4926.1041238509415
4983    4926.328160577182
4984    4928.174835116787
4985    4928.526898423714
4986    4929.21416204952
4987    4930.65907997488
4988    4931.159014931757
4989    4931.608526671032
4990    4933.4527975641495
4991    4934.384486101769
4992    4934.501264172733
4993    4936.266898149423
4994    4937.71779370223
4995    4939.572090073733
4996    4941.459585462723
4997    4941.5641283667155
4998    4942.614734641832
4999    4943.010074061448
5000    4944.386656807419
5001    4945.757553137655
5002    4946.65058996963
5003    4947.833134019603
5004    4948.6634096836115
5005    4950.5620938492875
5006    4951.320852688593
5007    4952.976212839645
5008    4954.721400910836
5009    4954.840977965447
5010    4956.226012737486
5011    4957.0438234697685
5012    4958.521572795345
5013    4960.317707184942
5014    4960.690090169765
5015    4960.956283742857
5016    4962.593414290428
5017    4962.894090099331
5018    4963.66846921549
5019    4964.299689306908
5020    4965.234723160849
5021    4967.003799449623
5022    4967.424974182734
5023    4967.608756179595
5024    4969.365577890956
5025    4969.8386408629685
5026    4971.659543957188
5027    4972.865459702751
5028    4973.706762406263
5029    4974.237583608161
5030    4975.713527555408
5031    4976.470327949329
5032    4976.714590212077
5033    4977.111267525405
5034    4977.1962515167725
5035    4978.1480966932395
5036    4980.143055504041
5037    4982.112720954503
5038    4984.080971701868
5039    4984.107207802924
5040    4984.640710579585
5041    4985.917802367144
5042    4986.171547028459
5043    4987.262963003737
5044    4987.984271907544
5045    4989.534548022033
5046    4991.432143444133
5047    4992.430542695689
5048    4993.2464353068235
5049    4993.619500616335
5050    4994.8870734740885
5051    4995.064777829849
5052    4996.259947127014
5053    4996.380365992939
5054    4997.7149006963755
5055    4999.199917961771
5056    5000.72369292315
5057    5001.554646726585
5058    5003.37690784767
5059    5004.510751091628
5060    5004.726814514028
5061    5005.626100022617
5062    5006.493857930527
5063    5006.767881659856
5064    5007.453647432149
5065    5007.959516624384
5066    5008.846473995741
5067    5010.669669533784
5068    5011.705272353474
5069    5011.928784116097
5070    5013.4405257824255
5071    5013.66955848619
5072    5014.370285192002
5073    5014.453695778986
5074    5015.733597125784
5075    5017.285016537619
5076    5018.386611170515
5077    5018.389843805034
5078    5019.60622340115
5079    5020.50373542007
5080    5021.580791542113
5081    5021.938883755724
5082    5022.179959842505
5083    5023.516522420707
5084    5023.891663272375
5085    5025.377664715413
5086    5025.38169699891
5087    5026.24923977319
5088    5027.778198156206
5089    5028.683260256113
5090    5030.199339733687
5091    5031.312356473373
5092    5032.6556577798265
5093    5033.27507904924
5094    5035.218295388211
5095    5037.0458123982135
5096    5037.491886575012
5097    5038.316594355009
5098    5038.9951947100035
5099    5039.370280116602
5100    5041.078945018151
5101    5042.5389413484645
5102    5043.762498351968
5103    5044.773038361532
5104    5044.890782918808
5105    5045.832402894155
5106    5047.82586329187
5107    5049.276814922264
5108    5051.168560511181
5109    5051.7699948800055
5110    5052.480345354573
5111    5052.951417022153
5112    5053.786594563474
5113    5055.2590530782745
5114    5056.880790169274
5115    5058.263909437818
5116    5059.428797814665
5117    5059.6753566388625
5118    5061.4229975462995
5119    5061.538531546379
5120    5063.040753706764
5121    5064.093391331807
5122    5065.501653452958
5123    5065.804298383374
5124    5065.940719181085
5125    5067.343819197239
5126    5068.451427712442
5127    5070.354528243732
5128    5070.627297574947
5129    5070.879641098857
5130    5071.105703656297
5131    5072.656880605361
5132    5073.543912188562
5133    5074.257853790374
5134    5075.2003520775725
5135    5076.414880115751
5136    5076.496731275463
5137    5076.58124310826
5138    5078.495630758963
5139    5080.297656202102
5140    5081.310163779118
5141    5082.548723215926
5142    5083.194830217952
5143    5085.186055846506
5144    5085.364116605495
5145    5087.1697938212465
5146    5088.010026857289
5147    5089.189917216895
5148    5090.7570526505
5149    5091.564979460729
5150    5092.193774133357
5151    5093.760988441821
5152    5095.453855601077
5153    5095.901889898875
5154    5096.957129450597
5155    5098.555882191317
5156    5100.018810491743
5157    5100.648220857413
5158    5100.892572404231
5159    5102.781329726016
5160    5103.706802243471
5161    5105.0861998523515
5162    5106.944359304944
5163    5108.6410049428
5164    5108.875910525188
5165    5110.154384052298
5166    5111.819755758098
5167    5112.38653133065
5168    5112.481545073358
5169    5113.882394902589
5170    5115.5526988589845
5171    5117.411966155631
5172    5117.446622104357
5173    5119.407684813145
5174    5121.051906238604
5175    5121.624685029812
5176    5121.879666641098
5177    5123.462272818229
5178    5124.490873108288
5179    5124.757997537887
5180    5124.818951809908
5181    5126.246376373914
5182    5128.107514246127
5183    5129.193141908075
5184    5129.5753044192425
5185    5129.891838060148
5186    5130.143820204032
5187    5130.372289121627
5188    5131.829988834868
5189    5133.469091420913
5190    5134.626357478757
5191    5135.709939130596
5192    5136.655609363508
5193    5137.654595613154
5194    5137.697244230531
5195    5138.954716739977
5196    5140.016142744312
5197    5141.199624850034
5198    5141.511268566753
5199    5141.919279709402
5200    5142.176339535226
5201    5144.033470619836
5202    5145.950834691308
5203    5146.153669555147
5204    5147.394509432555
5205    5148.241679293105
5206    5148.855003379893
5207    5150.524196397184
5208    5150.97035598996
5209    5152.390067328843
5210    5153.124361170606
5211    5154.410737903479
5212    5156.188902028631
5213    5156.724078990893
5214    5157.08445653526
5215    5157.828574852975
5216    5158.8849824571125
5217    5159.181201015119
5218    5159.925318890169
5219    5160.346515208203
5220    5160.928994048809
5221    5161.65137046782
5222    5162.997014948741
5223    5163.787456327058
5224    5165.466433500939
5225    5166.770139866427
5226    5166.819030869064
5227    5167.831949016146
5228    5168.065779679546
5229    5168.487119631171
5230    5169.304048024682
5231    5170.815293653942
5232    5172.545863903834
5233    5172.817835769271
5234    5173.0939171647615
5235    5173.128109405057
5236    5173.398047742705
5237    5173.440824163989
5238    5174.2256016487645
5239    5175.237289671474
5240    5176.648562773984
5241    5177.75587014813
5242    5177.9166257131765
5243    5179.118957606274
5244    5179.667284643334
5245    5181.318381935109
5246    5182.034321769715
5247    5182.756447074034
5248    5183.654667663753
5249    5184.276451431635
5250    5185.700941779334
5251    5186.0358765979345
5252    5187.636213771051
5253    5187.956605069672
5254    5189.890730622301
5255    5191.785374456089
5256    5192.682433632764
5257    5194.31986498475
5258    5195.249410034548
5259    5196.227015082499
5260    5197.093136534903
5261    5197.660514837635
5262    5198.7593151700485
5263    5199.3791707513565
5264    5199.553125376856
5265    5201.169486491956
5266    5202.62834545143
5267    5203.686598956969
5268    5204.486441697345
5269    5205.05967554389
5270    5206.954612775906
5271    5208.127426443973
5272    5208.84507873882
5273    5210.641688114655
5274    5211.327882657899
5275    5212.993946325484
5276    5213.355381140849
5277    5213.947853382336
5278    5215.145043980839
5279    5216.758258750872
5280    5216.82554758037
5281    5217.810782037955
5282    5219.050556992916
5283    5220.016880612605
5284    5220.590473392905
5285    5221.506347870813
5286    5222.7583752912
5287    5223.121519656185
5288    5223.692158344855
5289    5224.733503530288
5290    5226.421676277297
5291    5226.716639640358
5292    5227.812001753425
5293    5228.3185654546005
5294    5229.816263253034
5295    5231.715190652021
5296    5233.018841480439
5297    5233.1931722587005
5298    5235.074411491345
5299    5236.933456293268
5300    5237.556241205154
5301    5237.862493600487
5302    5239.802922441554
5303    5240.183496307459
5304    5240.8429224206275
5305    5241.915679890917
5306    5242.607562182667
5307    5244.02994471398
5308    5244.1092459407755
5309    5244.120037527293
5310    5245.206595074106
5311    5245.406365773091
5312    5246.827612415272
5313    5247.821297584754
5314    5249.749162339455
5315    5249.767445736069
5316    5250.647518642211
5317    5250.853037095053
5318    5251.627278058562
5319    5253.122378886948
5320    5254.288815388965
5321    5255.167471244772
5322    5256.541339438219
5323    5258.359378478014
5324    5258.556577403672
5325    5258.86914221743
5326    5260.157499920883
5327    5261.320093610505
5328    5262.98484894977
5329    5264.24210611613
5330    5264.896513804308
5331    5266.583512419633
5332    5266.967890142382
5333    5267.547228586241
5334    5268.987088777992
5335    5270.902737123617
5336    5272.766427732548
5337    5274.24780191506
5338    5275.934658888469
5339    5276.347488423914
5340    5278.237678498622
5341    5279.4972122508125
5342    5279.6771769108955
5343    5279.907507228597
5344    5280.872765301013
5345    5281.848419907621
5346    5283.8103942601865
5347    5285.642139386962
5348    5285.670523936054
5349    5287.489534211863
5350    5288.32175719256
5351    5288.656073937294
5352    5289.862342048316
5353    5290.799132600085
5354    5290.91201257066
5355    5292.268752767496
5356    5292.496592113398
5357    5293.840818035225
5358    5293.934461747526
5359    5295.020197984451
5360    5295.7896000160445
5361    5296.539678656089
5362    5297.247928105607
5363    5299.014660895692
5364    5299.212612931484
5365    5300.7056456201
5366    5301.130318580281
5367    5301.626220306492
5368    5303.0187248976545
5369    5304.762360685
5370    5306.740657346372
5371    5307.863711061537
5372    5309.097871939226
5373    5310.202685891072
5374    5311.7091775720155
5375    5313.066798695045
5376    5313.9410516214675
5377    5315.005838002947
5378    5315.40253482962
5379    5316.258697992246
5380    5317.994388354572
5381    5318.502809660811
5382    5318.788487199585
5383    5320.510906217383
5384    5321.639320418791
5385    5323.35266055529
5386    5325.105673603983
5387    5326.372040661539
5388    5326.994738372669
5389    5328.138023803995
5390    5329.660840858025
5391    5331.181480914237
5392    5332.38263463454
5393    5333.558039263291
5394    5335.492371796451
5395    5336.565254566508
5396    5336.74577132542
5397    5337.3086027223635
5398    5337.659059078685
5399    5338.807185964305
5400    5340.344943827943
5401    5342.019270217113
5402    5342.704275755408
5403    5343.046119397179
5404    5343.14837406182
5405    5344.758904309114
5406    5346.703155829348
5407    5346.835299068979
5408    5347.9910109734765
5409    5348.816657188341
5410    5348.881286016878
5411    5349.061842763639
5412    5349.520915598908
5413    5351.368897696227
5414    5353.346344003726
5415    5354.84629017745
5416    5355.784065855674
5417    5356.940320674235
5418    5357.184295242133
5419    5358.3026662246675
5420    5358.7849017175895
5421    5359.116672047891
5422    5359.730409605191
5423    5360.366074138463
5424    5360.434279961687
5425    5361.4175946662735
5426    5362.903148811033
5427    5363.446152286641
5428    5364.020271012958
5429    5365.497238751427
5430    5367.478556935197
5431    5367.500685352411
5432    5368.040372508341
5433    5369.70660632993
5434    5371.2739439830775
5435    5372.307877110545
5436    5372.396094328838
5437    5373.60418188704
5438    5374.502271493217
5439    5376.235300983831
5440    5376.272321853492
5441    5377.591238298765
5442    5377.86146712236
5443    5378.803098430935
5444    5379.579618376857
5445    5381.352935403311
5446    5381.424150384816
5447    5381.862035192994
5448    5383.297013479464
5449    5384.820504834846
5450    5385.877676357918
5451    5387.165377075575
5452    5388.953050288426
5453    5390.182160554562
5454    5391.207951042885
5455    5392.98070966927
5456    5393.567715925156
5457    5395.08856388547
5458    5395.224616768587
5459    5395.361093334932
5460    5395.460644642478
5461    5396.538706555608
5462    5397.108117201671
5463    5399.046500934327
5464    5401.005017545666
5465    5402.087966037728
5466    5402.898063416164
5467    5403.974231769869
5468    5405.344307907179
5469    5407.011247615335
5470    5408.904980445587
5471    5409.236696984301
5472    5409.596533674013
5473    5411.272234419922
5474    5412.138649612516
5475    5413.920720566656
5476    5414.9679143804315
5477    5416.067084114043
5478    5416.379192393535
5479    5416.594075268847
5480    5418.348258137623
5481    5420.207549069658
5482    5421.130381210008
5483    5422.754506690723
5484    5424.335801339493
5485    5426.092743358645
5486    5426.890807484523
5487    5428.604580322947
5488    5429.647870913068
5489    5430.307782315751
5490    5431.93710781272
5491    5432.27293375548
5492    5433.138357943928
5493    5433.334847350396
5494    5433.419473938395
5495    5433.547263988263
5496    5433.868124542612
5497    5434.630463756936
5498    5436.063293015325
5499    5437.893630963463
5500    5439.4754636892585
5501    5440.923676652093
5502    5441.540779296191
5503    5442.980038486975
5504    5443.048594350035
5505    5444.725958303586
5506    5445.0477723089925
5507    5445.784251890739
5508    5447.192727224416
5509    5448.464463957393
5510    5450.123219260628
5511    5451.645422147836
5512    5452.338441579675
5513    5452.803885956347
5514    5453.17156820286
5515    5453.261419883705
5516    5453.514206920482
5517    5454.895128308461
5518    5454.903314308739
5519    5455.43902590162
5520    5456.205783765384
5521    5457.060385606865
5522    5458.66384313783
5523    5459.95378259942
5524    5460.4794517136625
5525    5461.889156096809
5526    5462.209036099342
5527    5462.891871840627
5528    5463.375061044818
5529    5464.819888790556
5530    5466.369574705796
5531    5466.7643440529855
5532    5468.243428080004
5533    5468.905276329337
5534    5469.193143270835
5535    5470.566174516151
5536    5472.264436995865
5537    5472.634787781393
5538    5472.749692933
5539    5474.180555440424
5540    5474.517585174174
5541    5476.438572063918
5542    5477.486664511373
5543    5479.0790606527535
5544    5479.1746910081765
5545    5481.159701484097
5546    5482.198732324937
5547    5484.186879185041
5548    5485.595701583293
5549    5487.0777401582145
5550    5487.792094247522
5551    5489.246858817172
5552    5489.898252997529
5553    5491.782854853044
5554    5493.381100751132
5555    5493.909169441294
5556    5495.679679363652
5557    5497.069600046352
5558    5498.744966691279
5559    5499.133567769044
5560    5499.383991573401
5561    5501.194203865895
5562    5501.732637907042
5563    5503.23912979826
5564    5503.558590334705
5565    5504.86884463731
5566    5505.927876865633
5567    5506.934515786825
5568    5507.601738915029
5569    5508.655009018257
5570    5510.095185694849
5571    5511.814631753898
5572    5512.076071659606
5573    5513.670989385533
5574    5515.291165978778
5575    5516.385145520307
5576    5517.748996780007
5577    5518.602128089591
5578    5519.0209014501825
5579    5520.018850656316
5580    5520.944120628727
5581    5521.840271602674
5582    5522.540288754099
5583    5523.8248614243075
5584    5523.9698899570885
5585    5524.336261464761
5586    5524.62501750258
5587    5524.922525803006
5588    5526.534980800489
5589    5528.100350250419
5590    5529.926983707715
5591    5530.70121120801
5592    5532.159738012772
5593    5532.176759034025
5594    5533.5512706388745
5595    5534.03968764703
5596    5534.541770428891
5597    5534.852115277227
5598    5535.042580834036
5599    5535.293981378943
5600    5535.855829781748
5601    5537.318842274897
5602    5539.100818861693
5603    5540.284925246434
5604    5541.722510010883
5605    5542.575952835043
5606    5542.769933946548
5607    5544.233607907262
5608    5545.02526394461
5609    5546.49927367259
5610    5546.5279152249495
5611    5547.661711849406
5612    5549.134706540458
5613    5549.754086918463
5614    5550.675962598096
5615    5551.633294730921
5616    5552.283686726042
5617    5554.1979289862
5618    5554.282452583297
5619    5556.267577131762
5620    5557.034484767294
5621    5558.952218740434
5622    5560.404012723765
5623    5561.553751590661
5624    5562.847648644729
5625    5564.361672226027
5626    5564.783046422607
5627    5565.373787607117
5628    5565.506953589225
5629    5566.60082309017
5630    5566.981600855629
5631    5567.352404554233
5632    5568.102581298722
5633    5569.146174448923
5634    5570.551942055926
5635    5570.846760194402
5636    5571.933061986478
5637    5573.202760388526
5638    5575.025084075674
5639    5576.273902239333
5640    5578.0923008488435
5641    5578.938159488353
5642    5580.67929351777
5643    5582.513841085704
5644    5583.495106949345
5645    5584.04288140798
5646    5586.027038075883
5647    5586.473391330932
5648    5587.006123684262
5649    5588.441742152788
5650    5589.268139210162
5651    5589.798123963231
5652    5589.810452373149
5653    5590.771003065208
5654    5591.785506733508
5655    5593.008665209477
5656    5593.889163603924
5657    5594.19789248055
5658    5596.050060781319
5659    5597.475850045249
5660    5597.832700761745
5661    5599.3670800518075
5662    5600.285576749114
5663    5601.666211530062
5664    5602.575855461733
5665    5602.744483432925
5666    5603.149038332689
5667    5604.821442321807
5668    5606.055316209207
5669    5606.880484778713
5670    5607.426878213144
5671    5608.433748681578
5672    5609.657167267318
5673    5609.817088688909
5674    5610.17442250385
5675    5611.556443597494
5676    5612.379380221701
5677    5614.320278748143
5678    5614.793833338504
5679    5615.2219964150745
5680    5615.923802079329
5681    5617.8724507906
5682    5618.292549923596
5683    5619.690963041077
5684    5620.0729000476595
5685    5621.042415589375
5686    5621.997071741508
5687    5623.146508021801
5688    5623.811272190169
5689    5624.947833619457
5690    5626.145009264086
5691    5626.708507078248
5692    5627.381611033002
5693    5628.850551467697
5694    5629.315614540677
5695    5629.678710392775
5696    5630.704918953368
5697    5632.6787679508925
5698    5634.636874375584
5699    5634.656444543836
5700    5636.062358586178
5701    5637.966352009721
5702    5639.470664545173
5703    5640.55325452178
5704    5642.466482577389
5705    5643.959460908105
5706    5645.592672165019
5707    5647.191753687773
5708    5648.851112980799
5709    5649.6736205303005
5710    5650.271998568982
5711    5650.3527789742975
5712    5651.137200575249
5713    5652.218206400156
5714    5654.111008049338
5715    5655.647414000287
5716    5656.234754340834
5717    5656.564762938251
5718    5656.854314109364
5719    5658.076076628034
5720    5659.745110602443
5721    5661.669861465573
5722    5662.204193078618
5723    5664.117196442799
5724    5665.17347010604
5725    5667.114995644405
5726    5668.564484115164
5727    5670.331269934087
5728    5670.927425097801
5729    5671.059865775495
5730    5672.418610056273
5731    5673.52631288483
5732    5675.447066602381
5733    5676.330285592334
5734    5676.833492950439
5735    5677.958224307445
5736    5678.868571877884
5737    5680.026619313845
5738    5680.408443124751
5739    5682.279148225449
5740    5682.788974840161
5741    5683.8332666753895
5742    5684.921863059329
5743    5686.029380208443
5744    5687.108322440353
5745    5688.634381075102
5746    5689.940909660118
5747    5690.193572320996
5748    5690.81579677004
5749    5692.266809507029
5750    5692.61521301035
5751    5693.794488911158
5752    5693.982711254141
5753    5694.7269845946275
5754    5694.7849247332015
5755    5695.4259553910715
5756    5695.85781364735
5757    5696.75810159375
5758    5698.019816636742
5759    5699.718236856525
5760    5700.934696398989
5761    5701.5221398017675
5762    5701.6316560877285
5763    5702.159367276707
5764    5703.639838931345
5765    5705.205492959401
5766    5705.739263107634
5767    5707.390705584985
5768    5707.786696883465
5769    5709.296856478914
5770    5710.271571410839
5771    5710.286875904458
5772    5711.919941301631
5773    5713.156777592609
5774    5714.108997100892
5775    5715.401560657732
5776    5716.551766259216
5777    5718.361158963804
5778    5718.662064172145
5779    5718.923448251388
5780    5720.237605902479
5781    5721.024554329346
5782    5721.194661425087
5783    5721.724581121967
5784    5722.309723111765
5785    5723.211751597475
5786    5724.046579423055
5787    5724.450755383984
5788    5725.586887385054
5789    5727.262032557717
5790    5729.2490560874385
5791    5729.891632515289
5792    5731.743991443754
5793    5732.108810130278
5794    5733.939627720633
5795    5734.045246681549
5796    5734.706559617194
5797    5736.36559968778
5798    5738.137190026129
5799    5738.913465081583
5800    5739.3514781342565
5801    5740.2226643064905
5802    5740.660921974999
5803    5742.422011438013
5804    5743.266586275076
5805    5744.758957784261
5806    5745.5889168414615
5807    5746.734796898549
5808    5748.359543264181
5809    5749.623814974042
5810    5749.866282695554
5811    5750.803823484055
5812    5751.65871217498
5813    5752.044343605316
5814    5753.979739303326
5815    5755.865307804374
5816    5757.694871322304
5817    5757.921707396782
5818    5758.528472464437
5819    5760.378240505579
5820    5762.065427633059
5821    5763.111770712585
5822    5763.732760271449
5823    5765.6350052933185
5824    5766.292804997866
5825    5766.438437781582
5826    5767.254494637227
5827    5769.044796086047
5828    5770.293447365096
5829    5771.141585565721
5830    5772.503797262316
5831    5773.857132761876
5832    5774.000830350415
5833    5775.856360741905
5834    5776.837846887361
5835    5777.0950051760265
5836    5779.044952267212
5837    5780.074011965406
5838    5780.447918696854
5839    5781.030311060613
5840    5781.243308991612
5841    5782.249076918045
5842    5783.6404981866635
5843    5784.015868152912
5844    5785.440344262477
5845    5786.535033004751
5846    5787.099010391697
5847    5788.745725452832
5848    5789.801799799063
5849    5791.400322912536
5850    5793.180792102326
5851    5794.784393262021
5852    5795.58316146607
5853    5795.709636585081
5854    5796.068305723451
5855    5797.4192687929335
5856    5797.717797534719
5857    5798.978435254939
5858    5799.9718969165515
5859    5800.232279809571
5860    5802.176993101472
5861    5803.661962091054
5862    5805.383023360285
5863    5806.860263187895
5864    5808.582399423927
5865    5809.0340167363875
5866    5810.3394914214
5867    5811.663457153642
5868    5813.030009407259
5869    5813.749081761459
5870    5814.404211034329
5871    5815.108052593498
5872    5816.156604699091
5873    5817.443721992438
5874    5818.743651252003
5875    5819.215024895424
5876    5820.328078824345
5877    5821.616347303266
5878    5822.268308164004
5879    5822.473733705985
5880    5823.658970057509
5881    5824.226485768313
5882    5824.316070721887
5883    5826.1577941894075
5884    5826.44949886273
5885    5828.218526155628
5886    5830.031945382319
5887    5830.802436561126
5888    5831.950356524214
5889    5833.285137978373
5890    5834.2505857778715
5891    5835.7990492532335
5892    5837.199959886957
5893    5838.684223458342
5894    5839.834244660309
5895    5840.263529466641
5896    5841.74437822028
5897    5842.664945772169
5898    5843.5564243493045
5899    5843.625162974003
5900    5844.0763432783415
5901    5845.886618496248
5902    5847.539129061385
5903    5848.936027185579
5904    5849.590226464151
5905    5850.948368351522
5906    5852.907779946133
5907    5853.225865005244
5908    5854.33599343537
5909    5854.672002220896
5910    5855.1993681725335
5911    5855.37186856593
5912    5855.544213369453
5913    5856.9118075286815
5914    5857.717422779329
5915    5858.87900636839
5916    5859.390526167805
5917    5860.484472740562
5918    5862.018650111693
5919    5862.721021126966
5920    5863.692087647802
5921    5865.304791382627
5922    5867.278953836057
5923    5868.007914716367
5924    5868.235668046485
5925    5868.528220116197
5926    5869.89777476578
5927    5871.410921700117
5928    5871.870977093382
5929    5873.012138175334
5930    5874.919403359143
5931    5876.496350232162
5932    5878.422831254464
5933    5879.939826467136
5934    5881.487685152111
5935    5881.878562491355
5936    5882.273716364915
5937    5882.371854282027
5938    5883.645785786523
5939    5885.042681512054
5940    5886.037456778523
5941    5887.025721433722
5942    5887.642293783587
5943    5888.015058818385
5944    5889.125998822376
5945    5890.21880483486
5946    5890.265095100542
5947    5890.39953567091
5948    5890.980742286417
5949    5891.53789878298
5950    5892.101703284965
5951    5892.792464800649
5952    5894.351886579519
5953    5896.143413661258
5954    5897.991456302225
5955    5898.5226816913555
5956    5898.531383023344
5957    5899.007386947235
5958    5900.327669500719
5959    5900.719339168126
5960    5901.080729348508
5961    5902.279454174686
5962    5903.741758314246
5963    5904.881341313417
5964    5906.774045363067
5965    5906.907107042213
5966    5907.856291512473
5967    5908.108169000536
5968    5908.536719336934
5969    5910.469285260625
5970    5911.713327518778
5971    5912.882549900597
5972    5913.944968856315
5973    5914.984249326254
5974    5915.280566567595
5975    5915.38053226582
5976    5916.92976187073
5977    5918.605088561911
5978    5918.924849025376
5979    5919.0860289006205
5980    5921.003689143955
5981    5921.5105138314275
5982    5922.404517092953
5983    5922.536629764337
5984    5923.239276248224
5985    5925.003406659702
5986    5925.687508384097
5987    5926.562522481774
5988    5928.529839649942
5989    5928.607236868128
5990    5930.2855964201135
5991    5931.376278339935
5992    5932.596128130802
5993    5933.149926954516
5994    5934.323738779515
5995    5935.918079846809
5996    5937.621891181329
5997    5938.096963648434
5998    5938.552748173555
5999    5939.684642778498
6000    5939.741011368775
6001    5941.385577069351
6002    5941.712824295624
6003    5942.675904934034
6004    5943.023028574276
6005    5943.242436397543
6006    5944.6088785359825
6007    5945.420593110672
6008    5947.111380347492
6009    5948.947847453075
6010    5950.312595720437
6011    5950.511447941246
6012    5951.263432410522
6013    5953.220358285993
6014    5953.823691921805
6015    5954.954153209018
6016    5956.890898133199
6017    5958.747104227215
6018    5959.791610640058
6019    5960.020028175624
6020    5960.1662628874265
6021    5961.094659780146
6022    5962.477321436194
6023    5964.038735380449
6024    5965.004048579813
6025    5966.413946784198
6026    5967.910307122548
6027    5968.098131542363
6028    5968.850750169725
6029    5970.222583110993
6030    5971.827645226517
6031    5973.353695310025
6032    5973.644810781798
6033    5974.461007875601
6034    5974.6277982121
6035    5975.9578872887705
6036    5976.859398975413
6037    5977.76046196778
6038    5979.339181932269
6039    5979.810413664604
6040    5980.6742606351
6041    5981.866998167313
6042    5982.689577085237
6043    5984.392189705547
6044    5985.3934108633775
6045    5985.398547814896
6046    5985.827415094633
6047    5986.186882555931
6048    5986.251719329571
6049    5987.301863492508
6050    5989.087255783953
6051    5989.9522613291365
6052    5990.499681263263
6053    5991.28541637414
6054    5992.417649558794
6055    5994.3776626325825
6056    5995.796010490559
6057    5996.802846905925
6058    5998.733688575958
6059    5999.439941124515
6060    6001.237272615956
6061    6003.223057427061
6062    6004.207014319644
6063    6005.616372754955
6064    6007.201115734877
6065    6009.012771534845
6066    6010.263718325219
6067    6010.820481162416
6068    6012.253722264203
6069    6012.9519492897625
6070    6013.866797251265
6071    6014.094422379007
6072    6015.953333406458
6073    6016.660678229881
6074    6017.928229881472
6075    6019.130902842353
6076    6020.8619396933655
6077    6022.260577185863
6078    6023.880641176656
6079    6024.256739070463
6080    6024.927034776784
6081    6026.366931676786
6082    6027.663526985641
6083    6029.1122733175
6084    6030.013876042372
6085    6031.350867239612
6086    6032.650065729549
6087    6033.846700474064
6088    6035.64190389469
6089    6036.926915166331
6090    6038.765099600132
6091    6038.92066383041
6092    6039.89110564416
6093    6040.77665588718
6094    6041.723730801913
6095    6043.190794193352
6096    6043.548042117954
6097    6045.181579027479
6098    6045.976777849729
6099    6047.953914931152
6100    6049.814360115057
6101    6050.976742053435
6102    6051.183760677479
6103    6052.016697592536
6104    6053.702344438347
6105    6054.454336678393
6106    6056.012317734008
6107    6057.100252918681
6108    6057.958154894118
6109    6059.058180536107
6110    6059.188062392648
6111    6060.575470011012
6112    6061.108948253223
6113    6062.816193270325
6114    6064.61069827489
6115    6066.48820793532
6116    6066.645875896198
6117    6067.137842016059
6118    6067.282524891546
6119    6068.976937920486
6120    6068.991563803002
6121    6069.168578772112
6122    6070.021435730603
6123    6070.733753581557
6124    6071.002248833744
6125    6072.156264786196
6126    6073.30904509599
6127    6074.865000205861
6128    6076.466377669114
6129    6077.841015036814
6130    6078.495140015223
6131    6079.160268845289
6132    6080.797567173137
6133    6080.93300290744
6134    6082.823618848783
6135    6083.717128869505
6136    6084.169723924978
6137    6084.328866517734
6138    6085.525996733866
6139    6085.792577572646
6140    6085.928402100188
6141    6086.043163221452
6142    6087.09954370308
6143    6087.249818441043
6144    6087.384442661579
6145    6088.875272227272
6146    6088.913435588853
6147    6090.167958957701
6148    6090.799451910687
6149    6092.293556428083
6150    6092.484293209588
6151    6093.321260397017
6152    6094.5424486818765
6153    6094.772856455641
6154    6095.67477003182
6155    6096.160285641383
6156    6097.889991826843
6157    6099.437908585361
6158    6100.566335469067
6159    6101.668478884482
6160    6102.048008421358
6161    6103.883946113467
6162    6105.151124480754
6163    6107.104796855921
6164    6107.275941615132
6165    6108.924605938051
6166    6109.279267721262
6167    6109.745343120558
6168    6110.768849925364
6169    6112.554646662571
6170    6113.07440500126
6171    6113.217615310337
6172    6115.211245553173
6173    6115.890689180875
6174    6117.426135698388
6175    6118.999736042839
6176    6119.919612486538
6177    6121.489775994713
6178    6123.08661179912
6179    6124.256685547974
6180    6124.684217787235
6181    6125.431663183867
6182    6127.029934100654
6183    6127.715954281605
6184    6129.375038697424
6185    6130.041274334312
6186    6131.795486301785
6187    6132.628715733468
6188    6133.937443823606
6189    6135.589326403796
6190    6137.284485150804
6191    6139.098089855657
6192    6140.0453742744
6193    6141.49044289523
6194    6142.08822238352
6195    6142.6898892449535
6196    6142.935288362342
6197    6144.728930591915
6198    6145.739216374956
6199    6146.397500697558
6200    6148.1863357495695
6201    6148.474487075115
6202    6150.002730370841
6203    6150.169379539971
6204    6151.637102279874
6205    6152.0019011228305
6206    6152.758409976894
6207    6153.653957409169
6208    6155.556467420095
6209    6157.060737875066
6210    6158.4575535155855
6211    6159.260756142287
6212    6160.116201043923
6213    6161.522058421073
6214    6163.502897541009
6215    6163.844066111282
6216    6163.964456359238
6217    6164.051738250827
6218    6164.65178360652
6219    6165.620966411639
6220    6167.394898744175
6221    6167.632798066004
6222    6168.015168279312
6223    6169.23381477294
6224    6171.162872795375
6225    6172.381727178099
6226    6173.124955202179
6227    6174.433551329879
6228    6175.143605120119
6229    6175.824131470664
6230    6176.197707870146
6231    6178.118163097994
6232    6178.234431526766
6233    6179.2266865434085
6234    6180.656376445134
6235    6180.825356221133
6236    6181.634563356198
6237    6182.646608851222
6238    6184.144285437516
6239    6185.172056768683
6240    6185.648312993831
6241    6185.902523470109
6242    6187.203278312633
6243    6189.190673441522
6244    6189.710644559197
6245    6191.077793286721
6246    6191.654621253574
6247    6193.519331416153
6248    6194.896439822154
6249    6196.634810737937
6250    6197.8271074025315
6251    6199.665842817882
6252    6201.161466008223
6253    6202.695576446046
6254    6204.415763143142
6255    6205.784522636449
6256    6206.535317429186
6257    6208.45458745445
6258    6210.052531228481
6259    6210.449319137537
6260    6211.923643412473
6261    6212.551964411619
6262    6213.909670945294
6263    6214.598349605313
6264    6216.471756478553
6265    6217.816369591665
6266    6218.157939355832
6267    6220.078845762057
6268    6221.489566270791
6269    6221.68435501921
6270    6222.41524342291
6271    6222.8911313135095
6272    6223.310096221079
6273    6225.060391025211
6274    6225.502464606928
6275    6226.607010973625
6276    6228.113196937414
6277    6229.009769249272
6278    6229.530886171769
6279    6229.737578105782
6280    6230.849444645552
6281    6232.564178129591
6282    6233.342187485265
6283    6234.765993814013
6284    6234.810178596255
6285    6235.076964682397
6286    6237.033042989185
6287    6237.636851445816
6288    6238.883860811539
6289    6240.360593730662
6290    6240.497916147556
6291    6241.053761563608
6292    6241.952707028135
6293    6243.809590987133
6294    6245.279455345429
6295    6246.380096946672
6296    6246.908812388966
6297    6247.461928056459
6298    6247.732562067817
6299    6248.4796741985765
6300    6248.614817170143
6301    6249.897960072319
6302    6251.07559854578
6303    6253.065609152264
6304    6253.903854368647
6305    6254.131242800057
6306    6255.638882461774
6307    6257.162758182856
6308    6257.749473651057
6309    6258.782294373256
6310    6260.5085011515675
6311    6261.506697758456
6312    6263.464698909656
6313    6264.1289911743315
6314    6265.717909789804
6315    6267.65186338974
6316    6268.887602219621
6317    6270.699913935744
6318    6271.008049309939
6319    6271.338029474948
6320    6272.327330260169
6321    6274.105930951078
6322    6274.45490938266
6323    6274.523221385762
6324    6275.125578878114
6325    6276.677043303474
6326    6276.9167802412285
6327    6277.982517957749
6328    6278.0258555473065
6329    6278.775371049141
6330    6279.599247135322
6331    6279.864353200304
6332    6281.748947201708
6333    6281.977678628241
6334    6282.50054989616
6335    6282.773448104197
6336    6282.948754845407
6337    6283.654916132163
6338    6283.95683835482
6339    6285.480770114181
6340    6285.539357370832
6341    6287.069727573051
6342    6288.5300026265
6343    6288.964238225999
6344    6289.756198014827
6345    6291.273749964673
6346    6291.625417323583
6347    6292.38662395634
6348    6294.136070962554
6349    6294.364040651695
6350    6294.899579507825
6351    6295.614247608576
6352    6295.786627700964
6353    6296.222824647032
6354    6297.898724346873
6355    6299.745346146942
6356    6301.048409021143
6357    6302.288012781067
6358    6303.810359241628
6359    6304.164349261878
6360    6305.473689736512
6361    6305.79488508107
6362    6306.682819043933
6363    6307.496829072286
6364    6308.728025930933
6365    6310.601281385918
6366    6311.078451415219
6367    6311.403302879921
6368    6312.262085377541
6369    6312.579071179326
6370    6312.722869180741
6371    6313.9291336945025
6372    6315.106590934681
6373    6315.347324394764
6374    6317.0535308418475
6375    6317.155210864787
6376    6319.14637963248
6377    6319.734749990039
6378    6321.225144952458
6379    6321.601795695331
6380    6323.272739335428
6381    6323.955711704655
6382    6324.696969142138
6383    6325.246566587248
6384    6327.0877472328075
6385    6328.956973646385
6386    6330.119458509636
6387    6330.320646594088
6388    6330.4437584598845
6389    6332.061705976296
6390    6332.426695424039
6391    6332.8498772993025
6392    6334.606909895588
6393    6336.567777179475
6394    6338.162377080694
6395    6338.349910434884
6396    6340.245756845556
6397    6341.469594306828
6398    6341.7428210502085
6399    6342.561504544155
6400    6342.880519012945
6401    6343.569098603122
6402    6343.650962153688
6403    6345.305402143154
6404    6345.798157921301
6405    6346.24376066886
6406    6346.27754628498
6407    6346.748204663102
6408    6347.600036446799
6409    6349.316792937132
6410    6351.158090592209
6411    6353.082576979186
6412    6353.570600380105
6413    6353.85148730784
6414    6354.114046767776
6415    6355.5583361488225
6416    6356.0814914501525
6417    6357.245220705625
6418    6358.15407753196
6419    6358.848971749938
6420    6359.064595296827
6421    6360.091896968362
6422    6360.742576572243
6423    6360.82483559021
6424    6361.839870205808
6425    6363.482266696408
6426    6364.661362720593
6427    6366.446634868054
6428    6367.538133673336
6429    6367.982463784984
6430    6368.547923408036
6431    6369.600459370994
6432    6371.32973655099
6433    6372.255133445318
6434    6372.32312378993
6435    6373.542484192858
6436    6374.510502983223
6437    6375.5974049504375
6438    6377.440151172231
6439    6378.364259069682
6440    6379.076086275383
6441    6380.149539373568
6442    6382.0607281910725
6443    6383.423900544618
6444    6384.225183782091
6445    6386.02685892732
6446    6387.61898298146
6447    6389.574441531724
6448    6390.155921650139
6449    6390.429027322828
6450    6390.615512349463
6451    6391.275335886604
6452    6391.402681428247
6453    6392.963965983851
6454    6394.933500927372
6455    6396.464838628638
6456    6396.926690492087
6457    6398.574519030487
6458    6399.51186815993
6459    6400.743357709711
6460    6402.20961654596
6461    6402.600761301555
6462    6403.436546938131
6463    6403.986362875611
6464    6404.934325413072
6465    6406.154484575668
6466    6406.501066973293
6467    6407.295079119481
6468    6408.760153705712
6469    6410.189596506251
6470    6411.354670791803
6471    6412.846336744224
6472    6413.908868753203
6473    6414.342106431992
6474    6414.644980428749
6475    6415.547710570232
6476    6416.413454819956
6477    6417.545194881078
6478    6417.754950061467
6479    6418.059541145959
6480    6419.032607702249
6481    6419.94450578968
6482    6421.078130919341
6483    6422.771201065292
6484    6423.599500929014
6485    6424.815385075911
6486    6424.94050859398
6487    6425.7763425039175
6488    6427.619639457483
6489    6428.599097253734
6490    6429.371839490936
6491    6430.285208772007
6492    6431.302328579899
6493    6432.394777788598
6494    6433.299663784581
6495    6434.364145376521
6496    6434.707261298923
6497    6435.729195013766
6498    6435.75343847455
6499    6437.387596807955
6500    6437.677796697154
6501    6438.159547501562
6502    6438.914306489767
6503    6440.30688723609
6504    6441.93277474775
6505    6442.478384383803
6506    6442.967636937465
6507    6443.247669103426
6508    6444.90122156533
6509    6446.161054356876
6510    6446.433446865446
6511    6447.475816201946
6512    6449.394598138839
6513    6449.933161159368
6514    6450.843941607509
6515    6451.594251172013
6516    6452.995090317802
6517    6454.1215612224
6518    6454.660167277454
6519    6456.32560361651
6520    6458.201471653084
6521    6458.472165473438
6522    6460.414122944252
6523    6460.483186363602
6524    6460.552642811827
6525    6461.399056369563
6526    6461.629838162421
6527    6462.76592675121
6528    6464.0141455680505
6529    6465.477312897271
6530    6466.7707295007185
6531    6467.53771337576
6532    6467.7823435902765
6533    6467.839165499838
6534    6468.51527645406
6535    6470.363872410807
6536    6471.172191351091
6537    6472.351131747459
6538    6472.6403599588875
6539    6474.452318675788
6540    6474.712656747481
6541    6474.7318004186245
6542    6475.054760446198
6543    6475.936531499284
6544    6477.221429900263
6545    6478.335469187375
6546    6479.810329023997
6547    6481.119802642805
6548    6481.499316953793
6549    6482.762575765385
6550    6484.721022750771
6551    6485.242070403669
6552    6486.861054782669
6553    6487.093316806344
6554    6488.696884602453
6555    6489.408223277122
6556    6490.47857082949
6557    6490.706187561352
6558    6491.155175616259
6559    6491.425766747937
6560    6492.387269898199
6561    6493.720749800355
6562    6494.0119059947765
6563    6495.62537894569
6564    6496.9299098939755
6565    6498.0447475123365
6566    6499.003757848357
6567    6499.897532100586
6568    6501.775090316486
6569    6503.72402811786
6570    6504.401340409777
6571    6504.791664505489
6572    6505.398169542629
6573    6506.340335586877
6574    6507.60058157751
6575    6508.606178903101
6576    6508.755704788343
6577    6508.7976313903555
6578    6509.807606268926
6579    6510.282702786449
6580    6512.036365895013
6581    6513.005769598013
6582    6513.684041536971
6583    6514.105973800792
6584    6515.14594828134
6585    6516.941934390868
6586    6518.22829137298
6587    6518.937532579802
6588    6519.216268664905
6589    6519.302700837127
6590    6520.288841267088
6591    6520.350147436176
6592    6521.864296354494
6593    6523.760301390933
6594    6525.638189397485
6595    6526.246986862402
6596    6528.205478745034
6597    6529.691414286217
6598    6531.08766147327
6599    6531.301401977361
6600    6532.60151082444
6601    6532.943204142609
6602    6533.38315550306
6603    6534.059128365992
6604    6535.1110860133585
6605    6535.953434824076
6606    6537.662391138267
6607    6539.142308814029
6608    6540.556106455763
6609    6541.998372461867
6610    6542.323426869401
6611    6543.3454433660645
6612    6543.398596576289
6613    6543.856982689538
6614    6545.392715112409
6615    6546.22465832089
6616    6547.844683004329
6617    6549.276198503036
6618    6550.340578608384
6619    6550.708908807968
6620    6551.5357459867155
6621    6552.411514029299
6622    6553.055539805284
6623    6553.979057587686
6624    6554.075380175739
6625    6555.309050961012
6626    6555.473641977705
6627    6556.87336344773
6628    6558.201046166295
6629    6558.810650260001
6630    6559.979175365554
6631    6560.4010605115745
6632    6561.411202329657
6633    6561.956084898697
6634    6562.477396458123
6635    6564.327338321722
6636    6564.652995126929
6637    6564.95431791181
6638    6566.843906169872
6639    6567.176863847587
6640    6567.802808050189
6641    6569.340486274582
6642    6570.49081576579
6643    6570.508247967109
6644    6570.5329323743645
6645    6571.296518815236
6646    6571.7112330677555
6647    6573.0254088072725
6648    6574.551806425599
6649    6574.755700779657
6650    6575.349676479049
6651    6575.483035040622
6652    6576.612821088706
6653    6577.785584315817
6654    6579.01661707413
6655    6580.424499797609
6656    6580.639044586798
6657    6581.828487196755
6658    6583.681916315793
6659    6584.9647153630995
6660    6585.950275635983
6661    6587.185560794952
6662    6588.498515688801
6663    6590.203131413594
6664    6590.789717628983
6665    6591.005838949519
6666    6592.4507692423
6667    6594.331798601898
6668    6596.290003197334
6669    6597.2544957803175
6670    6597.988452246357
6671    6599.705006136438
6672    6600.125765161528
6673    6600.459295809599
6674    6600.4799609894535
6675    6600.92063910977
6676    6601.365478085637
6677    6602.529989509643
6678    6602.660259906132
6679    6603.527701902994
6680    6604.329560987319
6681    6604.4685835797545
6682    6605.6341015580565
6683    6607.367342456886
6684    6608.400336031006
6685    6610.265641758004
6686    6612.035505245624
6687    6613.8982886974245
6688    6614.894949044875
6689    6615.734142441639
6690    6616.961508998069
6691    6617.105486342997
6692    6618.149647278652
6693    6619.757679782966
6694    6620.022132374708
6695    6621.018194649928
6696    6621.128955890185
6697    6621.35910680684
6698    6621.747875312996
6699    6622.157557958972
6700    6623.902410724055
6701    6625.020588881641
6702    6625.417512714913
6703    6626.340885193425
6704    6626.802789800546
6705    6626.957758340159
6706    6628.590794828139
6707    6629.607219467651
6708    6631.5363776429795
6709    6631.946016119435
6710    6632.634439700238
6711    6633.207291306177
6712    6635.001436157038
6713    6635.086280960235
6714    6635.920790187672
6715    6636.036607775545
6716    6636.253055332363
6717    6638.1081976698615
6718    6639.367374847988
6719    6640.48274081791
6720    6642.307824482183
6721    6643.329265417625
6722    6644.091276392273
6723    6645.999006056428
6724    6647.514636060644
6725    6649.402417235248
6726    6649.8241467210155
6727    6651.036733654301
6728    6651.411047649787
6729    6651.972881429979
6730    6652.500548948706
6731    6654.106763898427
6732    6655.835103567145
6733    6656.878243243977
6734    6658.82960696224
6735    6660.414701760241
6736    6661.130650422146
6737    6662.236393504373
6738    6663.314040656415
6739    6664.287814812215
6740    6665.944188201068
6741    6666.872007806556
6742    6666.88863791157
6743    6668.2339633445745
6744    6670.114628597423
6745    6670.234573586969
6746    6670.684796644322
6747    6672.22144396612
6748    6673.695774083588
6749    6674.124851946522
6750    6675.181526544675
6751    6675.817702542717
6752    6676.294511089703
6753    6677.580522409688
6754    6677.883751159927
6755    6678.6478857438315
6756    6679.366474584155
6757    6679.596879358301
6758    6680.545218005748
6759    6682.503603360561
6760    6684.389457778262
6761    6684.650242552599
6762    6684.73684666707
6763    6685.563561417471
6764    6687.417160413775
6765    6689.205075213171
6766    6689.620854672337
6767    6689.84267487306
6768    6691.671347228898
6769    6693.521188690207
6770    6694.175972704681
6771    6695.280169133122
6772    6695.978865452521
6773    6696.243064741871
6774    6698.114648476551
6775    6699.753997808014
6776    6701.419259815041
6777    6701.759149612816
6778    6702.2425115326605
6779    6703.706754728086
6780    6704.202951319043
6781    6704.806217999124
6782    6704.925183364124
6783    6705.919408876454
6784    6707.671402540513
6785    6709.642835544449
6786    6710.708036065235
6787    6712.525978446786
6788    6713.841953001405
6789    6715.39296964485
6790    6716.954141147123
6791    6717.6767940767295
6792    6718.213710901636
6793    6719.362604290296
6794    6721.186939599568
6795    6722.766655503781
6796    6723.250565136451
6797    6724.128936220086
6798    6725.7977127728645
6799    6727.511491626571
6800    6728.987984150391
6801    6730.135264467389
6802    6731.1787747499975
6803    6731.984361728759
6804    6733.171098354514
6805    6733.683455575373
6806    6735.254075594988
6807    6736.077222226348
6808    6736.634855236515
6809    6737.975750887069
6810    6739.697230993402
6811    6741.395604439022
6812    6742.431290981085
6813    6744.14908910981
6814    6745.998004338087
6815    6746.777821725844
6816    6747.972607868919
6817    6749.5166827356925
6818    6751.4348283902955
6819    6751.890022398592
6820    6753.565208289486
6821    6754.252153504862
6822    6755.293195502228
6823    6755.987931436125
6824    6756.24486512464
6825    6758.232265981808
6826    6760.013290813613
6827    6760.099309570578
6828    6760.573305424792
6829    6761.560073245688
6830    6763.187098979773
6831    6763.861640239683
6832    6764.756605551268
6833    6765.7807822150635
6834    6767.232049447164
6835    6767.299202151119
6836    6768.853904756977
6837    6769.581620576692
6838    6770.020878165109
6839    6771.831354351699
6840    6773.119977387289
6841    6774.5426956783485
6842    6775.53351315183
6843    6777.457269403819
6844    6777.947423873086
6845    6778.359965028367
6846    6779.691599398487
6847    6781.169485835341
6848    6781.876973298452
6849    6782.158986281387
6850    6782.624809937271
6851    6783.564073289535
6852    6785.097263627423
6853    6785.627802896152
6854    6786.040636309344
6855    6787.180076179413
6856    6787.540641816356
6857    6788.311940119081
6858    6788.769584011448
6859    6789.601065478465
6860    6791.136895093681
6861    6792.311999671025
6862    6792.658158722477
6863    6792.874399220166
6864    6793.890075243526
6865    6793.955235673289
6866    6795.338659857883
6867    6795.665538854828
6868    6796.2493237917415
6869    6796.637759456856
6870    6797.471578276997
6871    6799.278286427026
6872    6799.857719321802
6873    6801.464370085084
6874    6803.237490603945
6875    6804.546886340295
6876    6804.972528554371
6877    6806.833278034217
6878    6808.1195647028635
6879    6809.005487215921
6880    6809.978790628853
6881    6811.142596304095
6882    6812.773968529326
6883    6812.7767350691165
6884    6813.479449203922
6885    6814.631678484805
6886    6815.820692812973
6887    6816.854992643274
6888    6818.1326423377595
6889    6819.449199696196
6890    6821.139483516581
6891    6821.795893296467
6892    6823.264259389384
6893    6823.668133315424
6894    6823.737322914507
6895    6824.508333147528
6896    6825.4198521647395
6897    6826.561656773186
6898    6827.219212860421
6899    6828.0894987169895
6900    6829.975321230737
6901    6830.6638037161165
6902    6831.226863346508
6903    6833.107101313688
6904    6833.716889743551
6905    6833.80584760176
6906    6833.936912556083
6907    6834.634051409372
6908    6836.072779543859
6909    6836.300608063028
6910    6838.049370901932
6911    6838.4250441573595
6912    6839.370644183065
6913    6840.108432197886
6914    6841.343449793782
6915    6842.139241115637
6916    6842.273387891524
6917    6843.273444759231
6918    6843.854788958727
6919    6845.184690234916
6920    6846.518580906661
6921    6847.733457400287
6922    6849.538827332315
6923    6850.368089917477
6924    6850.587592265253
6925    6850.821546152163
6926    6850.934683360639
6927    6851.175584771151
6928    6851.44078112273
6929    6851.488730088759
6930    6852.80975693953
6931    6854.2100826653505
6932    6854.249557481328
6933    6855.012223316021
6934    6856.748746647111
6935    6857.534818043192
6936    6859.022078897163
6937    6860.1277590161335
6938    6861.946806069426
6939    6862.659023124955
6940    6863.076229986827
6941    6863.444118696661
6942    6864.961684616999
6943    6866.150930918371
6944    6866.98265673114
6945    6868.197747069993
6946    6869.993416598224
6947    6870.125762648898
6948    6871.167542485686
6949    6873.047616735643
6950    6873.946827439845
6951    6874.089160365894
6952    6874.182959056932
6953    6876.094237915636
6954    6877.525135920897
6955    6877.96982541164
6956    6879.197307474886
6957    6879.704420827297
6958    6881.2125217158655
6959    6882.9337512748525
6960    6884.010284163011
6961    6885.641602955022
6962    6885.85630724609
6963    6887.40464875626
6964    6887.789723758277
6965    6889.13164252771
6966    6890.094232087851
6967    6890.656768140917
6968    6891.49049919992
6969    6893.3236409535875
6970    6893.758033976165
6971    6894.38332355923
6972    6894.689025171713
6973    6894.782607052044
6974    6895.264617228871
6975    6895.403333499003
6976    6897.1203550770115
6977    6898.244398569293
6978    6899.875892904402
6979    6900.575932861952
6980    6902.5561174502345
6981    6903.869217017716
6982    6905.0433515157065
6983    6905.374968346863
6984    6906.069967685403
6985    6906.754130075176
6986    6908.5078689792335
6987    6909.577696292206
6988    6911.54523196114
6989    6912.922805403026
6990    6913.270177740645
6991    6915.17498018008
6992    6915.5872723872835
6993    6917.2246480489575
6994    6917.619552810338
6995    6918.632598611233
6996    6920.394344493035
6997    6921.635399664981
6998    6922.106299591829
6999    6923.0990755270495
7000    6923.365947253059
7001    6925.045251116628
7002    6926.626835564854
7003    6926.6376638657375
7004    6927.645448107181
7005    6928.962099681394
7006    6930.929207582571
7007    6932.1944177816795
7008    6934.117889481893
7009    6935.504097106342
7010    6936.947806905717
7011    6937.118773884777
7012    6938.8030449878315
7013    6939.860625003629
7014    6941.256890309358
7015    6942.257312957542
7016    6943.421821126313
7017    6944.044150141233
7018    6944.286914053953
7019    6945.821014932816
7020    6947.00990313734
7021    6948.662071347789
7022    6949.3138282267855
7023    6950.660326216143
7024    6950.966035853972
7025    6952.543080352438
7026    6952.715517334277
7027    6952.7909242916585
7028    6952.92212885641
7029    6954.510543123538
7030    6955.274384330191
7031    6956.166473993981
7032    6956.329725291066
7033    6958.108875502899
7034    6959.903407273872
7035    6961.196133364093
7036    6961.21045221218
7037    6962.581537617645
7038    6963.975161451598
7039    6964.841119757294
7040    6965.929819728507
7041    6966.822767932317
7042    6967.402357114923
7043    6968.631843848449
7044    6969.845448733757
7045    6970.276030034348
7046    6971.310539801879
7047    6971.801282375108
7048    6971.976103242967
7049    6973.8600633537835
7050    6974.301090413064
7051    6975.876274485203
7052    6976.150877725536
7053    6976.66046066602
7054    6976.705091714026
7055    6978.248527264098
7056    6980.218757264878
7057    6980.3155840206255
7058    6980.328204737928
7059    6980.918863892621
7060    6981.715258014828
7061    6982.633125125315
7062    6984.409871479611
7063    6985.289656982413
7064    6986.314080057264
7065    6988.155947498052
7066    6988.582692373149
7067    6988.903139596556
7068    6990.894588006639
7069    6990.950497568498
7070    6991.367024445686
7071    6991.7316865676075
7072    6991.945078998993
7073    6992.193569798914
7074    6994.1230121403805
7075    6996.051369352474
7076    6996.764154164058
7077    6998.652822368782
7078    6999.31442199528
7079    7001.146854249181
7080    7002.716200706045
7081    7002.91741475213
7082    7004.873001126294
7083    7004.971728089274
7084    7005.034170313353
7085    7006.113701326682
7086    7007.255198033223
7087    7007.306791108635
7088    7007.582702142952
7089    7008.207486200836
7090    7009.577355771707
7091    7011.262709957754
7092    7011.324394106041
7093    7012.175067556112
7094    7012.637312951912
7095    7014.028442693317
7096    7015.515533463037
7097    7017.0013116063255
7098    7017.4721369786
7099    7018.720535740882
7100    7019.020204848096
7101    7020.451601485516
7102    7020.843601527785
7103    7022.038536710721
7104    7023.647981441896
7105    7025.0599318572295
7106    7026.3734138871
7107    7027.153515137366
7108    7027.895913181738
7109    7028.75866534946
7110    7029.876702608969
7111    7030.193393974151
7112    7030.582132228498
7113    7031.000213344658
7114    7032.0216508371195
7115    7032.19631194608
7116    7033.21159076927
7117    7034.492379325887
7118    7036.295520643417
7119    7036.9165902036575
7120    7038.699802027109
7121    7038.916644977991
7122    7040.00157744403
7123    7041.236698113892
7124    7041.781801081932
7125    7043.41247744242
7126    7044.070592177924
7127    7045.180290084901
7128    7045.999190985657
7129    7047.11550273681
7130    7048.917066729697
7131    7050.401847313002
7132    7051.012615930095
7133    7052.981651197053
7134    7054.461463500332
7135    7055.2618752092785
7136    7055.808221544585
7137    7057.313781187534
7138    7057.313879267249
7139    7057.892812792609
7140    7059.832245054276
7141    7059.875205712157
7142    7061.763234930446
7143    7063.259298816423
7144    7064.026526804747
7145    7065.793862078954
7146    7066.228776486599
7147    7066.685563462851
7148    7066.986890050048
7149    7068.30589050956
7150    7068.747813789664
7151    7070.585670775133
7152    7072.258430422767
7153    7073.922941859313
7154    7073.962778723768
7155    7075.339204524562
7156    7075.947304446643
7157    7076.634556700092
7158    7078.265385069568
7159    7078.702592985223
7160    7080.095832834594
7161    7081.61604508807
7162    7082.920389087213
7163    7084.449826970012
7164    7085.296289619061
7165    7086.127643362823
7166    7088.116036709498
7167    7088.644738579311
7168    7089.88340616282
7169    7090.247628703344
7170    7090.828005821937
7171    7091.1110195484935
7172    7092.250907338593
7173    7093.64645641645
7174    7094.508992061013
7175    7094.631468562303
7176    7095.714280748409
7177    7096.935144887383
7178    7097.358171851698
7179    7097.960280439569
7180    7099.692849048079
7181    7101.524185538324
7182    7103.463145095192
7183    7103.725757446218
7184    7103.954771751821
7185    7105.628434572591
7186    7105.920017944029
7187    7107.350894138718
7188    7108.384859043979
7189    7109.201138711772
7190    7109.6255204930985
7191    7110.993258028525
7192    7111.870274331506
7193    7112.171213550012
7194    7112.4731774793845
7195    7113.183317317795
7196    7114.252153867283
7197    7115.602682158408
7198    7117.012379560471
7199    7118.600279694313
7200    7118.934465707631
7201    7118.9449259570765
7202    7119.617540068954
7203    7120.904355292875
7204    7121.143280646503
7205    7122.991202783512
7206    7124.672932522006
7207    7126.565659944792
7208    7128.4039011813675
7209    7129.319203554863
7210    7130.703870246619
7211    7132.687564958961
7212    7133.615366890574
7213    7134.581392338754
7214    7135.785039724814
7215    7137.696494712343
7216    7138.824491202604
7217    7139.428003634352
7218    7141.374165240192
7219    7142.751753289112
7220    7143.889814279177
7221    7144.923720256676
7222    7146.8402485218
7223    7147.529704883219
7224    7148.656933136625
7225    7149.174746665868
7226    7149.793291414113
7227    7150.629173149107
7228    7151.962364730149
7229    7152.382750784213
7230    7154.289591898683
7231    7154.44538527557
7232    7155.406122338162
7233    7155.597778081412
7234    7157.247008440303
7235    7157.455695290397
7236    7159.358883177008
7237    7161.264991783025
7238    7162.408379012098
7239    7162.765268476282
7240    7163.7143722368055
7241    7164.460074579937
7242    7165.603095506679
7243    7165.773849089105
7244    7167.148554120558
7245    7167.152531018002
7246    7168.074123785048
7247    7169.076028653941
7248    7169.413713265256
7249    7169.839910087455
7250    7171.290172793727
7251    7172.91185385934
7252    7173.532300184258
7253    7173.672028600483
7254    7175.188293295777
7255    7175.6351315296115
7256    7176.980884112989
7257    7177.326479421179
7258    7178.441473589787
7259    7180.139041311356
7260    7181.358363194299
7261    7182.594634347949
7262    7182.7828307185855
7263    7184.016453222904
7264    7185.177060147854
7265    7185.231854861322
7266    7185.313606494532
7267    7185.597512573757
7268    7187.59633636724
7269    7189.285125538157
7270    7191.22699354848
7271    7191.844278356863
7272    7192.420288911143
7273    7193.7481040764005
7274    7195.62147517868
7275    7196.622308657622
7276    7198.05098396502
7277    7199.157871198906
7278    7200.161413369126
7279    7200.873001455775
7280    7201.523380703646
7281    7201.827355805088
7282    7202.879327595552
7283    7203.523911914087
7284    7204.322106153482
7285    7205.57184234508
7286    7206.225995057616
7287    7207.407806235262
7288    7207.965749770862
7289    7209.228773686734
7290    7209.6597121670675
7291    7210.054485630037
7292    7212.052824488299
7293    7214.008570446572
7294    7214.314277564441
7295    7214.632346760048
7296    7216.119407494845
7297    7216.652324068976
7298    7218.2729042187675
7299    7220.2568469373955
7300    7221.428295427335
7301    7222.990504217913
7302    7223.670569128208
7303    7224.158988691975
7304    7225.1074215034905
7305    7225.367304809421
7306    7227.297778204858
7307    7228.207763006587
7308    7228.721897761041
7309    7229.3200328394705
7310    7230.17674035581
7311    7230.624942639587
7312    7232.340204944528
7313    7232.364462258955
7314    7233.7199013216505
7315    7235.711881865415
7316    7237.084312593483
7317    7237.593602195434
7318    7238.154502024259
7319    7239.7917834449445
7320    7241.645955535631
7321    7243.550251467939
7322    7244.433607870988
7323    7245.194310793822
7324    7245.498956658184
7325    7247.261043225512
7326    7247.665491540838
7327    7248.313372994834
7328    7249.738945999199
7329    7251.239655984444
7330    7252.615877826046
7331    7253.8711976380355
7332    7254.670425279206
7333    7254.688116683356
7334    7255.010644929668
7335    7256.651137806872
7336    7258.01609377188
7337    7258.905656940563
7338    7260.840910439767
7339    7261.8460228404465
7340    7263.603030437254
7341    7264.280154944404
7342    7265.703719391557
7343    7267.498157362235
7344    7268.3009210761675
7345    7269.979070548753
7346    7270.284388091825
7347    7271.617661398901
7348    7272.754618839833
7349    7273.190786995413
7350    7275.000924563388
7351    7275.213994222527
7352    7277.089745356222
7353    7277.46282318866
7354    7278.498698018934
7355    7278.755463246287
7356    7279.342313428736
7357    7279.957000542971
7358    7279.987170083075
7359    7281.697065081415
7360    7283.207181321985
7361    7284.026060505543
7362    7284.314696013319
7363    7285.25455853225
7364    7286.697425073856
7365    7286.974886379589
7366    7288.237851789292
7367    7288.770100282383
7368    7288.891210295445
7369    7289.316449815139
7370    7289.78127977618
7371    7289.970055391864
7372    7290.324876442574
7373    7291.5285460721225
7374    7291.6407944093025
7375    7291.711115700901
7376    7291.7257172931495
7377    7292.688542403174
7378    7292.988062368746
7379    7294.9777877791985
7380    7296.1020521057135
7381    7296.447427271647
7382    7296.748592187647
7383    7298.4878475908
7384    7300.439070238557
7385    7301.810262153119
7386    7303.215249342745
7387    7304.221546956034
7388    7306.016673163491
7389    7307.699093728426
7390    7308.305848571846
7391    7309.184996862838
7392    7311.064677018301
7393    7312.852281977697
7394    7313.403038628622
7395    7313.650637150345
7396    7314.544808783908
7397    7315.043521482935
7398    7316.939180698869
7399    7318.54300953532
7400    7319.514822667213
7401    7319.943732028631
7402    7321.138033715363
7403    7322.95647012028
7404    7323.91044616309
7405    7325.39977616367
7406    7326.705425555666
7407    7328.570534445847
7408    7328.772403861347
7409    7329.9179417221285
7410    7331.431463353302
7411    7332.310134156388
7412    7333.781734363268
7413    7335.172881973281
7414    7335.78904437433
7415    7337.635109686452
7416    7337.902842032928
7417    7339.290298429483
7418    7341.159776575031
7419    7342.107995635419
7420    7344.08634279134
7421    7344.234285717178
7422    7345.429882640124
7423    7345.499690712637
7424    7347.088011685144
7425    7348.059745520562
7426    7348.417276955104
7427    7349.482539201186
7428    7350.349779436688
7429    7352.164146751874
7430    7353.957100655184
7431    7355.02113241559
7432    7356.7638311732735
7433    7357.882083266294
7434    7359.342825428493
7435    7361.1249293651
7436    7361.159960893993
7437    7363.111415567831
7438    7364.878275782316
7439    7366.430863110298
7440    7367.49603336109
7441    7368.368270891072
7442    7368.809581455581
7443    7369.130761648306
7444    7370.298668265163
7445    7371.258575406712
7446    7371.299981583185
7447    7371.871050191085
7448    7373.702010220416
7449    7374.382913210424
7450    7376.373888564819
7451    7377.4033267737805
7452    7378.15261251657
7453    7378.773069427321
7454    7380.029445420474
7455    7380.307792287338
7456    7381.736853945139
7457    7382.09163307814
7458    7383.1599233162115
7459    7384.334919202517
7460    7384.683698802695
7461    7385.027301323537
7462    7386.551713767225
7463    7387.5057093401165
7464    7387.908796233218
7465    7388.425880989023
7466    7389.595543661342
7467    7391.375752650091
7468    7392.64919352866
7469    7393.412783988243
7470    7393.6652467192
7471    7394.140215956102
7472    7394.907098704422
7473    7395.0351529127265
7474    7395.092327341003
7475    7395.117768158274
7476    7395.873527300469
7477    7397.059082650968
7478    7398.529433657584
7479    7399.458881412536
7480    7400.693376239729
7481    7401.276728355244
7482    7402.195083068275
7483    7403.01287975614
7484    7404.3993156030965
7485    7405.994827001304
7486    7406.738349532173
7487    7408.421265463104
7488    7409.962931664316
7489    7410.005818349978
7490    7411.178842640872
7491    7411.30094361823
7492    7411.310817499362
7493    7412.456286092036
7494    7414.218450934663
7495    7415.3174729996945
7496    7416.806862004978
7497    7418.651043664919
7498    7419.16689790815
7499    7420.075060521184
7500    7420.959155047835
7501    7421.689204731422
7502    7422.9177535596455
7503    7423.1779174650155
7504    7424.509465145157
7505    7425.783016640711
7506    7427.2160867894145
7507    7428.680286581622
7508    7430.397354590879
7509    7430.658820285348
7510    7431.702002922383
7511    7432.268016441691
7512    7433.050387085599
7513    7433.7803174825185
7514    7434.509163765042
7515    7436.175957278985
7516    7438.006711805787
7517    7438.8028724513115
7518    7440.033549472687
7519    7441.150217433178
7520    7441.414298287271
7521    7443.025205279831
7522    7443.105858587702
7523    7444.9083691798205
7524    7446.832207559799
7525    7448.294115132596
7526    7448.742833055211
7527    7449.224612762967
7528    7449.533989847885
7529    7451.248651594785
7530    7451.485513727061
7531    7451.849530763813
7532    7453.2457433282625
7533    7453.401346921369
7534    7453.821858470541
7535    7455.267534838657
7536    7455.967038283634
7537    7456.375893317994
7538    7457.171829878335
7539    7459.036123734015
7540    7459.577965185888
7541    7460.5890435857655
7542    7462.099537746073
7543    7463.226809476038
7544    7463.285009183588
7545    7463.385962360603
7546    7465.294128004184
7547    7465.489618324252
7548    7466.402247291982
7549    7467.055403918561
7550    7468.033718074712
7551    7469.074064178282
7552    7469.343126741091
7553    7471.2042610808685
7554    7471.811595235261
7555    7473.7240353320585
7556    7475.552317439005
7557    7477.3266848392395
7558    7478.741563291269
7559    7480.567197259548
7560    7482.224422937403
7561    7484.191777052953
7562    7484.5767491943425
7563    7485.429387882705
7564    7487.2141919584965
7565    7488.190347593925
7566    7488.360468281555
7567    7488.841433418817
7568    7488.968386303056
7569    7490.180531003
7570    7491.009723549657
7571    7492.182029311712
7572    7492.246608601026
7573    7494.008694637518
7574    7494.858586209518
7575    7495.706625729379
7576    7497.548885970938
7577    7497.64449478635
7578    7499.268477384813
7579    7499.979503948604
7580    7501.901524271728
7581    7503.637936111336
7582    7504.560281667984
7583    7505.437035259104
7584    7505.823599890828
7585    7505.895082204442
7586    7506.603530308131
7587    7508.208143294791
7588    7509.74677392325
7589    7510.479414632871
7590    7510.521804432954
7591    7510.681585053315
7592    7512.295032164173
7593    7512.811106670005
7594    7512.950453100811
7595    7513.006556417962
7596    7513.105064192399
7597    7514.134929741798
7598    7515.802464417035
7599    7517.499207908371
7600    7519.311715532972
7601    7520.417314181873
7602    7521.809895800718
7603    7522.244600550586
7604    7522.573238656559
7605    7522.983473614215
7606    7524.1337275573715
7607    7524.672352080673
7608    7524.781435610857
7609    7526.638568894526
7610    7528.335200823778
7611    7530.078622923785
7612    7530.741740606343
7613    7531.744468759399
7614    7532.958007575794
7615    7533.585351582111
7616    7534.194514646928
7617    7535.004784639205
7618    7536.661511465657
7619    7537.1808237197
7620    7538.045923357107
7621    7539.369519369607
7622    7539.841734035936
7623    7540.469905987789
7624    7540.845867827369
7625    7541.38517377594
7626    7542.7558783316745
7627    7544.192986322868
7628    7544.875205344025
7629    7546.233138740436
7630    7548.108735153601
7631    7549.484741604004
7632    7549.897445786053
7633    7551.599669114379
7634    7552.859603583909
7635    7553.656962442589
7636    7554.401101940008
7637    7554.527683505973
7638    7554.58027028557
7639    7556.228665802899
7640    7557.451482702274
7641    7558.164273352933
7642    7559.798430607395
7643    7559.866534619603
7644    7561.582256464616
7645    7561.989880749577
7646    7563.276416063157
7647    7564.611691398534
7648    7566.458411162049
7649    7566.85273542898
7650    7568.436277145571
7651    7569.263343582905
7652    7569.405803913317
7653    7571.2143726889235
7654    7571.492155155537
7655    7572.565751061269
7656    7574.503483355707
7657    7575.429731827647
7658    7576.710509559199
7659    7576.892809140946
7660    7578.870619903685
7661    7579.630284795722
7662    7580.35569170431
7663    7581.244513390743
7664    7582.937618816093
7665    7583.255271815561
7666    7584.372630277347
7667    7585.99426743642
7668    7586.827372985054
7669    7587.01904939509
7670    7587.100168195053
7671    7588.43982425829
7672    7589.646533497072
7673    7590.293251976102
7674    7591.554600385622
7675    7593.34345928385
7676    7593.72797559449
7677    7594.060142388392
7678    7594.783260255066
7679    7596.17238966007
7680    7597.279386914866
7681    7598.422308278642
7682    7598.4907008674045
7683    7598.818703269333
7684    7600.610821147358
7685    7601.6212134024245
7686    7601.680359412563
7687    7602.273107654941
7688    7602.512481455462
7689    7602.658127507008
7690    7602.742687418163
7691    7604.223855342146
7692    7605.4307538375715
7693    7607.217072742898
7694    7609.215782777012
7695    7609.90619618538
7696    7610.5191018178375
7697    7612.452887083547
7698    7613.200986184347
7699    7615.14559677036
7700    7616.956754766013
7701    7617.669703561681
7702    7618.469924680409
7703    7619.512502858245
7704    7621.072523597965
7705    7621.322642235622
7706    7622.873993386424
7707    7623.887209981503
7708    7624.036615791009
7709    7625.866574796117
7710    7626.956525431232
7711    7627.530298799149
7712    7628.085085101867
7713    7628.747899221652
7714    7630.421617910315
7715    7630.436978926683
7716    7631.398045351139
7717    7632.455949728086
7718    7632.489943840125
7719    7634.424922415637
7720    7634.763286457623
7721    7636.611819993601
7722    7637.9762897692335
7723    7639.714559609531
7724    7640.992157609191
7725    7642.686843485622
7726    7643.476944732112
7727    7644.8875501155335
7728    7644.985076488013
7729    7646.726544836679
7730    7647.609705314518
7731    7648.198023581449
7732    7649.019878265141
7733    7650.824390224246
7734    7651.582923971625
7735    7653.396108848331
7736    7654.88968667833
7737    7656.348782549294
7738    7656.817306680024
7739    7656.827563453909
7740    7656.991655922893
7741    7658.974234376137
7742    7660.572877354604
7743    7661.783738479873
7744    7663.231039180214
7745    7664.997718917817
7746    7666.355279552837
7747    7667.855197196013
7748    7668.977516557268
7749    7670.059194670194
7750    7671.376878097577
7751    7673.338655928001
7752    7674.495117295886
7753    7676.045322613596
7754    7676.0590426885165
7755    7676.296745996227
7756    7677.625752754058
7757    7678.308425203838
7758    7678.614024614149
7759    7678.798507025842
7760    7680.178622712463
7761    7680.461863145708
7762    7682.179761225315
7763    7682.52920998997
7764    7683.784073168156
7765    7685.184258642544
7766    7686.6325521635645
7767    7688.475460161845
7768    7689.484761966627
7769    7690.079461301306
7770    7690.505674115779
7771    7691.788606339049
7772    7693.235149504679
7773    7693.680361836637
7774    7695.551469893965
7775    7696.521876497504
7776    7697.3446165433315
7777    7698.982706873599
7778    7699.1755149815945
7779    7700.648863403893
7780    7701.0891884546145
7781    7702.025605438115
7782    7703.477747425833
7783    7705.33909454769
7784    7706.906821515016
7785    7707.886960770345
7786    7709.0493264990355
7787    7710.107617889523
7788    7710.237055621765
7789    7711.7528996409565
7790    7713.341256189186
7791    7713.5669577708895
7792    7714.533945748132
7793    7716.433921138885
7794    7718.287213453066
7795    7719.104454610352
7796    7720.158000275467
7797    7721.324278863894
7798    7722.053793312955
7799    7722.272328673535
7800    7723.504446594053
7801    7724.247841869838
7802    7726.24084194601
7803    7727.812945757145
7804    7728.08649378549
7805    7729.159938845619
7806    7731.0828490644
7807    7731.704784481378
7808    7732.532523697403
7809    7734.219229940558
7810    7735.020352899907
7811    7735.3323244633975
7812    7735.351705705074
7813    7737.252025787927
7814    7737.666100420586
7815    7737.688790944822
7816    7739.228071951597
7817    7739.295085989617
7818    7740.285639416416
7819    7741.967191912929
7820    7743.5962739255765
7821    7744.237999032152
7822    7745.6840250918185
7823    7747.643358351189
7824    7748.237749356596
7825    7748.563126606216
7826    7749.686688914289
7827    7750.758603197171
7828    7752.063130795127
7829    7752.480675714923
7830    7752.7138344474415
7831    7753.307120953867
7832    7754.077382968869
7833    7755.258783986373
7834    7755.571032796313
7835    7755.656614229273
7836    7756.556311011787
7837    7756.899018455443
7838    7757.14337301504
7839    7757.4639767306135
7840    7759.191520129589
7841    7760.584620469873
7842    7761.76945367069
7843    7762.328608962619
7844    7763.339481163843
7845    7764.0247446300855
7846    7765.874367220923
7847    7766.684470697352
7848    7768.631802513259
7849    7769.302558505815
7850    7769.926942981935
7851    7771.914562559381
7852    7773.798894748728
7853    7773.876455591428
7854    7775.799430469316
7855    7776.589928725224
7856    7778.532157561816
7857    7778.736880081811
7858    7779.904372775468
7859    7780.578576847225
7860    7781.947375950422
7861    7782.273331125293
7862    7783.369029695831
7863    7784.225434528155
7864    7785.297358786151
7865    7785.934619169256
7866    7787.489691753032
7867    7789.326874253785
7868    7789.329467728999
7869    7790.387964931734
7870    7791.057430844873
7871    7791.089363755248
7872    7791.663733942045
7873    7793.130736836557
7874    7793.426361828659
7875    7793.848879921897
7876    7794.479128698067
7877    7794.839584879627
7878    7796.125666931519
7879    7797.089131461299
7880    7798.283881686965
7881    7799.055503695309
7882    7800.791225476303
7883    7802.536191513459
7884    7803.874544536206
7885    7804.956319613792
7886    7805.229964424591
7887    7805.750016103098
7888    7806.623593651741
7889    7808.060137029349
7890    7808.285293933139
7891    7809.181749724069
7892    7809.887106312284
7893    7811.866827999659
7894    7813.799789879354
7895    7814.597196524371
7896    7815.40413633022
7897    7816.646884844653
7898    7816.900790502266
7899    7817.338567891904
7900    7817.878636613366
7901    7819.807160073594
7902    7821.268336819808
7903    7821.884578209339
7904    7822.876911877722
7905    7824.53646132322
7906    7826.346988018859
7907    7826.740514740368
7908    7826.992435527654
7909    7827.576373986286
7910    7829.371029823799
7911    7830.893719121929
7912    7831.058845403796
7913    7831.868571339884
7914    7833.009657738092
7915    7833.911212730696
7916    7834.984048396884
7917    7836.266626395794
7918    7837.14938293027
7919    7837.943464370156
7920    7838.971892968253
7921    7840.968763007703
7922    7841.0587422291155
7923    7841.873300414477
7924    7842.503796074972
7925    7843.12648756471
7926    7844.324249025809
7927    7846.280784591137
7928    7846.950349345227
7929    7847.017603317624
7930    7847.942789353614
7931    7849.572485670078
7932    7849.747143799388
7933    7849.8250140885275
7934    7850.569847997277
7935    7851.949602417953
7936    7852.584061490676
7937    7854.572820111661
7938    7854.934314666696
7939    7855.882423940596
7940    7855.901640628704
7941    7857.283742928107
7942    7858.589325306082
7943    7858.69665356723
7944    7860.402542530528
7945    7861.820580917425
7946    7863.2044642951
7947    7864.401125429498
7948    7865.458493343437
7949    7866.859560758104
7950    7867.783620731438
7951    7869.279683843472
7952    7869.988050194877
7953    7870.079557659074
7954    7871.423755966437
7955    7872.91763097184
7956    7873.508761853332
7957    7875.277201765438
7958    7875.532416570538
7959    7876.857787331839
7960    7877.66244767775
7961    7878.875602542805
7962    7879.706215717047
7963    7879.975522006162
7964    7881.843011798953
7965    7883.035683051329
7966    7884.111011693282
7967    7884.359343592661
7968    7885.344555474754
7969    7885.767498338632
7970    7887.754838581425
7971    7888.207151295178
7972    7889.9346128916695
7973    7890.890781928898
7974    7891.527145082658
7975    7892.374828620816
7976    7893.0710164737975
7977    7894.429322518811
7978    7895.206202432307
7979    7896.923473778699
7980    7897.2827445643525
7981    7897.760725228308
7982    7898.162497141262
7983    7899.008525584161
7984    7900.853002743714
7985    7902.560922625276
7986    7903.420355100476
7987    7904.970893159813
7988    7905.520676190702
7989    7906.83648454928
7990    7908.430759906963
7991    7909.527101381556
7992    7909.958422129983
7993    7910.118483420807
7994    7911.5952728568545
7995    7911.598719422918
7996    7912.666381187989
7997    7913.160013325023
7998    7913.724773519206
7999    7915.082381127809
8000    7915.949485123798
8001    7917.284737204785
8002    7917.43989520246
8003    7918.867233289624
8004    7919.3427555730705
8005    7920.481687062413
8006    7921.230007714275
8007    7922.352241750325
8008    7923.443850835952
8009    7924.512333513644
8010    7925.528409246276
8011    7925.560318442517
8012    7925.752681526174
8013    7925.937702774786
8014    7926.393746029141
8015    7926.566056033193
8016    7928.08071462063
8017    7929.295340579031
8018    7930.272492547613
8019    7930.512144151587
8020    7931.390282564854
8021    7931.778881821047
8022    7932.921934248714
8023    7933.221208909156
8024    7935.128860440677
8025    7936.71976085826
8026    7938.093115314609
8027    7939.1684117860395
8028    7941.057442498356
8029    7942.552105800506
8030    7944.482957618787
8031    7946.110792326482
8032    7947.555645834216
8033    7948.320384023186
8034    7948.5563704882625
8035    7949.118764011568
8036    7950.022302081965
8037    7950.595298856304
8038    7951.723920362361
8039    7952.648240553832
8040    7952.845785352786
8041    7952.881439869618
8042    7953.500622510126
8043    7954.759800881156
8044    7955.227661509626
8045    7955.603415382928
8046    7955.716092301607
8047    7957.078229640824
8048    7957.646458877894
8049    7959.401099922269
8050    7960.126370667156
8051    7960.1299963222955
8052    7961.836041466396
8053    7963.7158223947035
8054    7965.0041952014335
8055    7965.16777382924
8056    7966.5013377603445
8057    7967.527098712415
8058    7968.9645190307465
8059    7970.7251179853565
8060    7970.858483648244
8061    7972.015473694958
8062    7972.180006567539
8063    7974.052076475037
8064    7974.929199029052
8065    7976.718774525301
8066    7978.615449889908
8067    7979.544876796867
8068    7980.047083700266
8069    7981.117558653725
8070    7981.302688536669
8071    7981.388410437217
8072    7982.674835137947
8073    7984.269036242745
8074    7984.398836996589
8075    7984.778088093772
8076    7985.945991845037
8077    7987.18233262546
8078    7989.112671379896
8079    7989.885807463383
8080    7990.289930127185
8081    7990.618126713657
8082    7992.4354149055525
8083    7993.641607772142
8084    7995.2889827157605
8085    7995.428933641576
8086    7996.05539161182
8087    7997.890897769825
8088    7998.693532069903
8089    8000.53453968429
8090    8000.566111512255
8091    8002.356510599665
8092    8002.624672568655
8093    8002.641163479187
8094    8003.319253602587
8095    8003.575380285414
8096    8004.007655674793
8097    8004.25955950842
8098    8006.199873728333
8099    8006.901778268062
8100    8007.740646054184
8101    8009.455557159873
8102    8010.403558273948
8103    8012.0804905378345
8104    8012.215928901983
8105    8013.712308380152
8106    8015.706927233264
8107    8017.259504001032
8108    8017.945853452649
8109    8019.20355604075
8110    8019.759577218391
8111    8021.578770504811
8112    8021.892778480679
8113    8022.585552255015
8114    8023.541135742535
8115    8025.473190443996
8116    8026.041179894416
8117    8026.739778738361
8118    8028.711275092355
8119    8029.561443604701
8120    8030.483569531131
8121    8031.013532557203
8122    8032.532233994438
8123    8033.809855491298
8124    8035.130007253512
8125    8037.102316282954
8126    8038.187893030127
8127    8038.501925146869
8128    8039.821411978597
8129    8040.16149098485
8130    8041.952340942459
8131    8042.127665403678
8132    8042.65592726412
8133    8042.773625611166
8134    8043.3924213894
8135    8045.309642836856
8136    8046.181038442853
8137    8046.636514757631
8138    8047.167029582766
8139    8047.892748481416
8140    8047.967428112249
8141    8049.145117325287
8142    8049.161558457646
8143    8050.749354810329
8144    8051.21243581117
8145    8052.678849193113
8146    8052.854598970924
8147    8054.611960589574
8148    8056.1199675395455
8149    8056.3549923482515
8150    8057.338626218417
8151    8057.979411884698
8152    8058.55142344269
8153    8058.8486979058625
8154    8060.6989915346485
8155    8061.2646338596915
8156    8062.023985721411
8157    8063.888755981208
8158    8065.068648047012
8159    8065.351228984628
8160    8065.472348728087
8161    8067.098639144592
8162    8067.342620991136
8163    8067.735022998301
8164    8069.101906898488
8165    8070.809278676972
8166    8070.915895168488
8167    8071.934147435481
8168    8073.560795507551
8169    8073.663821895109
8170    8075.5292516498475
8171    8075.868691249782
8172    8076.363782583885
8173    8076.73521599182
8174    8078.419256723551
8175    8078.539985694965
8176    8080.434467723719
8177    8080.8905025723225
8178    8081.444013816224
8179    8082.97114194472
8180    8083.651554530133
8181    8085.539720259545
8182    8085.769689896941
8183    8087.735795186712
8184    8087.965504832484
8185    8088.500902446233
8186    8089.650478637766
8187    8091.450941064479
8188    8092.000295671965
8189    8093.638479436491
8190    8093.913767139543
8191    8095.165529039345
8192    8095.921577155201
8193    8097.760813377781
8194    8098.936857568627
8195    8099.713230694306
8196    8100.741684869993
8197    8101.987332588303
8198    8102.811524820182
8199    8103.911763466479
8200    8105.254933415427
8201    8105.745831906007
8202    8107.04444252082
8203    8108.406673976242
8204    8109.3212091803325
8205    8110.479569956151
8206    8111.540855726937
8207    8112.0853779280105
8208    8113.010438767984
8209    8113.275682126868
8210    8113.35920311605
8211    8114.555547323926
8212    8114.613695369315
8213    8115.103308748411
8214    8116.936931933173
8215    8117.785516015842
8216    8118.570206659371
8217    8118.886515393378
8218    8119.069245468735
8219    8120.483752653744
8220    8121.59094350222
8221    8122.332287716868
8222    8123.626200565092
8223    8124.120993228935
8224    8124.881496883332
8225    8125.770669749651
8226    8127.754664632457
8227    8128.165120738769
8228    8128.719428162401
8229    8129.971367371789
8230    8130.1449796089955
8231    8130.642191866725
8232    8131.580388302535
8233    8132.346898012161
8234    8132.527059953364
8235    8133.695590617431
8236    8135.146009839743
8237    8136.706363795265
8238    8138.050604891969
8239    8139.672434585073
8240    8141.111368999349
8241    8141.296074171256
8242    8142.205561889003
8243    8143.097563672449
8244    8144.122045521913
8245    8144.156929385923
8246    8144.579859589513
8247    8146.569759533507
8248    8148.211132896111
8249    8148.763224305284
8250    8150.295083314846
8251    8151.970160119178
8252    8151.981522398225
8253    8152.112448153138
8254    8152.893908502557
8255    8153.651550249679
8256    8153.853383553518
8257    8155.75179653147
8258    8157.468164308653
8259    8158.449448145215
8260    8158.490268503256
8261    8159.099601752619
8262    8159.451867877211
8263    8160.805903428257
8264    8162.531684826227
8265    8164.035894729089
8266    8165.690237569159
8267    8165.817076957532
8268    8166.158358336876
8269    8167.729659068963
8270    8169.440003310722
8271    8170.323868120044
8272    8170.9457023232
8273    8172.876123024745
8274    8174.026363138847
8275    8175.335452114599
8276    8176.915721628474
8277    8177.685632092439
8278    8179.597707861589
8279    8180.387039111537
8280    8182.2196968719445
8281    8183.649211126789
8282    8184.113069149769
8283    8185.6178056329145
8284    8187.13300402971
8285    8187.552033379563
8286    8187.701906663853
8287    8189.000942473247
8288    8190.242169195413
8289    8191.709013976401
8290    8192.765010208675
8291    8194.125248555047
8292    8195.02319952297
8293    8196.153615913172
8294    8196.40256852279
8295    8197.578001102662
8296    8198.543944069621
8297    8198.661378382249
8298    8199.199396597209
8299    8199.725380212027
8300    8201.181118864626
8301    8201.809122514273
8302    8203.389002375317
8303    8203.795652787148
8304    8204.162945770317
8305    8204.709627577537
8306    8205.097692490877
8307    8207.080865982589
8308    8207.840190480449
8309    8208.988442330638
8310    8209.344932487513
8311    8209.646123637911
8312    8211.177792811322
8313    8212.604247738269
8314    8214.078717785032
8315    8215.861037376542
8316    8216.768690496685
8317    8217.262191009138
8318    8218.625310996316
8319    8219.246291855765
8320    8220.432334682824
8321    8221.115709603526
8322    8222.787017353072
8323    8223.975999464286
8324    8224.59152228631
8325    8226.492142485567
8326    8226.708681684335
8327    8228.514892045618
8328    8228.620930757927
8329    8229.144851643283
8330    8230.01663845274
8331    8230.817100859695
8332    8230.92161011005
8333    8231.063780945458
8334    8231.072577123305
8335    8233.03057677547
8336    8233.519259679864
8337    8235.428840960052
8338    8236.17480265542
8339    8237.06653584381
8340    8237.713543834367
8341    8238.162408571481
8342    8239.037671684904
8343    8240.660859824173
8344    8242.108123627411
8345    8242.866876787935
8346    8243.405903436227
8347    8243.954544666378
8348    8244.76451746843
8349    8245.076118350597
8350    8245.706675222646
8351    8247.429496677225
8352    8248.353381041086
8353    8249.918922457779
8354    8250.255483329245
8355    8250.963317702555
8356    8251.84430267686
8357    8252.870739319627
8358    8253.482367931536
8359    8254.879213666403
8360    8256.300300545343
8361    8256.741816877173
8362    8258.553831453539
8363    8258.876643871412
8364    8260.623123997026
8365    8262.200760388092
8366    8263.529331504997
8367    8265.388267136272
8368    8266.797400797794
8369    8267.595883426651
8370    8267.919754159746
8371    8269.893477677058
8372    8270.014298953845
8373    8271.1337617441
8374    8272.528799817484
8375    8273.773929493613
8376    8275.646802866571
8377    8277.056206119636
8378    8277.35621490716
8379    8279.242641227573
8380    8280.285925228458
8381    8281.348581642545
8382    8283.245690485002
8383    8283.995533231227
8384    8284.95529981245
8385    8285.809994437408
8386    8286.75665934144
8387    8288.139718444927
8388    8289.083529911935
8389    8290.379284432793
8390    8290.630830808057
8391    8292.165248100491
8392    8292.660130442357
8393    8294.221183974834
8394    8296.179988193835
8395    8296.735233885262
8396    8297.551098293707
8397    8299.402400371668
8398    8300.404089488373
8399    8301.670417507501
8400    8302.575866956
8401    8303.474991306444
8402    8304.928302752418
8403    8306.61717001015
8404    8307.77582556682
8405    8309.473109348248
8406    8310.288517843463
8407    8310.855059945849
8408    8312.472459784627
8409    8313.470831264847
8410    8315.192641943757
8411    8315.534283172254
8412    8316.896983028553
8413    8318.370168165984
8414    8320.04149237195
8415    8320.418010542204
8416    8321.019863926605
8417    8321.063901576914
8418    8321.887619410414
8419    8322.731464471111
8420    8324.298078507973
8421    8325.429013579842
8422    8325.843528210671
8423    8326.485514131047
8424    8327.958212541504
8425    8328.776210827156
8426    8328.870887299636
8427    8329.109573491465
8428    8329.73485395819
8429    8331.098564553724
8430    8331.648908957228
8431    8333.567997947128
8432    8333.627272174888
8433    8334.113862246804
8434    8334.725515911072
8435    8335.625922182257
8436    8336.744423414508
8437    8337.860286083036
8438    8339.428305080492
8439    8339.847527469503
8440    8341.250614062368
8441    8342.10276633221
8442    8342.213485791557
8443    8343.390670144066
8444    8344.722599923402
8445    8345.240242851376
8446    8346.03594287305
8447    8347.722907797704
8448    8347.88818518557
8449    8348.909722886048
8450    8349.476332608025
8451    8351.435941958342
8452    8353.278465035903
8453    8354.182500989917
8454    8355.49247630413
8455    8356.059826734072
8456    8357.454767622245
8457    8358.724910925775
8458    8358.945855966283
8459    8360.321867947338
8460    8361.61749402467
8461    8361.904991039015
8462    8362.534322746907
8463    8362.716277287413
8464    8363.272885546687
8465    8364.373295978417
8466    8365.536930307888
8467    8367.288338368831
8468    8367.849489453518
8469    8369.396544397174
8470    8370.94074118066
8471    8372.133833277632
8472    8372.473188459773
8473    8372.818600723951
8474    8374.022212394442
8475    8375.959084662665
8476    8377.676293864462
8477    8378.372871068697
8478    8378.970618740419
8479    8379.745984199122
8480    8380.068284171424
8481    8381.589102778236
8482    8382.119941215547
8483    8383.400499138572
8484    8384.831746619777
8485    8385.205542047193
8486    8386.891264177324
8487    8388.062190037837
8488    8388.122205759382
8489    8389.578724715706
8490    8389.692932051901
8491    8391.195836727733
8492    8391.877042977352
8493    8392.78820810879
8494    8393.745777519018
8495    8395.246349476423
8496    8396.54159559484
8497    8398.457033799166
8498    8400.22652473808
8499    8401.556334884117
8500    8401.918893696386
8501    8403.438404799983
8502    8403.912729277106
8503    8404.06460031936
8504    8404.759300379103
8505    8406.486893739848
8506    8406.8038163705
8507    8407.607915683548
8508    8407.962368189268
8509    8409.108209081129
8510    8409.677285587723
8511    8410.21367625239
8512    8410.306753789098
8513    8410.783481198132
8514    8411.368586084247
8515    8412.522682405632
8516    8413.175739064938
8517    8414.078931866059
8518    8414.855134033913
8519    8415.674489681065
8520    8416.11322251042
8521    8416.345880884324
8522    8416.859013517509
8523    8418.476054475603
8524    8419.395937063558
8525    8421.380924860588
8526    8421.421179458954
8527    8422.300329955551
8528    8422.937463324717
8529    8423.962133114292
8530    8424.640257163046
8531    8426.44552552129
8532    8426.796871893132
8533    8428.65749452538
8534    8430.584383318275
8535    8431.416518546033
8536    8432.630306940411
8537    8433.096681847746
8538    8434.095711741324
8539    8434.784184000326
8540    8435.524466574218
8541    8437.451150024373
8542    8438.290449041982
8543    8440.216713479771
8544    8440.80003048515
8545    8441.783598377502
8546    8443.741500662678
8547    8443.774326893494
8548    8445.506621949264
8549    8447.305752864007
8550    8448.474866999411
8551    8450.05948125391
8552    8451.00832686066
8553    8451.488230535419
8554    8452.661936049664
8555    8453.82128020202
8556    8453.896518967864
8557    8455.41103596164
8558    8455.423799793414
8559    8457.227646412866
8560    8457.908407119745
8561    8458.100518620047
8562    8460.026662041782
8563    8462.00018794585
8564    8463.393961894071
8565    8464.211483560704
8566    8465.909420812544
8567    8467.296807736337
8568    8467.394613196855
8569    8468.153911910667
8570    8468.624482263764
8571    8469.00886864603
8572    8469.463861982205
8573    8470.452210523428
8574    8471.97511867004
8575    8472.526659919426
8576    8473.017338978603
8577    8473.094661335072
8578    8473.30536042359
8579    8473.431356727275
8580    8475.194843047979
8581    8476.819379451008
8582    8477.573766923975
8583    8477.75168411366
8584    8478.390234213106
8585    8479.05990278382
8586    8480.196704526184
8587    8482.053225930918
8588    8483.302368172193
8589    8484.729892754385
8590    8485.206106250642
8591    8486.67856143688
8592    8487.274767485305
8593    8488.637752504808
8594    8489.233895627378
8595    8490.865257437994
8596    8491.066329026318
8597    8491.782275963464
8598    8493.541635437026
8599    8494.72854875195
8600    8494.942143901437
8601    8496.6476710479
8602    8496.88763118965
8603    8497.191866812798
8604    8497.33419434748
8605    8498.362076553638
8606    8500.008761066894
8607    8500.358404358492
8608    8501.374387630212
8609    8501.676409759177
8610    8503.258549396649
8611    8503.360456163227
8612    8503.66834047334
8613    8504.030630139088
8614    8504.69512632507
8615    8506.084471395634
8616    8508.005171752304
8617    8509.84486532539
8618    8510.739999314503
8619    8512.216116996662
8620    8512.621807165488
8621    8514.36594983161
8622    8515.669026428894
8623    8517.356257547162
8624    8517.697924999566
8625    8519.501136190665
8626    8521.484848806587
8627    8523.002391501006
8628    8523.9328438739
8629    8525.013963574253
8630    8526.389217299982
8631    8526.828296639927
8632    8527.304738263849
8633    8527.644598822484
8634    8528.705340593087
8635    8529.083041913233
8636    8529.094081012818
8637    8530.04644377459
8638    8531.40812188331
8639    8533.334756433864
8640    8535.119201557416
8641    8536.621859462643
8642    8537.955030202545
8643    8538.712769719925
8644    8540.585671738718
8645    8541.400259876647
8646    8542.640232043173
8647    8543.394003311523
8648    8544.06305724754
8649    8544.6925945274
8650    8546.262213443677
8651    8547.616494881702
8652    8549.227185275804
8653    8549.457879636626
8654    8551.371360554193
8655    8552.84072630272
8656    8552.87980652904
8657    8553.361895046923
8658    8554.926216400718
8659    8555.514479668429
8660    8555.989123755442
8661    8556.319428898056
8662    8556.510637559431
8663    8558.492300972264
8664    8558.728519627653
8665    8559.87278475022
8666    8560.505059576193
8667    8561.200920296185
8668    8562.319758986787
8669    8562.954563731018
8670    8563.391153916284
8671    8564.373698085525
8672    8565.42214835534
8673    8566.625563570575
8674    8567.67964566487
8675    8568.38920684386
8676    8569.706977090007
8677    8569.738070739082
8678    8570.993764734156
8679    8572.059081725807
8680    8572.694614785729
8681    8574.082357295802
8682    8575.469472077772
8683    8576.786558360669
8684    8578.308045642065
8685    8579.530897101407
8686    8581.327152395988
8687    8582.381948369546
8688    8583.332689200473
8689    8584.964762025767
8690    8585.472802777618
8691    8587.360780705601
8692    8588.448285764252
8693    8588.740866555692
8694    8588.918954056157
8695    8590.167714942032
8696    8590.568114333933
8697    8591.196818778344
8698    8591.56647463485
8699    8591.589894382969
8700    8592.544513549967
8701    8593.836140130099
8702    8594.781050512509
8703    8595.832269159504
8704    8596.09740030493
8705    8597.114102404284
8706    8598.109061478068
8707    8599.976402616168
8708    8601.46017010363
8709    8601.570674723935
8710    8601.726950358965
8711    8602.622798665227
8712    8603.10974640261
8713    8604.194709368578
8714    8604.54567062048
8715    8605.01798298023
8716    8606.942381510866
8717    8608.462400255916
8718    8609.148720399766
8719    8609.498480962258
8720    8611.418287576504
8721    8612.923987265805
8722    8613.27399892613
8723    8615.226348132159
8724    8615.35271514186
8725    8616.974079675652
8726    8617.833113348588
8727    8618.978034792328
8728    8619.72213462029
8729    8620.14747726844
8730    8621.03162214966
8731    8622.595219617835
8732    8622.704094587934
8733    8622.922292503674
8734    8623.79041806678
8735    8625.054642659588
8736    8626.254701247462
8737    8627.508272905226
8738    8629.094543050742
8739    8630.453580854795
8740    8632.06676374505
8741    8633.831363456127
8742    8634.837215816095
8743    8636.160154451947
8744    8638.133542364005
8745    8638.19589198596
8746    8638.916533400154
8747    8640.10262725467
8748    8641.116959088236
8749    8642.912671628052
8750    8643.171179019793
8751    8644.839980372137
8752    8646.280703362288
8753    8646.85621017394
8754    8648.179324388202
8755    8648.39325066189
8756    8650.164866335926
8757    8650.57665868193
8758    8651.99456477532
8759    8652.804831840422
8760    8653.500743102004
8761    8655.087825104974
8762    8655.146656097138
8763    8655.714087025453
8764    8656.339447893903
8765    8656.96591556845
8766    8658.159868640076
8767    8658.337262354724
8768    8659.592531943237
8769    8660.777445004107
8770    8661.119197098436
8771    8661.437906480945
8772    8662.108145589305
8773    8662.234390176183
8774    8662.841317717714
8775    8664.387066876267
8776    8666.337655274334
8777    8668.281612516395
8778    8669.40414555367
8779    8671.1857457189
8780    8672.49750102923
8781    8673.33966775829
8782    8675.320254765142
8783    8675.911629766955
8784    8677.141972088133
8785    8678.435617973866
8786    8679.2371811148
8787    8680.797143637481
8788    8681.333379570146
8789    8682.2255325323
8790    8683.463839795108
8791    8684.026256375917
8792    8685.025279742806
8793    8685.591002987921
8794    8685.783135104812
8795    8687.099632957936
8796    8687.133355379581
8797    8688.752925221148
8798    8690.435916091143
8799    8691.660763238364
8800    8692.78465227292
8801    8693.087356624512
8802    8694.017733208904
8803    8694.469478758212
8804    8696.116526080834
8805    8696.316769426907
8806    8697.78112170968
8807    8698.97752092601
8808    8700.606864930556
8809    8701.905623359055
8810    8702.536422564568
8811    8702.868106242639
8812    8703.994095151482
8813    8704.752175386478
8814    8705.04185114082
8815    8705.958130905623
8816    8707.374150468004
8817    8708.545890761498
8818    8709.966495522014
8819    8711.369022761079
8820    8711.486831590626
8821    8711.744554825997
8822    8713.367517688723
8823    8714.177567077524
8824    8714.90681459873
8825    8716.111060641444
8826    8717.80467912008
8827    8717.940485482435
8828    8718.735947846042
8829    8720.586756045568
8830    8722.405401685824
8831    8723.949706384945
8832    8724.438525201213
8833    8724.542665910049
8834    8724.592412402917
8835    8724.6672631211
8836    8725.457181518745
8837    8727.084843128483
8838    8728.884330411956
8839    8729.05585878274
8840    8729.12670344658
8841    8729.621965865368
8842    8730.278878614194
8843    8730.755849128614
8844    8731.435782355853
8845    8733.355267655814
8846    8735.020066506062
8847    8736.052349617135
8848    8737.058794941428
8849    8737.28601593683
8850    8738.325108532104
8851    8739.880994293464
8852    8739.926494186719
8853    8741.704822426764
8854    8743.420809882708
8855    8745.117056767953
8856    8746.378361043315
8857    8747.56032009779
8858    8747.90001861559
8859    8749.287232412822
8860    8750.764615130332
8861    8752.743073321193
8862    8752.992188720023
8863    8753.927449914074
8864    8754.076375334356
8865    8755.684821750616
8866    8757.268449594556
8867    8758.418003387369
8868    8760.141322192978
8869    8762.1129741342
8870    8762.302418522708
8871    8763.45011881957
8872    8764.652269966413
8873    8766.039167826562
8874    8766.436016346963
8875    8768.250550397213
8876    8769.772890469054
8877    8770.107139988451
8878    8770.488987357588
8879    8771.206217792072
8880    8771.381873294313
8881    8772.52911233085
8882    8772.874782366214
8883    8773.82495850489
8884    8774.99014826222
8885    8776.724193381873
8886    8777.920773392352
8887    8778.936185340111
8888    8780.121643962375
8889    8780.384143797457
8890    8781.499304022818
8891    8782.197306332637
8892    8782.708509255812
8893    8784.53655919793
8894    8785.70695518294
8895    8785.731055089933
8896    8787.470514451985
8897    8788.751627725906
8898    8790.131399735035
8899    8791.9294118309
8900    8793.104656363254
8901    8794.20186217623
8902    8795.05534626864
8903    8795.07156756563
8904    8795.78911720968
8905    8795.923862550912
8906    8797.91730981121
8907    8798.537933632924
8908    8800.453264404072
8909    8802.12312946706
8910    8803.122467032896
8911    8804.40952023682
8912    8805.944425410053
8913    8807.464404291944
8914    8807.854855900305
8915    8809.048106725688
8916    8809.885430757711
8917    8810.246200245245
8918    8810.952801838104
8919    8811.783737714957
8920    8812.811895629206
8921    8812.933511568179
8922    8814.580318299166
8923    8816.021893244262
8924    8817.353399434718
8925    8817.366877880242
8926    8818.912729335303
8927    8819.725543769771
8928    8821.692450907272
8929    8823.540324631778
8930    8823.754976412909
8931    8824.143347201896
8932    8825.86694541658
8933    8826.188507610075
8934    8826.24076156788
8935    8828.057877899242
8936    8829.507852905374
8937    8829.96846497729
8938    8831.310404509062
8939    8832.428669704757
8940    8833.977752747405
8941    8835.505485613383
8942    8835.896773745868
8943    8836.061324924003
8944    8837.327182043591
8945    8838.782792411193
8946    8839.776964537548
8947    8839.861674731297
8948    8839.916896454584
8949    8840.062316896127
8950    8841.589861709717
8951    8841.650998048939
8952    8841.971388912016
8953    8843.208852250493
8954    8844.415718518268
8955    8844.91817689607
8956    8846.183007624362
8957    8846.739195606076
8958    8847.351700425917
8959    8847.74187495974
8960    8848.162808240188
8961    8849.524925738113
8962    8850.984398368011
8963    8852.703217421982
8964    8854.66785252563
8965    8855.504040743988
8966    8856.909705538767
8967    8857.215782796196
8968    8859.082049311011
8969    8860.499810982434
8970    8861.074806249622
8971    8862.568400292395
8972    8863.699442711804
8973    8863.725862062625
8974    8865.473772982996
8975    8866.402677553458
8976    8867.91204194201
8977    8869.816313287556
8978    8871.304555316281
8979    8871.606780675715
8980    8873.02607549903
8981    8874.287132126079
8982    8874.553645527414
8983    8874.774053242718
8984    8875.044530343574
8985    8875.0852278259
8986    8875.32438018136
8987    8875.426620423852
8988    8877.208227221388
8989    8877.290828140225
8990    8879.066816401819
8991    8879.341341921203
8992    8880.729714042342
8993    8882.309663620072
8994    8882.704133583165
8995    8884.13479273477
8996    8885.475381098544
8997    8886.618717122512
8998    8888.60544925683
8999    8888.605672829002
9000    8888.713491609737
9001    8889.289879297909
9002    8890.80316255954
9003    8890.843293891816
9004    8892.005557302235
9005    8892.31408889109
9006    8892.397795687188
9007    8894.250624719934
9008    8895.464174965051
9009    8896.867820613863
9010    8898.622242845522
9011    8899.334269461406
9012    8900.733885804151
9013    8902.115694912978
9014    8903.043342685643
9015    8903.540001085721
9016    8904.695384183904
9017    8905.094348576687
9018    8906.679007774539
9019    8907.837218139375
9020    8908.248141035954
9021    8909.519933844917
9022    8911.516912140356
9023    8911.583733736086
9024    8912.76254957994
9025    8914.62851771526
9026    8914.804475925848
9027    8915.019460317608
9028    8916.789047591274
9029    8917.406611136927
9030    8919.046837313832
9031    8919.962923931193
9032    8921.894191459514
9033    8922.240906923895
9034    8922.86027030564
9035    8923.532953668064
9036    8923.734164056123
9037    8923.984926866628
9038    8925.806351509198
9039    8926.239549242651
9040    8927.735262577258
9041    8928.95467868783
9042    8929.214585770498
9043    8929.90919705497
9044    8931.297733960437
9045    8932.284458151067
9046    8933.722247045416
9047    8935.125853160302
9048    8936.02804853102
9049    8936.829085831767
9050    8938.62871965195
9051    8940.280326061342
9052    8940.627701827212
9053    8941.002385656986
9054    8941.923823376352
9055    8942.97406942414
9056    8943.258911847419
9057    8944.664135564295
9058    8945.66979219195
9059    8945.866711947334
9060    8946.356995243314
9061    8947.773978066112
9062    8948.142252294718
9063    8948.231436457017
9064    8949.203443637443
9065    8949.469027603107
9066    8950.922974803205
9067    8952.390013824757
9068    8953.193449290162
9069    8953.405069253662
9070    8953.613705109627
9071    8954.84022747085
9072    8956.682717224852
9073    8957.264851111386
9074    8957.434214318802
9075    8958.950054840803
9076    8958.985420956691
9077    8959.157068409062
9078    8959.728062648272
9079    8960.097174846764
9080    8960.23891367072
9081    8960.654142960377
9082    8961.22002454314
9083    8962.15577471277
9084    8962.30395079576
9085    8963.744750534654
9086    8965.319373257047
9087    8965.60191911238
9088    8967.058296714902
9089    8968.213941285312
9090    8969.218088285403
9091    8970.161528047875
9092    8971.467709030416
9093    8972.658714201569
9094    8973.591734897527
9095    8975.333867399475
9096    8976.673907678747
9097    8978.13594087844
9098    8979.788330277328
9099    8980.207562242502
9100    8980.457738380364
9101    8982.411299633677
9102    8983.795512619516
9103    8985.788884787511
9104    8985.856840135471
9105    8987.251343478163
9106    8988.75075449694
9107    8989.770290546026
9108    8989.944168427779
9109    8990.321060638975
9110    8992.048726900352
9111    8993.686418909225
9112    8994.872258932153
9113    8995.288150452565
9114    8996.912555879388
9115    8998.747122274279
9116    8999.457595501048
9117    9000.28748307502
9118    9001.92380492436
9119    9002.390124825044
9120    9002.556358127078
9121    9003.949842835082
9122    9004.286296210103
9123    9004.840754026025
9124    9006.147252238832
9125    9007.200234704595
9126    9008.236497891614
9127    9009.667141420632
9128    9010.396075771687
9129    9011.287788933048
9130    9012.771385198954
9131    9013.203904286633
9132    9013.874855256416
9133    9014.579687146157
9134    9015.657973058824
9135    9017.45339041287
9136    9018.581609631903
9137    9018.896395685979
9138    9019.716317001314
9139    9021.533668416576
9140    9022.095161217017
9141    9023.065897020171
9142    9024.169987472258
9143    9025.240993518382
9144    9026.990580631431
9145    9028.106800977053
9146    9029.353110879814
9147    9029.74908536358
9148    9031.629111305872
9149    9031.825004586106
9150    9032.571097826542
9151    9033.373606066056
9152    9035.01554473999
9153    9036.504606518341
9154    9037.032746876526
9155    9037.519870844535
9156    9037.960893273788
9157    9039.853325581573
9158    9041.62806031701
9159    9042.574876658009
9160    9043.004261242051
9161    9043.210889057635
9162    9043.508635092347
9163    9043.8356845246
9164    9045.499199999977
9165    9047.258579624517
9166    9047.701914533061
9167    9048.004512130754
9168    9049.533438437418
9169    9050.287606066084
9170    9051.54829362203
9171    9053.023460146944
9172    9054.057431048448
9173    9054.262629858884
9174    9055.596507602157
9175    9057.480749698661
9176    9058.753501580964
9177    9059.202749038614
9178    9059.932766059334
9179    9061.903250124697
9180    9062.31606525031
9181    9062.674576079227
9182    9063.212935433827
9183    9063.616615023657
9184    9064.035344985557
9185    9065.412612355412
9186    9066.13970284523
9187    9066.951854027702
9188    9067.512548578216
9189    9068.551947626685
9190    9069.76314936838
9191    9070.861538977666
9192    9072.355994882988
9193    9073.066660629156
9194    9074.08981981183
9195    9074.405643906712
9196    9075.356115541745
9197    9076.56582664262
9198    9077.596283375786
9199    9077.765257645055
9200    9078.914307332292
9201    9080.628438830005
9202    9081.421695547899
9203    9083.285569847349
9204    9083.454319296243
9205    9084.880236229012
9206    9085.981267741254
9207    9086.588121530418
9208    9088.439324642133
9209    9089.080443700488
9210    9089.211636445547
9211    9090.59974203973
9212    9092.513423849095
9213    9093.72110585454
9214    9095.541047369228
9215    9097.009163528506
9216    9097.30051224392
9217    9097.455023456054
9218    9097.505817155257
9219    9099.183448196794
9220    9099.425520388446
9221    9100.785617023072
9222    9102.311563217583
9223    9102.976573968854
9224    9103.674458977186
9225    9105.38200059434
9226    9107.10653370733
9227    9107.969681267927
9228    9108.476815083874
9229    9109.867251396689
9230    9111.08410419105
9231    9113.011418912045
9232    9114.074542769073
9233    9115.786543169048
9234    9117.441408409837
9235    9118.01129837353
9236    9118.088660446318
9237    9119.538309906518
9238    9119.971624952714
9239    9121.907666147637
9240    9122.090390180896
9241    9123.563093506426
9242    9125.397305569897
9243    9127.158210326948
9244    9128.33500397349
9245    9129.251631354151
9246    9129.557142344502
9247    9129.988566815788
9248    9130.11545920207
9249    9130.793533700064
9250    9132.788468404455
9251    9132.857729803814
9252    9133.849930084381
9253    9134.64964539783
9254    9135.005685508075
9255    9136.184610568494
9256    9136.34309024192
9257    9136.75528036706
9258    9138.152245479438
9259    9138.656185906415
9260    9138.924014066499
9261    9140.304205997523
9262    9141.580419755512
9263    9143.419719124982
9264    9144.509141969122
9265    9146.179812297174
9266    9147.40474033409
9267    9149.08056910507
9268    9150.952648915012
9269    9151.104028710764
9270    9151.980872469008
9271    9152.132118890191
9272    9152.970954262992
9273    9154.952263784817
9274    9156.633919573855
9275    9157.889000239064
9276    9158.70435045701
9277    9159.921676252276
9278    9160.8596363786
9279    9161.604869900593
9280    9163.544374458292
9281    9163.722505515514
9282    9164.904495470417
9283    9165.42221386224
9284    9165.49324735311
9285    9165.520105860813
9286    9166.267053222999
9287    9167.056323039582
9288    9167.886715086679
9289    9168.336334325326
9290    9170.287702463289
9291    9170.35401796903
9292    9170.77626549414
9293    9172.492216927089
9294    9174.32911553914
9295    9174.64000089129
9296    9176.562073201481
9297    9178.46333725695
9298    9179.233065396458
9299    9180.854827341904
9300    9182.733885882622
9301    9183.917187718333
9302    9183.98721995841
9303    9185.718954287431
9304    9185.950671940765
9305    9187.442369830706
9306    9188.003398908662
9307    9188.366902531501
9308    9189.953753597138
9309    9190.62034902405
9310    9191.882387881442
9311    9192.246731089801
9312    9193.08942322123
9313    9194.400083347313
9314    9194.807322963343
9315    9196.023276812311
9316    9197.19332009239
9317    9199.050165007751
9318    9199.130264857435
9319    9199.988673096937
9320    9200.474287345141
9321    9200.519493730393
9322    9201.647616632281
9323    9202.755652673739
9324    9203.797715029856
9325    9204.145415818817
9326    9204.669415898396
9327    9205.031287050044
9328    9205.42192469768
9329    9206.203278883204
9330    9206.488853505876
9331    9206.827660558594
9332    9207.890551419961
9333    9209.6625705462
9334    9211.596501691954
9335    9212.915632560438
9336    9213.130833137679
9337    9213.344533199957
9338    9213.596277559383
9339    9215.274659339217
9340    9216.468555652189
9341    9217.531428055298
9342    9218.516759209931
9343    9218.878706714744
9344    9219.431591341981
9345    9219.536910219475
9346    9220.060284090358
9347    9220.775460321478
9348    9222.129735078168
9349    9222.84330137185
9350    9224.437900535717
9351    9224.916596843685
9352    9226.835846842365
9353    9227.032396199807
9354    9227.275204994865
9355    9227.81709778463
9356    9228.586860442345
9357    9228.782031431369
9358    9230.145991673635
9359    9231.989430112586
9360    9232.535336813486
9361    9233.126155568209
9362    9233.658562616865
9363    9234.229497322754
9364    9234.348236905724
9365    9235.767977397472
9366    9236.071151001413
9367    9236.125511027487
9368    9236.192272170792
9369    9236.34734216335
9370    9238.248926984592
9371    9240.04677973302
9372    9240.98062637706
9373    9241.026158403816
9374    9242.421626610058
9375    9243.221776729462
9376    9244.726466270115
9377    9245.581349032167
9378    9246.852977548582
9379    9247.157654022692
9380    9248.17967441337
9381    9248.288404230165
9382    9249.84201325929
9383    9251.189862353618
9384    9251.439799536038
9385    9252.702057206116
9386    9253.17734655371
9387    9253.85100637501
9388    9254.232191543055
9389    9255.511270436093
9390    9256.289210960043
9391    9256.542107654088
9392    9257.226780018686
9393    9259.101865331098
9394    9260.722280083603
9395    9261.149421080843
9396    9261.995201929902
9397    9262.580929925982
9398    9262.662482047735
9399    9263.388917572416
9400    9264.171503046331
9401    9264.24708011589
9402    9266.179302129714
9403    9268.070622675092
9404    9268.118808874586
9405    9268.577987749932
9406    9269.904193498462
9407    9270.849631286508
9408    9272.106115495917
9409    9272.511824626785
9410    9274.395730191693
9411    9275.343348908262
9412    9275.643301979646
9413    9276.27765629158
9414    9276.487714276034
9415    9277.12778016842
9416    9279.064631956437
9417    9280.66316581522
9418    9281.120834102014
9419    9282.152700305702
9420    9282.161263711761
9421    9282.665452675965
9422    9283.983663841724
9423    9285.726546863407
9424    9286.388516807976
9425    9287.187348980564
9426    9288.595919906253
9427    9290.078610216191
9428    9290.482235601914
9429    9292.127013578915
9430    9292.688169752379
9431    9292.998144991132
9432    9293.316111240007
9433    9294.057654062735
9434    9295.373253481243
9435    9297.073624319872
9436    9298.32394019964
9437    9300.15316854603
9438    9301.37307119686
9439    9302.821475925324
9440    9303.25005089327
9441    9304.184456315428
9442    9306.177975786017
9443    9307.594477025645
9444    9308.684435256075
9445    9308.947225122969
9446    9310.409411426837
9447    9310.809722966924
9448    9311.647117131537
9449    9311.88027628793
9450    9312.075900792364
9451    9312.528130044147
9452    9313.67677296275
9453    9314.941489551024
9454    9315.946471805486
9455    9316.547675810785
9456    9317.090039336454
9457    9317.914907905695
9458    9319.318585620354
9459    9319.968505191051
9460    9321.688937967774
9461    9322.188346832698
9462    9323.804813876397
9463    9325.67271395804
9464    9326.86739304908
9465    9328.682428609272
9466    9330.543722291282
9467    9331.043887037647
9468    9331.893637263565
9469    9332.78955295209
9470    9333.191315818593
9471    9334.548572521464
9472    9335.52623920347
9473    9336.9840935737
9474    9337.669460775529
9475    9338.254195374082
9476    9339.90333634982
9477    9340.577184127498
9478    9341.851176127451
9479    9342.15025162295
9480    9342.742038926424
9481    9344.338539151015
9482    9345.978191666494
9483    9346.06323967397
9484    9347.30363381497
9485    9348.26570829862
9486    9348.804026274423
9487    9349.421282149191
9488    9350.616818599425
9489    9350.938055036875
9490    9352.9099707535
9491    9354.78130336706
9492    9355.364365209116
9493    9355.684439053039
9494    9356.563299509975
9495    9356.937652487502
9496    9357.714351861938
9497    9358.99717767564
9498    9360.771495485089
9499    9361.136745272366
9500    9361.706516998718
9501    9363.70450769252
9502    9364.844304462174
9503    9365.06281697471
9504    9366.836036456592
9505    9368.52886692266
9506    9370.34513618319
9507    9370.991201978486
9508    9372.685696639786
9509    9373.999768004147
9510    9374.142471418272
9511    9376.139179114023
9512    9376.891914139685
9513    9378.028048633625
9514    9379.605579886189
9515    9381.245356099937
9516    9381.562752573487
9517    9382.663191412821
9518    9383.498608320222
9519    9383.91246267058
9520    9384.545437880633
9521    9384.970875664663
9522    9386.288410974334
9523    9386.810151789768
9524    9388.432512037942
9525    9389.708938035774
9526    9390.860536935117
9527    9392.761705323284
9528    9393.864373464257
9529    9394.919782291534
9530    9396.10505331659
9531    9397.947974407
9532    9399.684213502387
9533    9401.542787092463
9534    9403.339120831397
9535    9404.086364179691
9536    9405.116215816468
9537    9406.980303265715
9538    9407.430411604862
9539    9408.963388696116
9540    9409.407492323162
9541    9410.111736779725
9542    9411.874045712766
9543    9413.032162705995
9544    9414.040948124915
9545    9414.358203594833
9546    9416.298896042172
9547    9417.476719986627
9548    9419.092228226054
9549    9420.376543217757
9550    9420.664951217386
9551    9421.994513195465
9552    9422.029195077166
9553    9424.021405739057
9554    9425.28343051748
9555    9426.863191798882
9556    9427.279823976285
9557    9427.76886368749
9558    9427.934258419747
9559    9428.588627799483
9560    9430.024939360525
9561    9430.662663590625
9562    9432.270118251536
9563    9434.201220431734
9564    9434.815418303777
9565    9436.4666513651
9566    9437.686043497466
9567    9438.782379038881
9568    9440.443591996904
9569    9442.340358751211
9570    9443.241165581343
9571    9444.343326264816
9572    9446.22097405554
9573    9446.297508291509
9574    9447.483240127778
9575    9448.518532152302
9576    9449.889224032599
9577    9449.891713382238
9578    9450.786552947893
9579    9450.8012978349
9580    9452.364566973878
9581    9453.213353311583
9582    9454.940532587549
9583    9455.749630026881
9584    9457.490485429955
9585    9457.533530339539
9586    9459.448356583232
9587    9459.865806211024
9588    9461.440252896631
9589    9463.161104988012
9590    9465.153884941621
9591    9465.155063320834
9592    9467.050176748795
9593    9467.80556627435
9594    9468.943404847898
9595    9469.586055885036
9596    9469.806279301933
9597    9470.275677245538
9598    9470.288203453343
9599    9470.741298074434
9600    9471.341436648407
9601    9472.216875461962
9602    9472.266266172572
9603    9473.04266671424
9604    9473.93174769243
9605    9473.937111882946
9606    9474.798117175687
9607    9475.204708510639
9608    9475.879978179353
9609    9477.402199212282
9610    9478.023052625516
9611    9479.451557162332
9612    9480.286948140008
9613    9481.659487314255
9614    9481.685790723477
9615    9482.23597670485
9616    9483.92755148213
9617    9485.658299095106
9618    9486.767389076196
9619    9488.258970042836
9620    9489.186584546549
9621    9490.112782737602
9622    9491.187889975336
9623    9492.536537108715
9624    9494.352070047518
9625    9496.248732059108
9626    9497.916973064495
9627    9498.278443643874
9628    9498.7403897354
9629    9498.881698962883
9630    9499.815918640323
9631    9500.5296869454
9632    9501.803719066707
9633    9503.565419505247
9634    9504.989654918438
9635    9506.340720992122
9636    9506.526101263384
9637    9507.27719143839
9638    9507.979663342829
9639    9509.56589024737
9640    9510.900579948038
9641    9512.650931084063
9642    9513.721818802958
9643    9514.225499709295
9644    9514.479572544575
9645    9515.755152098052
9646    9516.9681971026
9647    9517.47846960178
9648    9517.909003128707
9649    9519.808110696946
9650    9521.033893466614
9651    9521.331036899404
9652    9522.103732999303
9653    9522.24829491816
9654    9522.895011330376
9655    9524.722457102429
9656    9525.85190572155
9657    9527.630265602711
9658    9527.837009413981
9659    9529.327620197395
9660    9530.162588622361
9661    9531.063826435857
9662    9532.979143559613
9663    9533.606988696001
9664    9535.155251507194
9665    9536.844001602
9666    9538.170589443484
9667    9539.940530903528
9668    9539.981907394285
9669    9541.247008328244
9670    9543.112422101078
9671    9543.506187591318
9672    9544.00893191129
9673    9545.837335729844
9674    9546.761861075223
9675    9548.617799361475
9676    9549.095098123753
9677    9550.208204173
9678    9551.90458055785
9679    9552.666870769395
9680    9552.990894980478
9681    9554.80780525307
9682    9554.958261654874
9683    9556.03599155047
9684    9556.243122903312
9685    9557.025517280777
9686    9558.836733763379
9687    9558.992014415111
9688    9560.613217547396
9689    9560.778459300482
9690    9561.2212274162
9691    9562.789783784261
9692    9563.609378218944
9693    9565.09428897745
9694    9565.585552296594
9695    9567.038756984073
9696    9567.165864361848
9697    9568.767987129739
9698    9569.592292612544
9699    9571.143285052583
9700    9572.777309520241
9701    9574.60581444985
9702    9576.270288251977
9703    9577.668111369241
9704    9578.720931757567
9705    9580.35790418737
9706    9582.132449105904
9707    9583.024946620537
9708    9583.509098099436
9709    9584.580434841439
9710    9585.937730935411
9711    9586.249485348639
9712    9587.894586544624
9713    9589.5347862207
9714    9590.527826841819
9715    9592.272907566168
9716    9593.76006006455
9717    9593.962156215946
9718    9594.308568110957
9719    9595.25473116209
9720    9596.785876519429
9721    9597.644374248239
9722    9599.62723275895
9723    9599.768036128416
9724    9600.149888082995
9725    9601.900524439854
9726    9602.550024852553
9727    9603.974085308688
9728    9605.91118661208
9729    9606.521877236692
9730    9608.448604865474
9731    9609.045400421179
9732    9609.251447305769
9733    9609.873747268006
9734    9610.437288314239
9735    9611.017029161996
9736    9612.322859299495
9737    9614.317846208909
9738    9615.65046072244
9739    9617.532041760322
9740    9619.161349432903
9741    9619.581239388317
9742    9621.457777970036
9743    9621.792112085823
9744    9622.885504908349
9745    9624.39010596173
9746    9624.985371843728
9747    9626.2928482497
9748    9627.683390383098
9749    9629.398845893305
9750    9630.88385277931
9751    9632.669025317664
9752    9634.302472983683
9753    9636.291909773343
9754    9636.40921863848
9755    9638.146103294299
9756    9638.90240212571
9757    9640.709574386497
9758    9641.314153016569
9759    9642.289866517025
9760    9643.741984512439
9761    9644.917428804816
9762    9646.750825172838
9763    9647.43416248947
9764    9648.199200508956
9765    9649.450973170417
9766    9649.740938448578
9767    9649.935690550632
9768    9650.19243914726
9769    9651.174398446761
9770    9651.494282350708
9771    9652.930769971497
9772    9653.105339050708
9773    9653.243525235423
9774    9654.380769296606
9775    9655.246758433437
9776    9655.513539769663
9777    9656.608545198796
9778    9657.727014542188
9779    9658.974903328975
9780    9660.558941810314
9781    9662.334843556617
9782    9664.223168442677
9783    9665.89870881157
9784    9666.991208520032
9785    9667.386423748534
9786    9667.546066582228
9787    9667.601977402854
9788    9668.52488389165
9789    9669.05286659031
9790    9670.082880387372
9791    9670.669202458474
9792    9671.24075216353
9793    9671.590341081956
9794    9673.434068018569
9795    9673.671688820657
9796    9675.222863779281
9797    9675.588079889027
9798    9675.962707820669
9799    9677.2429294985
9800    9677.62631531394
9801    9678.210204546911
9802    9679.763006551038
9803    9680.82858132744
9804    9682.048292728512
9805    9683.203783053552
9806    9683.493191042271
9807    9683.536159685753
9808    9684.370998726885
9809    9685.072415504193
9810    9685.810209210158
9811    9687.362922668837
9812    9688.448862919427
9813    9689.013564463588
9814    9690.78923225272
9815    9691.096975487086
9816    9692.775245219422
9817    9694.152744638395
9818    9695.341359939957
9819    9695.839897020589
9820    9696.634122575559
9821    9698.489794676716
9822    9700.045557826252
9823    9701.716756670874
9824    9703.653950403892
9825    9705.15803177286
9826    9705.321905685034
9827    9706.568829978534
9828    9707.8504997832
9829    9709.704631197588
9830    9710.214485022949
9831    9710.465377985427
9832    9710.72728531871
9833    9711.309922632296
9834    9712.202173738726
9835    9712.680641971874
9836    9713.552925414228
9837    9715.129684748279
9838    9716.090913851982
9839    9716.342313193667
9840    9718.124942944212
9841    9719.007855868002
9842    9719.73021354011
9843    9720.226698789435
9844    9720.798877602401
9845    9722.725167157378
9846    9724.531147724007
9847    9724.622238616677
9848    9725.127021686738
9849    9725.245570204923
9850    9725.759458155626
9851    9726.816993480326
9852    9727.459520330583
9853    9727.595531977362
9854    9728.956333398706
9855    9729.370796043844
9856    9730.472535286344
9857    9731.082893476796
9858    9732.106118772823
9859    9733.712285479734
9860    9735.100409435414
9861    9735.380880491184
9862    9737.200719857632
9863    9737.381640152358
9864    9737.534648711988
9865    9738.381452939433
9866    9738.464291803999
9867    9740.406903040921
9868    9741.24624543448
9869    9741.578790193971
9870    9743.341367133438
9871    9745.080046214836
9872    9746.012140637944
9873    9746.088211715753
9874    9746.578545202303
9875    9746.788823776924
9876    9748.72791917021
9877    9749.027854929627
9878    9750.476125676863
9879    9752.154195036606
9880    9754.007519217557
9881    9754.588185611088
9882    9754.868221020064
9883    9755.049953327387
9884    9756.335136985283
9885    9757.266212410337
9886    9758.175248096424
9887    9759.320146435693
9888    9761.209199477476
9889    9762.626907035194
9890    9763.468463236044
9891    9764.215994157408
9892    9764.45796033065
9893    9765.71948003347
9894    9765.890773955663
9895    9766.534587878043
9896    9767.647509425291
9897    9768.247551009228
9898    9768.760233441752
9899    9769.95339922379
9900    9771.814448569121
9901    9772.045055525243
9902    9772.225736090224
9903    9773.67098234875
9904    9775.264613825944
9905    9776.033005785275
9906    9777.882525908217
9907    9779.205397720003
9908    9780.931060581872
9909    9782.261059369317
9910    9783.004502483904
9911    9784.759357638944
9912    9785.519814712841
9913    9787.332628657376
9914    9788.004778524657
9915    9788.944176581495
9916    9789.792645239551
9917    9790.662444461701
9918    9792.489961650845
9919    9793.715203330381
9920    9795.55086574291
9921    9796.517644937285
9922    9798.306846512281
9923    9799.695154220732
9924    9801.635565766142
9925    9801.911914555878
9926    9803.412763578657
9927    9804.89368006494
9928    9806.410177398275
9929    9807.031659739256
9930    9808.210836082337
9931    9808.235340716257
9932    9808.484064773429
9933    9810.459247786179
9934    9811.30357018856
9935    9812.185476518122
9936    9813.294208483767
9937    9814.486679919075
9938    9815.073195219566
9939    9815.520068521728
9940    9816.398532660756
9941    9818.149606979772
9942    9818.771025878244
9943    9819.700903882476
9944    9821.682893148758
9945    9823.004387801006
9946    9824.94365856008
9947    9825.587825909235
9948    9826.227183868974
9949    9827.392994926133
9950    9829.213116064913
9951    9830.076826095963
9952    9830.140992671479
9953    9830.973460740885
9954    9832.65854503011
9955    9833.104791968324
9956    9835.075616907376
9957    9837.019966021418
9958    9838.543439275589
9959    9838.70817649138
9960    9839.354089194578
9961    9841.322294862463
9962    9841.808284765684
9963    9842.437196321092
9964    9844.170681172902
9965    9846.122915053516
9966    9847.01309064423
9967    9848.93300349395
9968    9850.847283754345
9969    9851.864040723056
9970    9852.437962070611
9971    9853.518280126831
9972    9855.214282566205
9973    9855.814112985288
9974    9855.833483297882
9975    9856.302274269357
9976    9857.16413652877
9977    9858.885105452342
9978    9859.516143141032
9979    9859.68502291014
9980    9859.82989672302
9981    9860.676053877824
9982    9861.736955793567
9983    9862.978488319335
9984    9864.963742403188
9985    9866.178721666314
9986    9866.635061801475
9987    9867.592152519246
9988    9867.601135828298
9989    9868.825541783399
9990    9870.809839981006
9991    9871.773186719827
9992    9873.6852376738
9993    9874.993480777257
9994    9875.135578723402
9995    9876.619403079178
9996    9877.790090356553
9997    9877.870302075631
9998    9878.797828101226
9999    9880.56475963202
10000    9881.662578714173
