1    1    1.000000
4    16    1.000000
7    49    1.000000
10    100    1.000000
13    169    1.000000
16    256    1.000000
19    361    1.000000
22    484    1.000000
25    625    1.000000
28    784    1.000000
31    961    1.000000
34    1156    1.000000
37    1369    1.000000
40    1600    1.000000
43    1849    1.000000
46    2116    1.000000
49    2401    1.000000
52    2704    1.000000
55    3025    1.000000
58    3364    1.000000
61    3721    1.000000
64    4096    1.000000
67    4489    1.000000
70    4900    1.000000
73    5329    1.000000
76    5776    1.000000
79    6241    1.000000
82    6724    1.000000
85    7225    1.000000
88    7744    1.000000
91    8281    1.000000
94    8836    1.000000
97    9409    1.000000
100    10000    1.000000
103    10609    1.000000
106    11236    1.000000
109    11881    1.000000
112    12544    1.000000
115    13225    1.000000
118    13924    1.000000
121    14641    1.000000
124    15376    1.000000
127    16129    1.000000
130    16900    1.000000
133    17689    1.000000
136    18496    1.000000
139    19321    1.000000
142    20164    1.000000
145    21025    1.000000
148    21904    1.000000
151    22801    1.000000
154    23716    1.000000
157    24649    1.000000
160    25600    1.000000
163    26569    1.000000
166    27556    1.000000
169    28561    1.000000
172    29584    1.000000
175    30625    1.000000
178    31684    1.000000
181    32761    1.000000
184    33856    1.000000
187    34969    1.000000
190    36100    1.000000
193    37249    1.000000
196    38416    1.000000
199    39601    1.000000
202    40804    1.000000
205    42025    1.000000
208    43264    1.000000
211    44521    1.000000
214    45796    1.000000
217    47089    1.000000
220    48400    1.000000
223    49729    1.000000
226    51076    1.000000
229    52441    1.000000
232    53824    1.000000
235    55225    1.000000
238    56644    1.000000
241    58081    1.000000
244    59536    1.000000
247    61009    1.000000
250    62500    1.000000
253    64009    1.000000
256    65536    1.000000
259    67081    1.000000
262    68644    1.000000
265    70225    1.000000
268    71824    1.000000
271    73441    1.000000
274    75076    1.000000
277    76729    1.000000
280    78400    1.000000
283    80089    1.000000
286    81796    1.000000
289    83521    1.000000
292    85264    1.000000
295    87025    1.000000
298    88804    1.000000
301    90601    1.000000
304    92416    1.000000
307    94249    1.000000
310    96100    1.000000
313    97969    1.000000
316    99856    1.000000
319    101761    1.000000
322    103684    1.000000
325    105625    1.000000
328    107584    1.000000
331    109561    1.000000
334    111556    1.000000
337    113569    1.000000
340    115600    1.000000
343    117649    1.000000
346    119716    1.000000
349    121801    1.000000
352    123904    1.000000
355    126025    1.000000
358    128164    1.000000
361    130321    1.000000
364    132496    1.000000
367    134689    1.000000
370    136900    1.000000
373    139129    1.000000
376    141376    1.000000
379    143641    1.000000
382    145924    1.000000
385    148225    1.000000
388    150544    1.000000
391    152881    1.000000
394    155236    1.000000
397    157609    1.000000
400    160000    1.000000
403    162409    1.000000
406    164836    1.000000
409    167281    1.000000
412    169744    1.000000
415    172225    1.000000
418    174724    1.000000
421    177241    1.000000
424    179776    1.000000
427    182329    1.000000
430    184900    1.000000
433    187489    1.000000
436    190096    1.000000
439    192721    1.000000
442    195364    1.000000
445    198025    1.000000
448    200704    1.000000
451    203401    1.000000
454    206116    1.000000
457    208849    1.000000
460    211600    1.000000
463    214369    1.000000
466    217156    1.000000
469    219961    1.000000
472    222784    1.000000
475    225625    1.000000
478    228484    1.000000
481    231361    1.000000
484    234256    1.000000
487    237169    1.000000
490    240100    1.000000
493    243049    1.000000
496    246016    1.000000
499    249001    1.000000
502    252004    1.000000
505    255025    1.000000
508    258064    1.000000
511    261121    1.000000
514    264196    1.000000
517    267289    1.000000
520    270400    1.000000
523    273529    1.000000
526    276676    1.000000
529    279841    1.000000
532    283024    1.000000
535    286225    1.000000
538    289444    1.000000
541    292681    1.000000
544    295936    1.000000
547    299209    1.000000
550    302500    1.000000
553    305809    1.000000
556    309136    1.000000
559    312481    1.000000
562    315844    1.000000
565    319225    1.000000
568    322624    1.000000
571    326041    1.000000
574    329476    1.000000
577    332929    1.000000
580    336400    1.000000
583    339889    1.000000
586    343396    1.000000
589    346921    1.000000
592    350464    1.000000
595    354025    1.000000
598    357604    1.000000
601    361201    1.000000
604    364816    1.000000
607    368449    1.000000
610    372100    1.000000
613    375769    1.000000
616    379456    1.000000
619    383161    1.000000
622    386884    1.000000
625    390625    1.000000
628    394384    1.000000
631    398161    1.000000
634    401956    1.000000
637    405769    1.000000
640    409600    1.000000
643    413449    1.000000
646    417316    1.000000
649    421201    1.000000
652    425104    1.000000
655    429025    1.000000
658    432964    1.000000
661    436921    1.000000
664    440896    1.000000
667    444889    1.000000
670    448900    1.000000
673    452929    1.000000
676    456976    1.000000
679    461041    1.000000
682    465124    1.000000
685    469225    1.000000
688    473344    1.000000
691    477481    1.000000
694    481636    1.000000
697    485809    1.000000
700    490000    1.000000
703    494209    1.000000
706    498436    1.000000
709    502681    1.000000
712    506944    1.000000
715    511225    1.000000
718    515524    1.000000
721    519841    1.000000
724    524176    1.000000
727    528529    1.000000
730    532900    1.000000
733    537289    1.000000
736    541696    1.000000
739    546121    1.000000
742    550564    1.000000
745    555025    1.000000
748    559504    1.000000
751    564001    1.000000
754    568516    1.000000
757    573049    1.000000
760    577600    1.000000
763    582169    1.000000
766    586756    1.000000
769    591361    1.000000
772    595984    1.000000
775    600625    1.000000
778    605284    1.000000
781    609961    1.000000
784    614656    1.000000
787    619369    1.000000
790    624100    1.000000
793    628849    1.000000
796    633616    1.000000
799    638401    1.000000
802    643204    1.000000
805    648025    1.000000
808    652864    1.000000
811    657721    1.000000
814    662596    1.000000
817    667489    1.000000
820    672400    1.000000
823    677329    1.000000
826    682276    1.000000
829    687241    1.000000
832    692224    1.000000
835    697225    1.000000
838    702244    1.000000
841    707281    1.000000
844    712336    1.000000
847    717409    1.000000
850    722500    1.000000
853    727609    1.000000
856    732736    1.000000
859    737881    1.000000
862    743044    1.000000
865    748225    1.000000
868    753424    1.000000
871    758641    1.000000
874    763876    1.000000
877    769129    1.000000
880    774400    1.000000
883    779689    1.000000
886    784996    1.000000
889    790321    1.000000
892    795664    1.000000
895    801025    1.000000
898    806404    1.000000
901    811801    1.000000
904    817216    1.000000
907    822649    1.000000
910    828100    1.000000
913    833569    1.000000
916    839056    1.000000
919    844561    1.000000
922    850084    1.000000
925    855625    1.000000
928    861184    1.000000
931    866761    1.000000
934    872356    1.000000
937    877969    1.000000
940    883600    1.000000
943    889249    1.000000
946    894916    1.000000
949    900601    1.000000
952    906304    1.000000
955    912025    1.000000
958    917764    1.000000
961    923521    1.000000
964    929296    1.000000
967    935089    1.000000
970    940900    1.000000
973    946729    1.000000
976    952576    1.000000
979    958441    1.000000
982    964324    1.000000
985    970225    1.000000
988    976144    1.000000
991    982081    1.000000
994    988036    1.000000
997    994009    1.000000
1000    1e+06    1.000000
1003    1.006009e+06    1.000000
1006    1.012036e+06    1.000000
1009    1.018081e+06    1.000000
1012    1.024144e+06    1.000000
1015    1.030225e+06    1.000000
1018    1.036324e+06    1.000000
1021    1.042441e+06    1.000000
1024    1.048576e+06    1.000000
1027    1.054729e+06    1.000000
1030    1.0609e+06    1.000000
1033    1.067089e+06    1.000000
1036    1.073296e+06    1.000000
1039    1.079521e+06    1.000000
1042    1.085764e+06    1.000000
1045    1.092025e+06    1.000000
1048    1.098304e+06    1.000000
1051    1.104601e+06    1.000000
1054    1.110916e+06    1.000000
1057    1.117249e+06    1.000000
1060    1.1236e+06    1.000000
1063    1.129969e+06    1.000000
1066    1.136356e+06    1.000000
1069    1.142761e+06    1.000000
1072    1.149184e+06    1.000000
1075    1.155625e+06    1.000000
1078    1.162084e+06    1.000000
1081    1.168561e+06    1.000000
1084    1.175056e+06    1.000000
1087    1.181569e+06    1.000000
1090    1.1881e+06    1.000000
1093    1.194649e+06    1.000000
1096    1.201216e+06    1.000000
1099    1.207801e+06    1.000000
1102    1.214404e+06    1.000000
1105    1.221025e+06    1.000000
1108    1.227664e+06    1.000000
1111    1.234321e+06    1.000000
1114    1.240996e+06    1.000000
1117    1.247689e+06    1.000000
1120    1.2544e+06    1.000000
1123    1.261129e+06    1.000000
1126    1.267876e+06    1.000000
1129    1.274641e+06    1.000000
1132    1.281424e+06    1.000000
1135    1.288225e+06    1.000000
1138    1.295044e+06    1.000000
1141    1.301881e+06    1.000000
1144    1.308736e+06    1.000000
1147    1.315609e+06    1.000000
1150    1.3225e+06    1.000000
1153    1.329409e+06    1.000000
1156    1.336336e+06    1.000000
1159    1.343281e+06    1.000000
1162    1.350244e+06    1.000000
1165    1.357225e+06    1.000000
1168    1.364224e+06    1.000000
1171    1.371241e+06    1.000000
1174    1.378276e+06    1.000000
1177    1.385329e+06    1.000000
1180    1.3924e+06    1.000000
1183    1.399489e+06    1.000000
1186    1.406596e+06    1.000000
1189    1.413721e+06    1.000000
1192    1.420864e+06    1.000000
1195    1.428025e+06    1.000000
1198    1.435204e+06    1.000000
1201    1.442401e+06    1.000000
1204    1.449616e+06    1.000000
1207    1.456849e+06    1.000000
1210    1.4641e+06    1.000000
1213    1.471369e+06    1.000000
1216    1.478656e+06    1.000000
1219    1.485961e+06    1.000000
1222    1.493284e+06    1.000000
1225    1.500625e+06    1.000000
1228    1.507984e+06    1.000000
1231    1.515361e+06    1.000000
1234    1.522756e+06    1.000000
1237    1.530169e+06    1.000000
1240    1.5376e+06    1.000000
1243    1.545049e+06    1.000000
1246    1.552516e+06    1.000000
1249    1.560001e+06    1.000000
1252    1.567504e+06    1.000000
1255    1.575025e+06    1.000000
1258    1.582564e+06    1.000000
1261    1.590121e+06    1.000000
1264    1.597696e+06    1.000000
1267    1.605289e+06    1.000000
1270    1.6129e+06    1.000000
1273    1.620529e+06    1.000000
1276    1.628176e+06    1.000000
1279    1.635841e+06    1.000000
1282    1.643524e+06    1.000000
1285    1.651225e+06    1.000000
1288    1.658944e+06    1.000000
1291    1.666681e+06    1.000000
1294    1.674436e+06    1.000000
1297    1.682209e+06    1.000000
1300    1.69e+06    1.000000
1303    1.697809e+06    1.000000
1306    1.705636e+06    1.000000
1309    1.713481e+06    1.000000
1312    1.721344e+06    1.000000
1315    1.729225e+06    1.000000
1318    1.737124e+06    1.000000
1321    1.745041e+06    1.000000
1324    1.752976e+06    1.000000
1327    1.760929e+06    1.000000
1330    1.7689e+06    1.000000
1333    1.776889e+06    1.000000
1336    1.784896e+06    1.000000
1339    1.792921e+06    1.000000
1342    1.800964e+06    1.000000
1345    1.809025e+06    1.000000
1348    1.817104e+06    1.000000
1351    1.825201e+06    1.000000
1354    1.833316e+06    1.000000
1357    1.841449e+06    1.000000
1360    1.8496e+06    1.000000
1363    1.857769e+06    1.000000
1366    1.865956e+06    1.000000
1369    1.874161e+06    1.000000
1372    1.882384e+06    1.000000
1375    1.890625e+06    1.000000
1378    1.898884e+06    1.000000
1381    1.907161e+06    1.000000
1384    1.915456e+06    1.000000
1387    1.923769e+06    1.000000
1390    1.9321e+06    1.000000
1393    1.940449e+06    1.000000
1396    1.948816e+06    1.000000
1399    1.957201e+06    1.000000
1402    1.965604e+06    1.000000
1405    1.974025e+06    1.000000
1408    1.982464e+06    1.000000
1411    1.990921e+06    1.000000
1414    1.999396e+06    1.000000
1417    2.007889e+06    1.000000
1420    2.0164e+06    1.000000
1423    2.024929e+06    1.000000
1426    2.033476e+06    1.000000
1429    2.042041e+06    1.000000
1432    2.050624e+06    1.000000
1435    2.059225e+06    1.000000
1438    2.067844e+06    1.000000
1441    2.076481e+06    1.000000
1444    2.085136e+06    1.000000
1447    2.093809e+06    1.000000
1450    2.1025e+06    1.000000
1453    2.111209e+06    1.000000
1456    2.119936e+06    1.000000
1459    2.128681e+06    1.000000
1462    2.137444e+06    1.000000
1465    2.146225e+06    1.000000
1468    2.155024e+06    1.000000
1471    2.163841e+06    1.000000
1474    2.172676e+06    1.000000
1477    2.181529e+06    1.000000
1480    2.1904e+06    1.000000
1483    2.199289e+06    1.000000
1486    2.208196e+06    1.000000
1489    2.217121e+06    1.000000
1492    2.226064e+06    1.000000
1495    2.235025e+06    1.000000
1498    2.244004e+06    1.000000
1501    2.253001e+06    1.000000
1504    2.262016e+06    1.000000
1507    2.271049e+06    1.000000
1510    2.2801e+06    1.000000
1513    2.289169e+06    1.000000
1516    2.298256e+06    1.000000
1519    2.307361e+06    1.000000
1522    2.316484e+06    1.000000
1525    2.325625e+06    1.000000
1528    2.334784e+06    1.000000
1531    2.343961e+06    1.000000
1534    2.353156e+06    1.000000
1537    2.362369e+06    1.000000
1540    2.3716e+06    1.000000
1543    2.380849e+06    1.000000
1546    2.390116e+06    1.000000
1549    2.399401e+06    1.000000
1552    2.408704e+06    1.000000
1555    2.418025e+06    1.000000
1558    2.427364e+06    1.000000
1561    2.436721e+06    1.000000
1564    2.446096e+06    1.000000
1567    2.455489e+06    1.000000
1570    2.4649e+06    1.000000
1573    2.474329e+06    1.000000
1576    2.483776e+06    1.000000
1579    2.493241e+06    1.000000
1582    2.502724e+06    1.000000
1585    2.512225e+06    1.000000
1588    2.521744e+06    1.000000
1591    2.531281e+06    1.000000
1594    2.540836e+06    1.000000
1597    2.550409e+06    1.000000
1600    2.56e+06    1.000000
1603    2.569609e+06    1.000000
1606    2.579236e+06    1.000000
1609    2.588881e+06    1.000000
1612    2.598544e+06    1.000000
1615    2.608225e+06    1.000000
1618    2.617924e+06    1.000000
1621    2.627641e+06    1.000000
1624    2.637376e+06    1.000000
1627    2.647129e+06    1.000000
1630    2.6569e+06    1.000000
1633    2.666689e+06    1.000000
1636    2.676496e+06    1.000000
1639    2.686321e+06    1.000000
1642    2.696164e+06    1.000000
1645    2.706025e+06    1.000000
1648    2.715904e+06    1.000000
1651    2.725801e+06    1.000000
1654    2.735716e+06    1.000000
1657    2.745649e+06    1.000000
1660    2.7556e+06    1.000000
1663    2.765569e+06    1.000000
1666    2.775556e+06    1.000000
1669    2.785561e+06    1.000000
1672    2.795584e+06    1.000000
1675    2.805625e+06    1.000000
1678    2.815684e+06    1.000000
1681    2.825761e+06    1.000000
1684    2.835856e+06    1.000000
1687    2.845969e+06    1.000000
1690    2.8561e+06    1.000000
1693    2.866249e+06    1.000000
1696    2.876416e+06    1.000000
1699    2.886601e+06    1.000000
1702    2.896804e+06    1.000000
1705    2.907025e+06    1.000000
1708    2.917264e+06    1.000000
1711    2.927521e+06    1.000000
1714    2.937796e+06    1.000000
1717    2.948089e+06    1.000000
1720    2.9584e+06    1.000000
1723    2.968729e+06    1.000000
1726    2.979076e+06    1.000000
1729    2.989441e+06    1.000000
1732    2.999824e+06    1.000000
1735    3.010225e+06    1.000000
1738    3.020644e+06    1.000000
1741    3.031081e+06    1.000000
1744    3.041536e+06    1.000000
1747    3.052009e+06    1.000000
1750    3.0625e+06    1.000000
1753    3.073009e+06    1.000000
1756    3.083536e+06    1.000000
1759    3.094081e+06    1.000000
1762    3.104644e+06    1.000000
1765    3.115225e+06    1.000000
1768    3.125824e+06    1.000000
1771    3.136441e+06    1.000000
1774    3.147076e+06    1.000000
1777    3.157729e+06    1.000000
1780    3.1684e+06    1.000000
1783    3.179089e+06    1.000000
1786    3.189796e+06    1.000000
1789    3.200521e+06    1.000000
1792    3.211264e+06    1.000000
1795    3.222025e+06    1.000000
1798    3.232804e+06    1.000000
1801    3.243601e+06    1.000000
1804    3.254416e+06    1.000000
1807    3.265249e+06    1.000000
1810    3.2761e+06    1.000000
1813    3.286969e+06    1.000000
1816    3.297856e+06    1.000000
1819    3.308761e+06    1.000000
1822    3.319684e+06    1.000000
1825    3.330625e+06    1.000000
1828    3.341584e+06    1.000000
1831    3.352561e+06    1.000000
1834    3.363556e+06    1.000000
1837    3.374569e+06    1.000000
1840    3.3856e+06    1.000000
1843    3.396649e+06    1.000000
1846    3.407716e+06    1.000000
1849    3.418801e+06    1.000000
1852    3.429904e+06    1.000000
1855    3.441025e+06    1.000000
1858    3.452164e+06    1.000000
1861    3.463321e+06    1.000000
1864    3.474496e+06    1.000000
1867    3.485689e+06    1.000000
1870    3.4969e+06    1.000000
1873    3.508129e+06    1.000000
1876    3.519376e+06    1.000000
1879    3.530641e+06    1.000000
1882    3.541924e+06    1.000000
1885    3.553225e+06    1.000000
1888    3.564544e+06    1.000000
1891    3.575881e+06    1.000000
1894    3.587236e+06    1.000000
1897    3.598609e+06    1.000000
1900    3.61e+06    1.000000
1903    3.621409e+06    1.000000
1906    3.632836e+06    1.000000
1909    3.644281e+06    1.000000
1912    3.655744e+06    1.000000
1915    3.667225e+06    1.000000
1918    3.678724e+06    1.000000
1921    3.690241e+06    1.000000
1924    3.701776e+06    1.000000
1927    3.713329e+06    1.000000
1930    3.7249e+06    1.000000
1933    3.736489e+06    1.000000
1936    3.748096e+06    1.000000
1939    3.759721e+06    1.000000
1942    3.771364e+06    1.000000
1945    3.783025e+06    1.000000
1948    3.794704e+06    1.000000
1951    3.806401e+06    1.000000
1954    3.818116e+06    1.000000
1957    3.829849e+06    1.000000
1960    3.8416e+06    1.000000
1963    3.853369e+06    1.000000
1966    3.865156e+06    1.000000
1969    3.876961e+06    1.000000
1972    3.888784e+06    1.000000
1975    3.900625e+06    1.000000
1978    3.912484e+06    1.000000
1981    3.924361e+06    1.000000
1984    3.936256e+06    1.000000
1987    3.948169e+06    1.000000
1990    3.9601e+06    1.000000
1993    3.972049e+06    1.000000
1996    3.984016e+06    1.000000
1999    3.996001e+06    1.000000
2002    4.008004e+06    1.000000
2005    4.020025e+06    1.000000
2008    4.032064e+06    1.000000
2011    4.044121e+06    1.000000
2014    4.056196e+06    1.000000
2017    4.068289e+06    1.000000
2020    4.0804e+06    1.000000
2023    4.092529e+06    1.000000
2026    4.104676e+06    1.000000
2029    4.116841e+06    1.000000
2032    4.129024e+06    1.000000
2035    4.141225e+06    1.000000
2038    4.153444e+06    1.000000
2041    4.165681e+06    1.000000
2044    4.177936e+06    1.000000
2047    4.190209e+06    1.000000
2050    4.2025e+06    1.000000
2053    4.214809e+06    1.000000
2056    4.227136e+06    1.000000
2059    4.239481e+06    1.000000
2062    4.251844e+06    1.000000
2065    4.264225e+06    1.000000
2068    4.276624e+06    1.000000
2071    4.289041e+06    1.000000
2074    4.301476e+06    1.000000
2077    4.313929e+06    1.000000
2080    4.3264e+06    1.000000
2083    4.338889e+06    1.000000
2086    4.351396e+06    1.000000
2089    4.363921e+06    1.000000
2092    4.376464e+06    1.000000
2095    4.389025e+06    1.000000
2098    4.401604e+06    1.000000
2101    4.414201e+06    1.000000
2104    4.426816e+06    1.000000
2107    4.439449e+06    1.000000
2110    4.4521e+06    1.000000
2113    4.464769e+06    1.000000
2116    4.477456e+06    1.000000
2119    4.490161e+06    1.000000
2122    4.502884e+06    1.000000
2125    4.515625e+06    1.000000
2128    4.528384e+06    1.000000
2131    4.541161e+06    1.000000
2134    4.553956e+06    1.000000
2137    4.566769e+06    1.000000
2140    4.5796e+06    1.000000
2143    4.592449e+06    1.000000
2146    4.605316e+06    1.000000
2149    4.618201e+06    1.000000
2152    4.631104e+06    1.000000
2155    4.644025e+06    1.000000
2158    4.656964e+06    1.000000
2161    4.669921e+06    1.000000
2164    4.682896e+06    1.000000
2167    4.695889e+06    1.000000
2170    4.7089e+06    1.000000
2173    4.721929e+06    1.000000
2176    4.734976e+06    1.000000
2179    4.748041e+06    1.000000
2182    4.761124e+06    1.000000
2185    4.774225e+06    1.000000
2188    4.787344e+06    1.000000
2191    4.800481e+06    1.000000
2194    4.813636e+06    1.000000
2197    4.826809e+06    1.000000
2200    4.84e+06    1.000000
2203    4.853209e+06    1.000000
2206    4.866436e+06    1.000000
2209    4.879681e+06    1.000000
2212    4.892944e+06    1.000000
2215    4.906225e+06    1.000000
2218    4.919524e+06    1.000000
2221    4.932841e+06    1.000000
2224    4.946176e+06    1.000000
2227    4.959529e+06    1.000000
2230    4.9729e+06    1.000000
2233    4.986289e+06    1.000000
2236    4.999696e+06    1.000000
2239    5.013121e+06    1.000000
2242    5.026564e+06    1.000000
2245    5.040025e+06    1.000000
2248    5.053504e+06    1.000000
2251    5.067001e+06    1.000000
2254    5.080516e+06    1.000000
2257    5.094049e+06    1.000000
2260    5.1076e+06    1.000000
2263    5.121169e+06    1.000000
2266    5.134756e+06    1.000000
2269    5.148361e+06    1.000000
2272    5.161984e+06    1.000000
2275    5.175625e+06    1.000000
2278    5.189284e+06    1.000000
2281    5.202961e+06    1.000000
2284    5.216656e+06    1.000000
2287    5.230369e+06    1.000000
2290    5.2441e+06    1.000000
2293    5.257849e+06    1.000000
2296    5.271616e+06    1.000000
2299    5.285401e+06    1.000000
2302    5.299204e+06    1.000000
2305    5.313025e+06    1.000000
2308    5.326864e+06    1.000000
2311    5.340721e+06    1.000000
2314    5.354596e+06    1.000000
2317    5.368489e+06    1.000000
2320    5.3824e+06    1.000000
2323    5.396329e+06    1.000000
2326    5.410276e+06    1.000000
2329    5.424241e+06    1.000000
2332    5.438224e+06    1.000000
2335    5.452225e+06    1.000000
2338    5.466244e+06    1.000000
2341    5.480281e+06    1.000000
2344    5.494336e+06    1.000000
2347    5.508409e+06    1.000000
2350    5.5225e+06    1.000000
2353    5.536609e+06    1.000000
2356    5.550736e+06    1.000000
2359    5.564881e+06    1.000000
2362    5.579044e+06    1.000000
2365    5.593225e+06    1.000000
2368    5.607424e+06    1.000000
2371    5.621641e+06    1.000000
2374    5.635876e+06    1.000000
2377    5.650129e+06    1.000000
2380    5.6644e+06    1.000000
2383    5.678689e+06    1.000000
2386    5.692996e+06    1.000000
2389    5.707321e+06    1.000000
2392    5.721664e+06    1.000000
2395    5.736025e+06    1.000000
2398    5.750404e+06    1.000000
2401    5.764801e+06    1.000000
2404    5.779216e+06    1.000000
2407    5.793649e+06    1.000000
2410    5.8081e+06    1.000000
2413    5.822569e+06    1.000000
2416    5.837056e+06    1.000000
2419    5.851561e+06    1.000000
2422    5.866084e+06    1.000000
2425    5.880625e+06    1.000000
2428    5.895184e+06    1.000000
2431    5.909761e+06    1.000000
2434    5.924356e+06    1.000000
2437    5.938969e+06    1.000000
2440    5.9536e+06    1.000000
2443    5.968249e+06    1.000000
2446    5.982916e+06    1.000000
2449    5.997601e+06    1.000000
2452    6.012304e+06    1.000000
2455    6.027025e+06    1.000000
2458    6.041764e+06    1.000000
2461    6.056521e+06    1.000000
2464    6.071296e+06    1.000000
2467    6.086089e+06    1.000000
2470    6.1009e+06    1.000000
2473    6.115729e+06    1.000000
2476    6.130576e+06    1.000000
2479    6.145441e+06    1.000000
2482    6.160324e+06    1.000000
2485    6.175225e+06    1.000000
2488    6.190144e+06    1.000000
2491    6.205081e+06    1.000000
2494    6.220036e+06    1.000000
2497    6.235009e+06    1.000000
2500    6.25e+06    1.000000
2503    6.265009e+06    1.000000
2506    6.280036e+06    1.000000
2509    6.295081e+06    1.000000
2512    6.310144e+06    1.000000
2515    6.325225e+06    1.000000
2518    6.340324e+06    1.000000
2521    6.355441e+06    1.000000
2524    6.370576e+06    1.000000
2527    6.385729e+06    1.000000
2530    6.4009e+06    1.000000
2533    6.416089e+06    1.000000
2536    6.431296e+06    1.000000
2539    6.446521e+06    1.000000
2542    6.461764e+06    1.000000
2545    6.477025e+06    1.000000
2548    6.492304e+06    1.000000
2551    6.507601e+06    1.000000
2554    6.522916e+06    1.000000
2557    6.538249e+06    1.000000
2560    6.5536e+06    1.000000
2563    6.568969e+06    1.000000
2566    6.584356e+06    1.000000
2569    6.599761e+06    1.000000
2572    6.615184e+06    1.000000
2575    6.630625e+06    1.000000
2578    6.646084e+06    1.000000
2581    6.661561e+06    1.000000
2584    6.677056e+06    1.000000
2587    6.692569e+06    1.000000
2590    6.7081e+06    1.000000
2593    6.723649e+06    1.000000
2596    6.739216e+06    1.000000
2599    6.754801e+06    1.000000
2602    6.770404e+06    1.000000
2605    6.786025e+06    1.000000
2608    6.801664e+06    1.000000
2611    6.817321e+06    1.000000
2614    6.832996e+06    1.000000
2617    6.848689e+06    1.000000
2620    6.8644e+06    1.000000
2623    6.880129e+06    1.000000
2626    6.895876e+06    1.000000
2629    6.911641e+06    1.000000
2632    6.927424e+06    1.000000
2635    6.943225e+06    1.000000
2638    6.959044e+06    1.000000
2641    6.974881e+06    1.000000
2644    6.990736e+06    1.000000
2647    7.006609e+06    1.000000
2650    7.0225e+06    1.000000
2653    7.038409e+06    1.000000
2656    7.054336e+06    1.000000
2659    7.070281e+06    1.000000
2662    7.086244e+06    1.000000
2665    7.102225e+06    1.000000
2668    7.118224e+06    1.000000
2671    7.134241e+06    1.000000
2674    7.150276e+06    1.000000
2677    7.166329e+06    1.000000
2680    7.1824e+06    1.000000
2683    7.198489e+06    1.000000
2686    7.214596e+06    1.000000
2689    7.230721e+06    1.000000
2692    7.246864e+06    1.000000
2695    7.263025e+06    1.000000
2698    7.279204e+06    1.000000
2701    7.295401e+06    1.000000
2704    7.311616e+06    1.000000
2707    7.327849e+06    1.000000
2710    7.3441e+06    1.000000
2713    7.360369e+06    1.000000
2716    7.376656e+06    1.000000
2719    7.392961e+06    1.000000
2722    7.409284e+06    1.000000
2725    7.425625e+06    1.000000
2728    7.441984e+06    1.000000
2731    7.458361e+06    1.000000
2734    7.474756e+06    1.000000
2737    7.491169e+06    1.000000
2740    7.5076e+06    1.000000
2743    7.524049e+06    1.000000
2746    7.540516e+06    1.000000
2749    7.557001e+06    1.000000
2752    7.573504e+06    1.000000
2755    7.590025e+06    1.000000
2758    7.606564e+06    1.000000
2761    7.623121e+06    1.000000
2764    7.639696e+06    1.000000
2767    7.656289e+06    1.000000
2770    7.6729e+06    1.000000
2773    7.689529e+06    1.000000
2776    7.706176e+06    1.000000
2779    7.722841e+06    1.000000
2782    7.739524e+06    1.000000
2785    7.756225e+06    1.000000
2788    7.772944e+06    1.000000
2791    7.789681e+06    1.000000
2794    7.806436e+06    1.000000
2797    7.823209e+06    1.000000
2800    7.84e+06    1.000000
2803    7.856809e+06    1.000000
2806    7.873636e+06    1.000000
2809    7.890481e+06    1.000000
2812    7.907344e+06    1.000000
2815    7.924225e+06    1.000000
2818    7.941124e+06    1.000000
2821    7.958041e+06    1.000000
2824    7.974976e+06    1.000000
2827    7.991929e+06    1.000000
2830    8.0089e+06    1.000000
2833    8.025889e+06    1.000000
2836    8.042896e+06    1.000000
2839    8.059921e+06    1.000000
2842    8.076964e+06    1.000000
2845    8.094025e+06    1.000000
2848    8.111104e+06    1.000000
2851    8.128201e+06    1.000000
2854    8.145316e+06    1.000000
2857    8.162449e+06    1.000000
2860    8.1796e+06    1.000000
2863    8.196769e+06    1.000000
2866    8.213956e+06    1.000000
2869    8.231161e+06    1.000000
2872    8.248384e+06    1.000000
2875    8.265625e+06    1.000000
2878    8.282884e+06    1.000000
2881    8.300161e+06    1.000000
2884    8.317456e+06    1.000000
2887    8.334769e+06    1.000000
2890    8.3521e+06    1.000000
2893    8.369449e+06    1.000000
2896    8.386816e+06    1.000000
2899    8.404201e+06    1.000000
2902    8.421604e+06    1.000000
2905    8.439025e+06    1.000000
2908    8.456464e+06    1.000000
2911    8.473921e+06    1.000000
2914    8.491396e+06    1.000000
2917    8.508889e+06    1.000000
2920    8.5264e+06    1.000000
2923    8.543929e+06    1.000000
2926    8.561476e+06    1.000000
2929    8.579041e+06    1.000000
2932    8.596624e+06    1.000000
2935    8.614225e+06    1.000000
2938    8.631844e+06    1.000000
2941    8.649481e+06    1.000000
2944    8.667136e+06    1.000000
2947    8.684809e+06    1.000000
2950    8.7025e+06    1.000000
2953    8.720209e+06    1.000000
2956    8.737936e+06    1.000000
2959    8.755681e+06    1.000000
2962    8.773444e+06    1.000000
2965    8.791225e+06    1.000000
2968    8.809024e+06    1.000000
2971    8.826841e+06    1.000000
2974    8.844676e+06    1.000000
2977    8.862529e+06    1.000000
2980    8.8804e+06    1.000000
2983    8.898289e+06    1.000000
2986    8.916196e+06    1.000000
2989    8.934121e+06    1.000000
2992    8.952064e+06    1.000000
2995    8.970025e+06    1.000000
2998    8.988004e+06    1.000000
3001    9.006001e+06    1.000000
3004    9.024016e+06    1.000000
3007    9.042049e+06    1.000000
3010    9.0601e+06    1.000000
3013    9.078169e+06    1.000000
3016    9.096256e+06    1.000000
3019    9.114361e+06    1.000000
3022    9.132484e+06    1.000000
3025    9.150625e+06    1.000000
3028    9.168784e+06    1.000000
3031    9.186961e+06    1.000000
3034    9.205156e+06    1.000000
3037    9.223369e+06    1.000000
3040    9.2416e+06    1.000000
3043    9.259849e+06    1.000000
3046    9.278116e+06    1.000000
3049    9.296401e+06    1.000000
3052    9.314704e+06    1.000000
3055    9.333025e+06    1.000000
3058    9.351364e+06    1.000000
3061    9.369721e+06    1.000000
3064    9.388096e+06    1.000000
3067    9.406489e+06    1.000000
3070    9.4249e+06    1.000000
3073    9.443329e+06    1.000000
3076    9.461776e+06    1.000000
3079    9.480241e+06    1.000000
3082    9.498724e+06    1.000000
3085    9.517225e+06    1.000000
3088    9.535744e+06    1.000000
3091    9.554281e+06    1.000000
3094    9.572836e+06    1.000000
3097    9.591409e+06    1.000000
3100    9.61e+06    1.000000
3103    9.628609e+06    1.000000
3106    9.647236e+06    1.000000
3109    9.665881e+06    1.000000
3112    9.684544e+06    1.000000
3115    9.703225e+06    1.000000
3118    9.721924e+06    1.000000
3121    9.740641e+06    1.000000
3124    9.759376e+06    1.000000
3127    9.778129e+06    1.000000
3130    9.7969e+06    1.000000
3133    9.815689e+06    1.000000
3136    9.834496e+06    1.000000
3139    9.853321e+06    1.000000
3142    9.872164e+06    1.000000
3145    9.891025e+06    1.000000
3148    9.909904e+06    1.000000
3151    9.928801e+06    1.000000
3154    9.947716e+06    1.000000
3157    9.966649e+06    1.000000
3160    9.9856e+06    1.000000
3163    1.0004569e+07    1.000000
3166    1.0023556e+07    1.000000
3169    1.0042561e+07    1.000000
3172    1.0061584e+07    1.000000
3175    1.0080625e+07    1.000000
3178    1.0099684e+07    1.000000
3181    1.0118761e+07    1.000000
3184    1.0137856e+07    1.000000
3187    1.0156969e+07    1.000000
3190    1.01761e+07    1.000000
3193    1.0195249e+07    1.000000
3196    1.0214416e+07    1.000000
3199    1.0233601e+07    1.000000
3202    1.0252804e+07    1.000000
3205    1.0272025e+07    1.000000
3208    1.0291264e+07    1.000000
3211    1.0310521e+07    1.000000
3214    1.0329796e+07    1.000000
3217    1.0349089e+07    1.000000
3220    1.03684e+07    1.000000
3223    1.0387729e+07    1.000000
3226    1.0407076e+07    1.000000
3229    1.0426441e+07    1.000000
3232    1.0445824e+07    1.000000
3235    1.0465225e+07    1.000000
3238    1.0484644e+07    1.000000
3241    1.0504081e+07    1.000000
3244    1.0523536e+07    1.000000
3247    1.0543009e+07    1.000000
3250    1.05625e+07    1.000000
3253    1.0582009e+07    1.000000
3256    1.0601536e+07    1.000000
3259    1.0621081e+07    1.000000
3262    1.0640644e+07    1.000000
3265    1.0660225e+07    1.000000
3268    1.0679824e+07    1.000000
3271    1.0699441e+07    1.000000
3274    1.0719076e+07    1.000000
3277    1.0738729e+07    1.000000
3280    1.07584e+07    1.000000
3283    1.0778089e+07    1.000000
3286    1.0797796e+07    1.000000
3289    1.0817521e+07    1.000000
3292    1.0837264e+07    1.000000
3295    1.0857025e+07    1.000000
3298    1.0876804e+07    1.000000
3301    1.0896601e+07    1.000000
3304    1.0916416e+07    1.000000
3307    1.0936249e+07    1.000000
3310    1.09561e+07    1.000000
3313    1.0975969e+07    1.000000
3316    1.0995856e+07    1.000000
3319    1.1015761e+07    1.000000
3322    1.1035684e+07    1.000000
3325    1.1055625e+07    1.000000
3328    1.1075584e+07    1.000000
3331    1.1095561e+07    1.000000
3334    1.1115556e+07    1.000000
3337    1.1135569e+07    1.000000
3340    1.11556e+07    1.000000
3343    1.1175649e+07    1.000000
3346    1.1195716e+07    1.000000
3349    1.1215801e+07    1.000000
3352    1.1235904e+07    1.000000
3355    1.1256025e+07    1.000000
3358    1.1276164e+07    1.000000
3361    1.1296321e+07    1.000000
3364    1.1316496e+07    1.000000
3367    1.1336689e+07    1.000000
3370    1.13569e+07    1.000000
3373    1.1377129e+07    1.000000
3376    1.1397376e+07    1.000000
3379    1.1417641e+07    1.000000
3382    1.1437924e+07    1.000000
3385    1.1458225e+07    1.000000
3388    1.1478544e+07    1.000000
3391    1.1498881e+07    1.000000
3394    1.1519236e+07    1.000000
3397    1.1539609e+07    1.000000
3400    1.156e+07    1.000000
3403    1.1580409e+07    1.000000
3406    1.1600836e+07    1.000000
3409    1.1621281e+07    1.000000
3412    1.1641744e+07    1.000000
3415    1.1662225e+07    1.000000
3418    1.1682724e+07    1.000000
3421    1.1703241e+07    1.000000
3424    1.1723776e+07    1.000000
3427    1.1744329e+07    1.000000
3430    1.17649e+07    1.000000
3433    1.1785489e+07    1.000000
3436    1.1806096e+07    1.000000
3439    1.1826721e+07    1.000000
3442    1.1847364e+07    1.000000
3445    1.1868025e+07    1.000000
3448    1.1888704e+07    1.000000
3451    1.1909401e+07    1.000000
3454    1.1930116e+07    1.000000
3457    1.1950849e+07    1.000000
3460    1.19716e+07    1.000000
3463    1.1992369e+07    1.000000
3466    1.2013156e+07    1.000000
3469    1.2033961e+07    1.000000
3472    1.2054784e+07    1.000000
3475    1.2075625e+07    1.000000
3478    1.2096484e+07    1.000000
3481    1.2117361e+07    1.000000
3484    1.2138256e+07    1.000000
3487    1.2159169e+07    1.000000
3490    1.21801e+07    1.000000
3493    1.2201049e+07    1.000000
3496    1.2222016e+07    1.000000
3499    1.2243001e+07    1.000000
3502    1.2264004e+07    1.000000
3505    1.2285025e+07    1.000000
3508    1.2306064e+07    1.000000
3511    1.2327121e+07    1.000000
3514    1.2348196e+07    1.000000
3517    1.2369289e+07    1.000000
3520    1.23904e+07    1.000000
3523    1.2411529e+07    1.000000
3526    1.2432676e+07    1.000000
3529    1.2453841e+07    1.000000
3532    1.2475024e+07    1.000000
3535    1.2496225e+07    1.000000
3538    1.2517444e+07    1.000000
3541    1.2538681e+07    1.000000
3544    1.2559936e+07    1.000000
3547    1.2581209e+07    1.000000
3550    1.26025e+07    1.000000
3553    1.2623809e+07    1.000000
3556    1.2645136e+07    1.000000
3559    1.2666481e+07    1.000000
3562    1.2687844e+07    1.000000
3565    1.2709225e+07    1.000000
3568    1.2730624e+07    1.000000
3571    1.2752041e+07    1.000000
3574    1.2773476e+07    1.000000
3577    1.2794929e+07    1.000000
3580    1.28164e+07    1.000000
3583    1.2837889e+07    1.000000
3586    1.2859396e+07    1.000000
3589    1.2880921e+07    1.000000
3592    1.2902464e+07    1.000000
3595    1.2924025e+07    1.000000
3598    1.2945604e+07    1.000000
3601    1.2967201e+07    1.000000
3604    1.2988816e+07    1.000000
3607    1.3010449e+07    1.000000
3610    1.30321e+07    1.000000
3613    1.3053769e+07    1.000000
3616    1.3075456e+07    1.000000
3619    1.3097161e+07    1.000000
3622    1.3118884e+07    1.000000
3625    1.3140625e+07    1.000000
3628    1.3162384e+07    1.000000
3631    1.3184161e+07    1.000000
3634    1.3205956e+07    1.000000
3637    1.3227769e+07    1.000000
3640    1.32496e+07    1.000000
3643    1.3271449e+07    1.000000
3646    1.3293316e+07    1.000000
3649    1.3315201e+07    1.000000
3652    1.3337104e+07    1.000000
3655    1.3359025e+07    1.000000
3658    1.3380964e+07    1.000000
3661    1.3402921e+07    1.000000
3664    1.3424896e+07    1.000000
3667    1.3446889e+07    1.000000
3670    1.34689e+07    1.000000
3673    1.3490929e+07    1.000000
3676    1.3512976e+07    1.000000
3679    1.3535041e+07    1.000000
3682    1.3557124e+07    1.000000
3685    1.3579225e+07    1.000000
3688    1.3601344e+07    1.000000
3691    1.3623481e+07    1.000000
3694    1.3645636e+07    1.000000
3697    1.3667809e+07    1.000000
3700    1.369e+07    1.000000
3703    1.3712209e+07    1.000000
3706    1.3734436e+07    1.000000
3709    1.3756681e+07    1.000000
3712    1.3778944e+07    1.000000
3715    1.3801225e+07    1.000000
3718    1.3823524e+07    1.000000
3721    1.3845841e+07    1.000000
3724    1.3868176e+07    1.000000
3727    1.3890529e+07    1.000000
3730    1.39129e+07    1.000000
3733    1.3935289e+07    1.000000
3736    1.3957696e+07    1.000000
3739    1.3980121e+07    1.000000
3742    1.4002564e+07    1.000000
3745    1.4025025e+07    1.000000
3748    1.4047504e+07    1.000000
3751    1.4070001e+07    1.000000
3754    1.4092516e+07    1.000000
3757    1.4115049e+07    1.000000
3760    1.41376e+07    1.000000
3763    1.4160169e+07    1.000000
3766    1.4182756e+07    1.000000
3769    1.4205361e+07    1.000000
3772    1.4227984e+07    1.000000
3775    1.4250625e+07    1.000000
3778    1.4273284e+07    1.000000
3781    1.4295961e+07    1.000000
3784    1.4318656e+07    1.000000
3787    1.4341369e+07    1.000000
3790    1.43641e+07    1.000000
3793    1.4386849e+07    1.000000
3796    1.4409616e+07    1.000000
3799    1.4432401e+07    1.000000
3802    1.4455204e+07    1.000000
3805    1.4478025e+07    1.000000
3808    1.4500864e+07    1.000000
3811    1.4523721e+07    1.000000
3814    1.4546596e+07    1.000000
3817    1.4569489e+07    1.000000
3820    1.45924e+07    1.000000
3823    1.4615329e+07    1.000000
3826    1.4638276e+07    1.000000
3829    1.4661241e+07    1.000000
3832    1.4684224e+07    1.000000
3835    1.4707225e+07    1.000000
3838    1.4730244e+07    1.000000
3841    1.4753281e+07    1.000000
3844    1.4776336e+07    1.000000
3847    1.4799409e+07    1.000000
3850    1.48225e+07    1.000000
3853    1.4845609e+07    1.000000
3856    1.4868736e+07    1.000000
3859    1.4891881e+07    1.000000
3862    1.4915044e+07    1.000000
3865    1.4938225e+07    1.000000
3868    1.4961424e+07    1.000000
3871    1.4984641e+07    1.000000
3874    1.5007876e+07    1.000000
3877    1.5031129e+07    1.000000
3880    1.50544e+07    1.000000
3883    1.5077689e+07    1.000000
3886    1.5100996e+07    1.000000
3889    1.5124321e+07    1.000000
3892    1.5147664e+07    1.000000
3895    1.5171025e+07    1.000000
3898    1.5194404e+07    1.000000
3901    1.5217801e+07    1.000000
3904    1.5241216e+07    1.000000
3907    1.5264649e+07    1.000000
3910    1.52881e+07    1.000000
3913    1.5311569e+07    1.000000
3916    1.5335056e+07    1.000000
3919    1.5358561e+07    1.000000
3922    1.5382084e+07    1.000000
3925    1.5405625e+07    1.000000
3928    1.5429184e+07    1.000000
3931    1.5452761e+07    1.000000
3934    1.5476356e+07    1.000000
3937    1.5499969e+07    1.000000
3940    1.55236e+07    1.000000
3943    1.5547249e+07    1.000000
3946    1.5570916e+07    1.000000
3949    1.5594601e+07    1.000000
3952    1.5618304e+07    1.000000
3955    1.5642025e+07    1.000000
3958    1.5665764e+07    1.000000
3961    1.5689521e+07    1.000000
3964    1.5713296e+07    1.000000
3967    1.5737089e+07    1.000000
3970    1.57609e+07    1.000000
3973    1.5784729e+07    1.000000
3976    1.5808576e+07    1.000000
3979    1.5832441e+07    1.000000
3982    1.5856324e+07    1.000000
3985    1.5880225e+07    1.000000
3988    1.5904144e+07    1.000000
3991    1.5928081e+07    1.000000
3994    1.5952036e+07    1.000000
3997    1.5976009e+07    1.000000
4000    1.6e+07    1.000000
4003    1.6024009e+07    1.000000
4006    1.6048036e+07    1.000000
4009    1.6072081e+07    1.000000
4012    1.6096144e+07    1.000000
4015    1.6120225e+07    1.000000
4018    1.6144324e+07    1.000000
4021    1.6168441e+07    1.000000
4024    1.6192576e+07    1.000000
4027    1.6216729e+07    1.000000
4030    1.62409e+07    1.000000
4033    1.6265089e+07    1.000000
4036    1.6289296e+07    1.000000
4039    1.6313521e+07    1.000000
4042    1.6337764e+07    1.000000
4045    1.6362025e+07    1.000000
4048    1.6386304e+07    1.000000
4051    1.6410601e+07    1.000000
4054    1.6434916e+07    1.000000
4057    1.6459249e+07    1.000000
4060    1.64836e+07    1.000000
4063    1.6507969e+07    1.000000
4066    1.6532356e+07    1.000000
4069    1.6556761e+07    1.000000
4072    1.6581184e+07    1.000000
4075    1.6605625e+07    1.000000
4078    1.6630084e+07    1.000000
4081    1.6654561e+07    1.000000
4084    1.6679056e+07    1.000000
4087    1.6703569e+07    1.000000
4090    1.67281e+07    1.000000
4093    1.6752649e+07    1.000000
4096    1.6777216e+07    1.000000
4099    1.6801801e+07    1.000000
4102    1.6826404e+07    1.000000
4105    1.6851025e+07    1.000000
4108    1.6875664e+07    1.000000
4111    1.6900321e+07    1.000000
4114    1.6924996e+07    1.000000
4117    1.6949689e+07    1.000000
4120    1.69744e+07    1.000000
4123    1.6999129e+07    1.000000
4126    1.7023876e+07    1.000000
4129    1.7048641e+07    1.000000
4132    1.7073424e+07    1.000000
4135    1.7098225e+07    1.000000
4138    1.7123044e+07    1.000000
4141    1.7147881e+07    1.000000
4144    1.7172736e+07    1.000000
4147    1.7197609e+07    1.000000
4150    1.72225e+07    1.000000
4153    1.7247409e+07    1.000000
4156    1.7272336e+07    1.000000
4159    1.7297281e+07    1.000000
4162    1.7322244e+07    1.000000
4165    1.7347225e+07    1.000000
4168    1.7372224e+07    1.000000
4171    1.7397241e+07    1.000000
4174    1.7422276e+07    1.000000
4177    1.7447329e+07    1.000000
4180    1.74724e+07    1.000000
4183    1.7497489e+07    1.000000
4186    1.7522596e+07    1.000000
4189    1.7547721e+07    1.000000
4192    1.7572864e+07    1.000000
4195    1.7598025e+07    1.000000
4198    1.7623204e+07    1.000000
4201    1.7648401e+07    1.000000
4204    1.7673616e+07    1.000000
4207    1.7698849e+07    1.000000
4210    1.77241e+07    1.000000
4213    1.7749369e+07    1.000000
4216    1.7774656e+07    1.000000
4219    1.7799961e+07    1.000000
4222    1.7825284e+07    1.000000
4225    1.7850625e+07    1.000000
4228    1.7875984e+07    1.000000
4231    1.7901361e+07    1.000000
4234    1.7926756e+07    1.000000
4237    1.7952169e+07    1.000000
4240    1.79776e+07    1.000000
4243    1.8003049e+07    1.000000
4246    1.8028516e+07    1.000000
4249    1.8054001e+07    1.000000
4252    1.8079504e+07    1.000000
4255    1.8105025e+07    1.000000
4258    1.8130564e+07    1.000000
4261    1.8156121e+07    1.000000
4264    1.8181696e+07    1.000000
4267    1.8207289e+07    1.000000
4270    1.82329e+07    1.000000
4273    1.8258529e+07    1.000000
4276    1.8284176e+07    1.000000
4279    1.8309841e+07    1.000000
4282    1.8335524e+07    1.000000
4285    1.8361225e+07    1.000000
4288    1.8386944e+07    1.000000
4291    1.8412681e+07    1.000000
4294    1.8438436e+07    1.000000
4297    1.8464209e+07    1.000000
4300    1.849e+07    1.000000
4303    1.8515809e+07    1.000000
4306    1.8541636e+07    1.000000
4309    1.8567481e+07    1.000000
4312    1.8593344e+07    1.000000
4315    1.8619225e+07    1.000000
4318    1.8645124e+07    1.000000
4321    1.8671041e+07    1.000000
4324    1.8696976e+07    1.000000
4327    1.8722929e+07    1.000000
4330    1.87489e+07    1.000000
4333    1.8774889e+07    1.000000
4336    1.8800896e+07    1.000000
4339    1.8826921e+07    1.000000
4342    1.8852964e+07    1.000000
4345    1.8879025e+07    1.000000
4348    1.8905104e+07    1.000000
4351    1.8931201e+07    1.000000
4354    1.8957316e+07    1.000000
4357    1.8983449e+07    1.000000
4360    1.90096e+07    1.000000
4363    1.9035769e+07    1.000000
4366    1.9061956e+07    1.000000
4369    1.9088161e+07    1.000000
4372    1.9114384e+07    1.000000
4375    1.9140625e+07    1.000000
4378    1.9166884e+07    1.000000
4381    1.9193161e+07    1.000000
4384    1.9219456e+07    1.000000
4387    1.9245769e+07    1.000000
4390    1.92721e+07    1.000000
4393    1.9298449e+07    1.000000
4396    1.9324816e+07    1.000000
4399    1.9351201e+07    1.000000
4402    1.9377604e+07    1.000000
4405    1.9404025e+07    1.000000
4408    1.9430464e+07    1.000000
4411    1.9456921e+07    1.000000
4414    1.9483396e+07    1.000000
4417    1.9509889e+07    1.000000
4420    1.95364e+07    1.000000
4423    1.9562929e+07    1.000000
4426    1.9589476e+07    1.000000
4429    1.9616041e+07    1.000000
4432    1.9642624e+07    1.000000
4435    1.9669225e+07    1.000000
4438    1.9695844e+07    1.000000
4441    1.9722481e+07    1.000000
4444    1.9749136e+07    1.000000
4447    1.9775809e+07    1.000000
4450    1.98025e+07    1.000000
4453    1.9829209e+07    1.000000
4456    1.9855936e+07    1.000000
4459    1.9882681e+07    1.000000
4462    1.9909444e+07    1.000000
4465    1.9936225e+07    1.000000
4468    1.9963024e+07    1.000000
4471    1.9989841e+07    1.000000
4474    2.0016676e+07    1.000000
4477    2.0043529e+07    1.000000
4480    2.00704e+07    1.000000
4483    2.0097289e+07    1.000000
4486    2.0124196e+07    1.000000
4489    2.0151121e+07    1.000000
4492    2.0178064e+07    1.000000
4495    2.0205025e+07    1.000000
4498    2.0232004e+07    1.000000
4501    2.0259001e+07    1.000000
4504    2.0286016e+07    1.000000
4507    2.0313049e+07    1.000000
4510    2.03401e+07    1.000000
4513    2.0367169e+07    1.000000
4516    2.0394256e+07    1.000000
4519    2.0421361e+07    1.000000
4522    2.0448484e+07    1.000000
4525    2.0475625e+07    1.000000
4528    2.0502784e+07    1.000000
4531    2.0529961e+07    1.000000
4534    2.0557156e+07    1.000000
4537    2.0584369e+07    1.000000
4540    2.06116e+07    1.000000
4543    2.0638849e+07    1.000000
4546    2.0666116e+07    1.000000
4549    2.0693401e+07    1.000000
4552    2.0720704e+07    1.000000
4555    2.0748025e+07    1.000000
4558    2.0775364e+07    1.000000
4561    2.0802721e+07    1.000000
4564    2.0830096e+07    1.000000
4567    2.0857489e+07    1.000000
4570    2.08849e+07    1.000000
4573    2.0912329e+07    1.000000
4576    2.0939776e+07    1.000000
4579    2.0967241e+07    1.000000
4582    2.0994724e+07    1.000000
4585    2.1022225e+07    1.000000
4588    2.1049744e+07    1.000000
4591    2.1077281e+07    1.000000
4594    2.1104836e+07    1.000000
4597    2.1132409e+07    1.000000
4600    2.116e+07    1.000000
4603    2.1187609e+07    1.000000
4606    2.1215236e+07    1.000000
4609    2.1242881e+07    1.000000
4612    2.1270544e+07    1.000000
4615    2.1298225e+07    1.000000
4618    2.1325924e+07    1.000000
4621    2.1353641e+07    1.000000
4624    2.1381376e+07    1.000000
4627    2.1409129e+07    1.000000
4630    2.14369e+07    1.000000
4633    2.1464689e+07    1.000000
4636    2.1492496e+07    1.000000
4639    2.1520321e+07    1.000000
4642    2.1548164e+07    1.000000
4645    2.1576025e+07    1.000000
4648    2.1603904e+07    1.000000
4651    2.1631801e+07    1.000000
4654    2.1659716e+07    1.000000
4657    2.1687649e+07    1.000000
4660    2.17156e+07    1.000000
4663    2.1743569e+07    1.000000
4666    2.1771556e+07    1.000000
4669    2.1799561e+07    1.000000
4672    2.1827584e+07    1.000000
4675    2.1855625e+07    1.000000
4678    2.1883684e+07    1.000000
4681    2.1911761e+07    1.000000
4684    2.1939856e+07    1.000000
4687    2.1967969e+07    1.000000
4690    2.19961e+07    1.000000
4693    2.2024249e+07    1.000000
4696    2.2052416e+07    1.000000
4699    2.2080601e+07    1.000000
4702    2.2108804e+07    1.000000
4705    2.2137025e+07    1.000000
4708    2.2165264e+07    1.000000
4711    2.2193521e+07    1.000000
4714    2.2221796e+07    1.000000
4717    2.2250089e+07    1.000000
4720    2.22784e+07    1.000000
4723    2.2306729e+07    1.000000
4726    2.2335076e+07    1.000000
4729    2.2363441e+07    1.000000
4732    2.2391824e+07    1.000000
4735    2.2420225e+07    1.000000
4738    2.2448644e+07    1.000000
4741    2.2477081e+07    1.000000
4744    2.2505536e+07    1.000000
4747    2.2534009e+07    1.000000
4750    2.25625e+07    1.000000
4753    2.2591009e+07    1.000000
4756    2.2619536e+07    1.000000
4759    2.2648081e+07    1.000000
4762    2.2676644e+07    1.000000
4765    2.2705225e+07    1.000000
4768    2.2733824e+07    1.000000
4771    2.2762441e+07    1.000000
4774    2.2791076e+07    1.000000
4777    2.2819729e+07    1.000000
4780    2.28484e+07    1.000000
4783    2.2877089e+07    1.000000
4786    2.2905796e+07    1.000000
4789    2.2934521e+07    1.000000
4792    2.2963264e+07    1.000000
4795    2.2992025e+07    1.000000
4798    2.3020804e+07    1.000000
4801    2.3049601e+07    1.000000
4804    2.3078416e+07    1.000000
4807    2.3107249e+07    1.000000
4810    2.31361e+07    1.000000
4813    2.3164969e+07    1.000000
4816    2.3193856e+07    1.000000
4819    2.3222761e+07    1.000000
4822    2.3251684e+07    1.000000
4825    2.3280625e+07    1.000000
4828    2.3309584e+07    1.000000
4831    2.3338561e+07    1.000000
4834    2.3367556e+07    1.000000
4837    2.3396569e+07    1.000000
4840    2.34256e+07    1.000000
4843    2.3454649e+07    1.000000
4846    2.3483716e+07    1.000000
4849    2.3512801e+07    1.000000
4852    2.3541904e+07    1.000000
4855    2.3571025e+07    1.000000
4858    2.3600164e+07    1.000000
4861    2.3629321e+07    1.000000
4864    2.3658496e+07    1.000000
4867    2.3687689e+07    1.000000
4870    2.37169e+07    1.000000
4873    2.3746129e+07    1.000000
4876    2.3775376e+07    1.000000
4879    2.3804641e+07    1.000000
4882    2.3833924e+07    1.000000
4885    2.3863225e+07    1.000000
4888    2.3892544e+07    1.000000
4891    2.3921881e+07    1.000000
4894    2.3951236e+07    1.000000
4897    2.3980609e+07    1.000000
4900    2.401e+07    1.000000
4903    2.4039409e+07    1.000000
4906    2.4068836e+07    1.000000
4909    2.4098281e+07    1.000000
4912    2.4127744e+07    1.000000
4915    2.4157225e+07    1.000000
4918    2.4186724e+07    1.000000
4921    2.4216241e+07    1.000000
4924    2.4245776e+07    1.000000
4927    2.4275329e+07    1.000000
4930    2.43049e+07    1.000000
4933    2.4334489e+07    1.000000
4936    2.4364096e+07    1.000000
4939    2.4393721e+07    1.000000
4942    2.4423364e+07    1.000000
4945    2.4453025e+07    1.000000
4948    2.4482704e+07    1.000000
4951    2.4512401e+07    1.000000
4954    2.4542116e+07    1.000000
4957    2.4571849e+07    1.000000
4960    2.46016e+07    1.000000
4963    2.4631369e+07    1.000000
4966    2.4661156e+07    1.000000
4969    2.4690961e+07    1.000000
4972    2.4720784e+07    1.000000
4975    2.4750625e+07    1.000000
4978    2.4780484e+07    1.000000
4981    2.4810361e+07    1.000000
4984    2.4840256e+07    1.000000
4987    2.4870169e+07    1.000000
4990    2.49001e+07    1.000000
4993    2.4930049e+07    1.000000
4996    2.4960016e+07    1.000000
4999    2.4990001e+07    1.000000
5002    2.5020004e+07    1.000000
5005    2.5050025e+07    1.000000
5008    2.5080064e+07    1.000000
5011    2.5110121e+07    1.000000
5014    2.5140196e+07    1.000000
5017    2.5170289e+07    1.000000
5020    2.52004e+07    1.000000
5023    2.5230529e+07    1.000000
5026    2.5260676e+07    1.000000
5029    2.5290841e+07    1.000000
5032    2.5321024e+07    1.000000
5035    2.5351225e+07    1.000000
5038    2.5381444e+07    1.000000
5041    2.5411681e+07    1.000000
5044    2.5441936e+07    1.000000
5047    2.5472209e+07    1.000000
5050    2.55025e+07    1.000000
5053    2.5532809e+07    1.000000
5056    2.5563136e+07    1.000000
5059    2.5593481e+07    1.000000
5062    2.5623844e+07    1.000000
5065    2.5654225e+07    1.000000
5068    2.5684624e+07    1.000000
5071    2.5715041e+07    1.000000
5074    2.5745476e+07    1.000000
5077    2.5775929e+07    1.000000
5080    2.58064e+07    1.000000
5083    2.5836889e+07    1.000000
5086    2.5867396e+07    1.000000
5089    2.5897921e+07    1.000000
5092    2.5928464e+07    1.000000
5095    2.5959025e+07    1.000000
5098    2.5989604e+07    1.000000
5101    2.6020201e+07    1.000000
5104    2.6050816e+07    1.000000
5107    2.6081449e+07    1.000000
5110    2.61121e+07    1.000000
5113    2.6142769e+07    1.000000
5116    2.6173456e+07    1.000000
5119    2.6204161e+07    1.000000
5122    2.6234884e+07    1.000000
5125    2.6265625e+07    1.000000
5128    2.6296384e+07    1.000000
5131    2.6327161e+07    1.000000
5134    2.6357956e+07    1.000000
5137    2.6388769e+07    1.000000
5140    2.64196e+07    1.000000
5143    2.6450449e+07    1.000000
5146    2.6481316e+07    1.000000
5149    2.6512201e+07    1.000000
5152    2.6543104e+07    1.000000
5155    2.6574025e+07    1.000000
5158    2.6604964e+07    1.000000
5161    2.6635921e+07    1.000000
5164    2.6666896e+07    1.000000
5167    2.6697889e+07    1.000000
5170    2.67289e+07    1.000000
5173    2.6759929e+07    1.000000
5176    2.6790976e+07    1.000000
5179    2.6822041e+07    1.000000
5182    2.6853124e+07    1.000000
5185    2.6884225e+07    1.000000
5188    2.6915344e+07    1.000000
5191    2.6946481e+07    1.000000
5194    2.6977636e+07    1.000000
5197    2.7008809e+07    1.000000
5200    2.704e+07    1.000000
5203    2.7071209e+07    1.000000
5206    2.7102436e+07    1.000000
5209    2.7133681e+07    1.000000
5212    2.7164944e+07    1.000000
5215    2.7196225e+07    1.000000
5218    2.7227524e+07    1.000000
5221    2.7258841e+07    1.000000
5224    2.7290176e+07    1.000000
5227    2.7321529e+07    1.000000
5230    2.73529e+07    1.000000
5233    2.7384289e+07    1.000000
5236    2.7415696e+07    1.000000
5239    2.7447121e+07    1.000000
5242    2.7478564e+07    1.000000
5245    2.7510025e+07    1.000000
5248    2.7541504e+07    1.000000
5251    2.7573001e+07    1.000000
5254    2.7604516e+07    1.000000
5257    2.7636049e+07    1.000000
5260    2.76676e+07    1.000000
5263    2.7699169e+07    1.000000
5266    2.7730756e+07    1.000000
5269    2.7762361e+07    1.000000
5272    2.7793984e+07    1.000000
5275    2.7825625e+07    1.000000
5278    2.7857284e+07    1.000000
5281    2.7888961e+07    1.000000
5284    2.7920656e+07    1.000000
5287    2.7952369e+07    1.000000
5290    2.79841e+07    1.000000
5293    2.8015849e+07    1.000000
5296    2.8047616e+07    1.000000
5299    2.8079401e+07    1.000000
5302    2.8111204e+07    1.000000
5305    2.8143025e+07    1.000000
5308    2.8174864e+07    1.000000
5311    2.8206721e+07    1.000000
5314    2.8238596e+07    1.000000
5317    2.8270489e+07    1.000000
5320    2.83024e+07    1.000000
5323    2.8334329e+07    1.000000
5326    2.8366276e+07    1.000000
5329    2.8398241e+07    1.000000
5332    2.8430224e+07    1.000000
5335    2.8462225e+07    1.000000
5338    2.8494244e+07    1.000000
5341    2.8526281e+07    1.000000
5344    2.8558336e+07    1.000000
5347    2.8590409e+07    1.000000
5350    2.86225e+07    1.000000
5353    2.8654609e+07    1.000000
5356    2.8686736e+07    1.000000
5359    2.8718881e+07    1.000000
5362    2.8751044e+07    1.000000
5365    2.8783225e+07    1.000000
5368    2.8815424e+07    1.000000
5371    2.8847641e+07    1.000000
5374    2.8879876e+07    1.000000
5377    2.8912129e+07    1.000000
5380    2.89444e+07    1.000000
5383    2.8976689e+07    1.000000
5386    2.9008996e+07    1.000000
5389    2.9041321e+07    1.000000
5392    2.9073664e+07    1.000000
5395    2.9106025e+07    1.000000
5398    2.9138404e+07    1.000000
5401    2.9170801e+07    1.000000
5404    2.9203216e+07    1.000000
5407    2.9235649e+07    1.000000
5410    2.92681e+07    1.000000
5413    2.9300569e+07    1.000000
5416    2.9333056e+07    1.000000
5419    2.9365561e+07    1.000000
5422    2.9398084e+07    1.000000
5425    2.9430625e+07    1.000000
5428    2.9463184e+07    1.000000
5431    2.9495761e+07    1.000000
5434    2.9528356e+07    1.000000
5437    2.9560969e+07    1.000000
5440    2.95936e+07    1.000000
5443    2.9626249e+07    1.000000
5446    2.9658916e+07    1.000000
5449    2.9691601e+07    1.000000
5452    2.9724304e+07    1.000000
5455    2.9757025e+07    1.000000
5458    2.9789764e+07    1.000000
5461    2.9822521e+07    1.000000
5464    2.9855296e+07    1.000000
5467    2.9888089e+07    1.000000
5470    2.99209e+07    1.000000
5473    2.9953729e+07    1.000000
5476    2.9986576e+07    1.000000
5479    3.0019441e+07    1.000000
5482    3.0052324e+07    1.000000
5485    3.0085225e+07    1.000000
5488    3.0118144e+07    1.000000
5491    3.0151081e+07    1.000000
5494    3.0184036e+07    1.000000
5497    3.0217009e+07    1.000000
5500    3.025e+07    1.000000
5503    3.0283009e+07    1.000000
5506    3.0316036e+07    1.000000
5509    3.0349081e+07    1.000000
5512    3.0382144e+07    1.000000
5515    3.0415225e+07    1.000000
5518    3.0448324e+07    1.000000
5521    3.0481441e+07    1.000000
5524    3.0514576e+07    1.000000
5527    3.0547729e+07    1.000000
5530    3.05809e+07    1.000000
5533    3.0614089e+07    1.000000
5536    3.0647296e+07    1.000000
5539    3.0680521e+07    1.000000
5542    3.0713764e+07    1.000000
5545    3.0747025e+07    1.000000
5548    3.0780304e+07    1.000000
5551    3.0813601e+07    1.000000
5554    3.0846916e+07    1.000000
5557    3.0880249e+07    1.000000
5560    3.09136e+07    1.000000
5563    3.0946969e+07    1.000000
5566    3.0980356e+07    1.000000
5569    3.1013761e+07    1.000000
5572    3.1047184e+07    1.000000
5575    3.1080625e+07    1.000000
5578    3.1114084e+07    1.000000
5581    3.1147561e+07    1.000000
5584    3.1181056e+07    1.000000
5587    3.1214569e+07    1.000000
5590    3.12481e+07    1.000000
5593    3.1281649e+07    1.000000
5596    3.1315216e+07    1.000000
5599    3.1348801e+07    1.000000
5602    3.1382404e+07    1.000000
5605    3.1416025e+07    1.000000
5608    3.1449664e+07    1.000000
5611    3.1483321e+07    1.000000
5614    3.1516996e+07    1.000000
5617    3.1550689e+07    1.000000
5620    3.15844e+07    1.000000
5623    3.1618129e+07    1.000000
5626    3.1651876e+07    1.000000
5629    3.1685641e+07    1.000000
5632    3.1719424e+07    1.000000
5635    3.1753225e+07    1.000000
5638    3.1787044e+07    1.000000
5641    3.1820881e+07    1.000000
5644    3.1854736e+07    1.000000
5647    3.1888609e+07    1.000000
5650    3.19225e+07    1.000000
5653    3.1956409e+07    1.000000
5656    3.1990336e+07    1.000000
5659    3.2024281e+07    1.000000
5662    3.2058244e+07    1.000000
5665    3.2092225e+07    1.000000
5668    3.2126224e+07    1.000000
5671    3.2160241e+07    1.000000
5674    3.2194276e+07    1.000000
5677    3.2228329e+07    1.000000
5680    3.22624e+07    1.000000
5683    3.2296489e+07    1.000000
5686    3.2330596e+07    1.000000
5689    3.2364721e+07    1.000000
5692    3.2398864e+07    1.000000
5695    3.2433025e+07    1.000000
5698    3.2467204e+07    1.000000
5701    3.2501401e+07    1.000000
5704    3.2535616e+07    1.000000
5707    3.2569849e+07    1.000000
5710    3.26041e+07    1.000000
5713    3.2638369e+07    1.000000
5716    3.2672656e+07    1.000000
5719    3.2706961e+07    1.000000
5722    3.2741284e+07    1.000000
5725    3.2775625e+07    1.000000
5728    3.2809984e+07    1.000000
5731    3.2844361e+07    1.000000
5734    3.2878756e+07    1.000000
5737    3.2913169e+07    1.000000
5740    3.29476e+07    1.000000
5743    3.2982049e+07    1.000000
5746    3.3016516e+07    1.000000
5749    3.3051001e+07    1.000000
5752    3.3085504e+07    1.000000
5755    3.3120025e+07    1.000000
5758    3.3154564e+07    1.000000
5761    3.3189121e+07    1.000000
5764    3.3223696e+07    1.000000
5767    3.3258289e+07    1.000000
5770    3.32929e+07    1.000000
5773    3.3327529e+07    1.000000
5776    3.3362176e+07    1.000000
5779    3.3396841e+07    1.000000
5782    3.3431524e+07    1.000000
5785    3.3466225e+07    1.000000
5788    3.3500944e+07    1.000000
5791    3.3535681e+07    1.000000
5794    3.3570436e+07    1.000000
5797    3.3605209e+07    1.000000
5800    3.364e+07    1.000000
5803    3.3674809e+07    1.000000
5806    3.3709636e+07    1.000000
5809    3.3744481e+07    1.000000
5812    3.3779344e+07    1.000000
5815    3.3814225e+07    1.000000
5818    3.3849124e+07    1.000000
5821    3.3884041e+07    1.000000
5824    3.3918976e+07    1.000000
5827    3.3953929e+07    1.000000
5830    3.39889e+07    1.000000
5833    3.4023889e+07    1.000000
5836    3.4058896e+07    1.000000
5839    3.4093921e+07    1.000000
5842    3.4128964e+07    1.000000
5845    3.4164025e+07    1.000000
5848    3.4199104e+07    1.000000
5851    3.4234201e+07    1.000000
5854    3.4269316e+07    1.000000
5857    3.4304449e+07    1.000000
5860    3.43396e+07    1.000000
5863    3.4374769e+07    1.000000
5866    3.4409956e+07    1.000000
5869    3.4445161e+07    1.000000
5872    3.4480384e+07    1.000000
5875    3.4515625e+07    1.000000
5878    3.4550884e+07    1.000000
5881    3.4586161e+07    1.000000
5884    3.4621456e+07    1.000000
5887    3.4656769e+07    1.000000
5890    3.46921e+07    1.000000
5893    3.4727449e+07    1.000000
5896    3.4762816e+07    1.000000
5899    3.4798201e+07    1.000000
5902    3.4833604e+07    1.000000
5905    3.4869025e+07    1.000000
5908    3.4904464e+07    1.000000
5911    3.4939921e+07    1.000000
5914    3.4975396e+07    1.000000
5917    3.5010889e+07    1.000000
5920    3.50464e+07    1.000000
5923    3.5081929e+07    1.000000
5926    3.5117476e+07    1.000000
5929    3.5153041e+07    1.000000
5932    3.5188624e+07    1.000000
5935    3.5224225e+07    1.000000
5938    3.5259844e+07    1.000000
5941    3.5295481e+07    1.000000
5944    3.5331136e+07    1.000000
5947    3.5366809e+07    1.000000
5950    3.54025e+07    1.000000
5953    3.5438209e+07    1.000000
5956    3.5473936e+07    1.000000
5959    3.5509681e+07    1.000000
5962    3.5545444e+07    1.000000
5965    3.5581225e+07    1.000000
5968    3.5617024e+07    1.000000
5971    3.5652841e+07    1.000000
5974    3.5688676e+07    1.000000
5977    3.5724529e+07    1.000000
5980    3.57604e+07    1.000000
5983    3.5796289e+07    1.000000
5986    3.5832196e+07    1.000000
5989    3.5868121e+07    1.000000
5992    3.5904064e+07    1.000000
5995    3.5940025e+07    1.000000
5998    3.5976004e+07    1.000000
6001    3.6012001e+07    1.000000
6004    3.6048016e+07    1.000000
6007    3.6084049e+07    1.000000
6010    3.61201e+07    1.000000
6013    3.6156169e+07    1.000000
6016    3.6192256e+07    1.000000
6019    3.6228361e+07    1.000000
6022    3.6264484e+07    1.000000
6025    3.6300625e+07    1.000000
6028    3.6336784e+07    1.000000
6031    3.6372961e+07    1.000000
6034    3.6409156e+07    1.000000
6037    3.6445369e+07    1.000000
6040    3.64816e+07    1.000000
6043    3.6517849e+07    1.000000
6046    3.6554116e+07    1.000000
6049    3.6590401e+07    1.000000
6052    3.6626704e+07    1.000000
6055    3.6663025e+07    1.000000
6058    3.6699364e+07    1.000000
6061    3.6735721e+07    1.000000
6064    3.6772096e+07    1.000000
6067    3.6808489e+07    1.000000
6070    3.68449e+07    1.000000
6073    3.6881329e+07    1.000000
6076    3.6917776e+07    1.000000
6079    3.6954241e+07    1.000000
6082    3.6990724e+07    1.000000
6085    3.7027225e+07    1.000000
6088    3.7063744e+07    1.000000
6091    3.7100281e+07    1.000000
6094    3.7136836e+07    1.000000
6097    3.7173409e+07    1.000000
6100    3.721e+07    1.000000
6103    3.7246609e+07    1.000000
6106    3.7283236e+07    1.000000
6109    3.7319881e+07    1.000000
6112    3.7356544e+07    1.000000
6115    3.7393225e+07    1.000000
6118    3.7429924e+07    1.000000
6121    3.7466641e+07    1.000000
6124    3.7503376e+07    1.000000
6127    3.7540129e+07    1.000000
6130    3.75769e+07    1.000000
6133    3.7613689e+07    1.000000
6136    3.7650496e+07    1.000000
6139    3.7687321e+07    1.000000
6142    3.7724164e+07    1.000000
6145    3.7761025e+07    1.000000
6148    3.7797904e+07    1.000000
6151    3.7834801e+07    1.000000
6154    3.7871716e+07    1.000000
6157    3.7908649e+07    1.000000
6160    3.79456e+07    1.000000
6163    3.7982569e+07    1.000000
6166    3.8019556e+07    1.000000
6169    3.8056561e+07    1.000000
6172    3.8093584e+07    1.000000
6175    3.8130625e+07    1.000000
6178    3.8167684e+07    1.000000
6181    3.8204761e+07    1.000000
6184    3.8241856e+07    1.000000
6187    3.8278969e+07    1.000000
6190    3.83161e+07    1.000000
6193    3.8353249e+07    1.000000
6196    3.8390416e+07    1.000000
6199    3.8427601e+07    1.000000
6202    3.8464804e+07    1.000000
6205    3.8502025e+07    1.000000
6208    3.8539264e+07    1.000000
6211    3.8576521e+07    1.000000
6214    3.8613796e+07    1.000000
6217    3.8651089e+07    1.000000
6220    3.86884e+07    1.000000
6223    3.8725729e+07    1.000000
6226    3.8763076e+07    1.000000
6229    3.8800441e+07    1.000000
6232    3.8837824e+07    1.000000
6235    3.8875225e+07    1.000000
6238    3.8912644e+07    1.000000
6241    3.8950081e+07    1.000000
6244    3.8987536e+07    1.000000
6247    3.9025009e+07    1.000000
6250    3.90625e+07    1.000000
6253    3.9100009e+07    1.000000
6256    3.9137536e+07    1.000000
6259    3.9175081e+07    1.000000
6262    3.9212644e+07    1.000000
6265    3.9250225e+07    1.000000
6268    3.9287824e+07    1.000000
6271    3.9325441e+07    1.000000
6274    3.9363076e+07    1.000000
6277    3.9400729e+07    1.000000
6280    3.94384e+07    1.000000
6283    3.9476089e+07    1.000000
6286    3.9513796e+07    1.000000
6289    3.9551521e+07    1.000000
6292    3.9589264e+07    1.000000
6295    3.9627025e+07    1.000000
6298    3.9664804e+07    1.000000
6301    3.9702601e+07    1.000000
6304    3.9740416e+07    1.000000
6307    3.9778249e+07    1.000000
6310    3.98161e+07    1.000000
6313    3.9853969e+07    1.000000
6316    3.9891856e+07    1.000000
6319    3.9929761e+07    1.000000
6322    3.9967684e+07    1.000000
6325    4.0005625e+07    1.000000
6328    4.0043584e+07    1.000000
6331    4.0081561e+07    1.000000
6334    4.0119556e+07    1.000000
6337    4.0157569e+07    1.000000
6340    4.01956e+07    1.000000
6343    4.0233649e+07    1.000000
6346    4.0271716e+07    1.000000
6349    4.0309801e+07    1.000000
6352    4.0347904e+07    1.000000
6355    4.0386025e+07    1.000000
6358    4.0424164e+07    1.000000
6361    4.0462321e+07    1.000000
6364    4.0500496e+07    1.000000
6367    4.0538689e+07    1.000000
6370    4.05769e+07    1.000000
6373    4.0615129e+07    1.000000
6376    4.0653376e+07    1.000000
6379    4.0691641e+07    1.000000
6382    4.0729924e+07    1.000000
6385    4.0768225e+07    1.000000
6388    4.0806544e+07    1.000000
6391    4.0844881e+07    1.000000
6394    4.0883236e+07    1.000000
6397    4.0921609e+07    1.000000
6400    4.096e+07    1.000000
6403    4.0998409e+07    1.000000
6406    4.1036836e+07    1.000000
6409    4.1075281e+07    1.000000
6412    4.1113744e+07    1.000000
6415    4.1152225e+07    1.000000
6418    4.1190724e+07    1.000000
6421    4.1229241e+07    1.000000
6424    4.1267776e+07    1.000000
6427    4.1306329e+07    1.000000
6430    4.13449e+07    1.000000
6433    4.1383489e+07    1.000000
6436    4.1422096e+07    1.000000
6439    4.1460721e+07    1.000000
6442    4.1499364e+07    1.000000
6445    4.1538025e+07    1.000000
6448    4.1576704e+07    1.000000
6451    4.1615401e+07    1.000000
6454    4.1654116e+07    1.000000
6457    4.1692849e+07    1.000000
6460    4.17316e+07    1.000000
6463    4.1770369e+07    1.000000
6466    4.1809156e+07    1.000000
6469    4.1847961e+07    1.000000
6472    4.1886784e+07    1.000000
6475    4.1925625e+07    1.000000
6478    4.1964484e+07    1.000000
6481    4.2003361e+07    1.000000
6484    4.2042256e+07    1.000000
6487    4.2081169e+07    1.000000
6490    4.21201e+07    1.000000
6493    4.2159049e+07    1.000000
6496    4.2198016e+07    1.000000
6499    4.2237001e+07    1.000000
6502    4.2276004e+07    1.000000
6505    4.2315025e+07    1.000000
6508    4.2354064e+07    1.000000
6511    4.2393121e+07    1.000000
6514    4.2432196e+07    1.000000
6517    4.2471289e+07    1.000000
6520    4.25104e+07    1.000000
6523    4.2549529e+07    1.000000
6526    4.2588676e+07    1.000000
6529    4.2627841e+07    1.000000
6532    4.2667024e+07    1.000000
6535    4.2706225e+07    1.000000
6538    4.2745444e+07    1.000000
6541    4.2784681e+07    1.000000
6544    4.2823936e+07    1.000000
6547    4.2863209e+07    1.000000
6550    4.29025e+07    1.000000
6553    4.2941809e+07    1.000000
6556    4.2981136e+07    1.000000
6559    4.3020481e+07    1.000000
6562    4.3059844e+07    1.000000
6565    4.3099225e+07    1.000000
6568    4.3138624e+07    1.000000
6571    4.3178041e+07    1.000000
6574    4.3217476e+07    1.000000
6577    4.3256929e+07    1.000000
6580    4.32964e+07    1.000000
6583    4.3335889e+07    1.000000
6586    4.3375396e+07    1.000000
6589    4.3414921e+07    1.000000
6592    4.3454464e+07    1.000000
6595    4.3494025e+07    1.000000
6598    4.3533604e+07    1.000000
6601    4.3573201e+07    1.000000
6604    4.3612816e+07    1.000000
6607    4.3652449e+07    1.000000
6610    4.36921e+07    1.000000
6613    4.3731769e+07    1.000000
6616    4.3771456e+07    1.000000
6619    4.3811161e+07    1.000000
6622    4.3850884e+07    1.000000
6625    4.3890625e+07    1.000000
6628    4.3930384e+07    1.000000
6631    4.3970161e+07    1.000000
6634    4.4009956e+07    1.000000
6637    4.4049769e+07    1.000000
6640    4.40896e+07    1.000000
6643    4.4129449e+07    1.000000
6646    4.4169316e+07    1.000000
6649    4.4209201e+07    1.000000
6652    4.4249104e+07    1.000000
6655    4.4289025e+07    1.000000
6658    4.4328964e+07    1.000000
6661    4.4368921e+07    1.000000
6664    4.4408896e+07    1.000000
6667    4.4448889e+07    1.000000
6670    4.44889e+07    1.000000
6673    4.4528929e+07    1.000000
6676    4.4568976e+07    1.000000
6679    4.4609041e+07    1.000000
6682    4.4649124e+07    1.000000
6685    4.4689225e+07    1.000000
6688    4.4729344e+07    1.000000
6691    4.4769481e+07    1.000000
6694    4.4809636e+07    1.000000
6697    4.4849809e+07    1.000000
6700    4.489e+07    1.000000
6703    4.4930209e+07    1.000000
6706    4.4970436e+07    1.000000
6709    4.5010681e+07    1.000000
6712    4.5050944e+07    1.000000
6715    4.5091225e+07    1.000000
6718    4.5131524e+07    1.000000
6721    4.5171841e+07    1.000000
6724    4.5212176e+07    1.000000
6727    4.5252529e+07    1.000000
6730    4.52929e+07    1.000000
6733    4.5333289e+07    1.000000
6736    4.5373696e+07    1.000000
6739    4.5414121e+07    1.000000
6742    4.5454564e+07    1.000000
6745    4.5495025e+07    1.000000
6748    4.5535504e+07    1.000000
6751    4.5576001e+07    1.000000
6754    4.5616516e+07    1.000000
6757    4.5657049e+07    1.000000
6760    4.56976e+07    1.000000
6763    4.5738169e+07    1.000000
6766    4.5778756e+07    1.000000
6769    4.5819361e+07    1.000000
6772    4.5859984e+07    1.000000
6775    4.5900625e+07    1.000000
6778    4.5941284e+07    1.000000
6781    4.5981961e+07    1.000000
6784    4.6022656e+07    1.000000
6787    4.6063369e+07    1.000000
6790    4.61041e+07    1.000000
6793    4.6144849e+07    1.000000
6796    4.6185616e+07    1.000000
6799    4.6226401e+07    1.000000
6802    4.6267204e+07    1.000000
6805    4.6308025e+07    1.000000
6808    4.6348864e+07    1.000000
6811    4.6389721e+07    1.000000
6814    4.6430596e+07    1.000000
6817    4.6471489e+07    1.000000
6820    4.65124e+07    1.000000
6823    4.6553329e+07    1.000000
6826    4.6594276e+07    1.000000
6829    4.6635241e+07    1.000000
6832    4.6676224e+07    1.000000
6835    4.6717225e+07    1.000000
6838    4.6758244e+07    1.000000
6841    4.6799281e+07    1.000000
6844    4.6840336e+07    1.000000
6847    4.6881409e+07    1.000000
6850    4.69225e+07    1.000000
6853    4.6963609e+07    1.000000
6856    4.7004736e+07    1.000000
6859    4.7045881e+07    1.000000
6862    4.7087044e+07    1.000000
6865    4.7128225e+07    1.000000
6868    4.7169424e+07    1.000000
6871    4.7210641e+07    1.000000
6874    4.7251876e+07    1.000000
6877    4.7293129e+07    1.000000
6880    4.73344e+07    1.000000
6883    4.7375689e+07    1.000000
6886    4.7416996e+07    1.000000
6889    4.7458321e+07    1.000000
6892    4.7499664e+07    1.000000
6895    4.7541025e+07    1.000000
6898    4.7582404e+07    1.000000
6901    4.7623801e+07    1.000000
6904    4.7665216e+07    1.000000
6907    4.7706649e+07    1.000000
6910    4.77481e+07    1.000000
6913    4.7789569e+07    1.000000
6916    4.7831056e+07    1.000000
6919    4.7872561e+07    1.000000
6922    4.7914084e+07    1.000000
6925    4.7955625e+07    1.000000
6928    4.7997184e+07    1.000000
6931    4.8038761e+07    1.000000
6934    4.8080356e+07    1.000000
6937    4.8121969e+07    1.000000
6940    4.81636e+07    1.000000
6943    4.8205249e+07    1.000000
6946    4.8246916e+07    1.000000
6949    4.8288601e+07    1.000000
6952    4.8330304e+07    1.000000
6955    4.8372025e+07    1.000000
6958    4.8413764e+07    1.000000
6961    4.8455521e+07    1.000000
6964    4.8497296e+07    1.000000
6967    4.8539089e+07    1.000000
6970    4.85809e+07    1.000000
6973    4.8622729e+07    1.000000
6976    4.8664576e+07    1.000000
6979    4.8706441e+07    1.000000
6982    4.8748324e+07    1.000000
6985    4.8790225e+07    1.000000
6988    4.8832144e+07    1.000000
6991    4.8874081e+07    1.000000
6994    4.8916036e+07    1.000000
6997    4.8958009e+07    1.000000
7000    4.9e+07    1.000000
7003    4.9042009e+07    1.000000
7006    4.9084036e+07    1.000000
7009    4.9126081e+07    1.000000
7012    4.9168144e+07    1.000000
7015    4.9210225e+07    1.000000
7018    4.9252324e+07    1.000000
7021    4.9294441e+07    1.000000
7024    4.9336576e+07    1.000000
7027    4.9378729e+07    1.000000
7030    4.94209e+07    1.000000
7033    4.9463089e+07    1.000000
7036    4.9505296e+07    1.000000
7039    4.9547521e+07    1.000000
7042    4.9589764e+07    1.000000
7045    4.9632025e+07    1.000000
7048    4.9674304e+07    1.000000
7051    4.9716601e+07    1.000000
7054    4.9758916e+07    1.000000
7057    4.9801249e+07    1.000000
7060    4.98436e+07    1.000000
7063    4.9885969e+07    1.000000
7066    4.9928356e+07    1.000000
7069    4.9970761e+07    1.000000
7072    5.0013184e+07    1.000000
7075    5.0055625e+07    1.000000
7078    5.0098084e+07    1.000000
7081    5.0140561e+07    1.000000
7084    5.0183056e+07    1.000000
7087    5.0225569e+07    1.000000
7090    5.02681e+07    1.000000
7093    5.0310649e+07    1.000000
7096    5.0353216e+07    1.000000
7099    5.0395801e+07    1.000000
7102    5.0438404e+07    1.000000
7105    5.0481025e+07    1.000000
7108    5.0523664e+07    1.000000
7111    5.0566321e+07    1.000000
7114    5.0608996e+07    1.000000
7117    5.0651689e+07    1.000000
7120    5.06944e+07    1.000000
7123    5.0737129e+07    1.000000
7126    5.0779876e+07    1.000000
7129    5.0822641e+07    1.000000
7132    5.0865424e+07    1.000000
7135    5.0908225e+07    1.000000
7138    5.0951044e+07    1.000000
7141    5.0993881e+07    1.000000
7144    5.1036736e+07    1.000000
7147    5.1079609e+07    1.000000
7150    5.11225e+07    1.000000
7153    5.1165409e+07    1.000000
7156    5.1208336e+07    1.000000
7159    5.1251281e+07    1.000000
7162    5.1294244e+07    1.000000
7165    5.1337225e+07    1.000000
7168    5.1380224e+07    1.000000
7171    5.1423241e+07    1.000000
7174    5.1466276e+07    1.000000
7177    5.1509329e+07    1.000000
7180    5.15524e+07    1.000000
7183    5.1595489e+07    1.000000
7186    5.1638596e+07    1.000000
7189    5.1681721e+07    1.000000
7192    5.1724864e+07    1.000000
7195    5.1768025e+07    1.000000
7198    5.1811204e+07    1.000000
7201    5.1854401e+07    1.000000
7204    5.1897616e+07    1.000000
7207    5.1940849e+07    1.000000
7210    5.19841e+07    1.000000
7213    5.2027369e+07    1.000000
7216    5.2070656e+07    1.000000
7219    5.2113961e+07    1.000000
7222    5.2157284e+07    1.000000
7225    5.2200625e+07    1.000000
7228    5.2243984e+07    1.000000
7231    5.2287361e+07    1.000000
7234    5.2330756e+07    1.000000
7237    5.2374169e+07    1.000000
7240    5.24176e+07    1.000000
7243    5.2461049e+07    1.000000
7246    5.2504516e+07    1.000000
7249    5.2548001e+07    1.000000
7252    5.2591504e+07    1.000000
7255    5.2635025e+07    1.000000
7258    5.2678564e+07    1.000000
7261    5.2722121e+07    1.000000
7264    5.2765696e+07    1.000000
7267    5.2809289e+07    1.000000
7270    5.28529e+07    1.000000
7273    5.2896529e+07    1.000000
7276    5.2940176e+07    1.000000
7279    5.2983841e+07    1.000000
7282    5.3027524e+07    1.000000
7285    5.3071225e+07    1.000000
7288    5.3114944e+07    1.000000
7291    5.3158681e+07    1.000000
7294    5.3202436e+07    1.000000
7297    5.3246209e+07    1.000000
7300    5.329e+07    1.000000
7303    5.3333809e+07    1.000000
7306    5.3377636e+07    1.000000
7309    5.3421481e+07    1.000000
7312    5.3465344e+07    1.000000
7315    5.3509225e+07    1.000000
7318    5.3553124e+07    1.000000
7321    5.3597041e+07    1.000000
7324    5.3640976e+07    1.000000
7327    5.3684929e+07    1.000000
7330    5.37289e+07    1.000000
7333    5.3772889e+07    1.000000
7336    5.3816896e+07    1.000000
7339    5.3860921e+07    1.000000
7342    5.3904964e+07    1.000000
7345    5.3949025e+07    1.000000
7348    5.3993104e+07    1.000000
7351    5.4037201e+07    1.000000
7354    5.4081316e+07    1.000000
7357    5.4125449e+07    1.000000
7360    5.41696e+07    1.000000
7363    5.4213769e+07    1.000000
7366    5.4257956e+07    1.000000
7369    5.4302161e+07    1.000000
7372    5.4346384e+07    1.000000
7375    5.4390625e+07    1.000000
7378    5.4434884e+07    1.000000
7381    5.4479161e+07    1.000000
7384    5.4523456e+07    1.000000
7387    5.4567769e+07    1.000000
7390    5.46121e+07    1.000000
7393    5.4656449e+07    1.000000
7396    5.4700816e+07    1.000000
7399    5.4745201e+07    1.000000
7402    5.4789604e+07    1.000000
7405    5.4834025e+07    1.000000
7408    5.4878464e+07    1.000000
7411    5.4922921e+07    1.000000
7414    5.4967396e+07    1.000000
7417    5.5011889e+07    1.000000
7420    5.50564e+07    1.000000
7423    5.5100929e+07    1.000000
7426    5.5145476e+07    1.000000
7429    5.5190041e+07    1.000000
7432    5.5234624e+07    1.000000
7435    5.5279225e+07    1.000000
7438    5.5323844e+07    1.000000
7441    5.5368481e+07    1.000000
7444    5.5413136e+07    1.000000
7447    5.5457809e+07    1.000000
7450    5.55025e+07    1.000000
7453    5.5547209e+07    1.000000
7456    5.5591936e+07    1.000000
7459    5.5636681e+07    1.000000
7462    5.5681444e+07    1.000000
7465    5.5726225e+07    1.000000
7468    5.5771024e+07    1.000000
7471    5.5815841e+07    1.000000
7474    5.5860676e+07    1.000000
7477    5.5905529e+07    1.000000
7480    5.59504e+07    1.000000
7483    5.5995289e+07    1.000000
7486    5.6040196e+07    1.000000
7489    5.6085121e+07    1.000000
7492    5.6130064e+07    1.000000
7495    5.6175025e+07    1.000000
7498    5.6220004e+07    1.000000
7501    5.6265001e+07    1.000000
7504    5.6310016e+07    1.000000
7507    5.6355049e+07    1.000000
7510    5.64001e+07    1.000000
7513    5.6445169e+07    1.000000
7516    5.6490256e+07    1.000000
7519    5.6535361e+07    1.000000
7522    5.6580484e+07    1.000000
7525    5.6625625e+07    1.000000
7528    5.6670784e+07    1.000000
7531    5.6715961e+07    1.000000
7534    5.6761156e+07    1.000000
7537    5.6806369e+07    1.000000
7540    5.68516e+07    1.000000
7543    5.6896849e+07    1.000000
7546    5.6942116e+07    1.000000
7549    5.6987401e+07    1.000000
7552    5.7032704e+07    1.000000
7555    5.7078025e+07    1.000000
7558    5.7123364e+07    1.000000
7561    5.7168721e+07    1.000000
7564    5.7214096e+07    1.000000
7567    5.7259489e+07    1.000000
7570    5.73049e+07    1.000000
7573    5.7350329e+07    1.000000
7576    5.7395776e+07    1.000000
7579    5.7441241e+07    1.000000
7582    5.7486724e+07    1.000000
7585    5.7532225e+07    1.000000
7588    5.7577744e+07    1.000000
7591    5.7623281e+07    1.000000
7594    5.7668836e+07    1.000000
7597    5.7714409e+07    1.000000
7600    5.776e+07    1.000000
7603    5.7805609e+07    1.000000
7606    5.7851236e+07    1.000000
7609    5.7896881e+07    1.000000
7612    5.7942544e+07    1.000000
7615    5.7988225e+07    1.000000
7618    5.8033924e+07    1.000000
7621    5.8079641e+07    1.000000
7624    5.8125376e+07    1.000000
7627    5.8171129e+07    1.000000
7630    5.82169e+07    1.000000
7633    5.8262689e+07    1.000000
7636    5.8308496e+07    1.000000
7639    5.8354321e+07    1.000000
7642    5.8400164e+07    1.000000
7645    5.8446025e+07    1.000000
7648    5.8491904e+07    1.000000
7651    5.8537801e+07    1.000000
7654    5.8583716e+07    1.000000
7657    5.8629649e+07    1.000000
7660    5.86756e+07    1.000000
7663    5.8721569e+07    1.000000
7666    5.8767556e+07    1.000000
7669    5.8813561e+07    1.000000
7672    5.8859584e+07    1.000000
7675    5.8905625e+07    1.000000
7678    5.8951684e+07    1.000000
7681    5.8997761e+07    1.000000
7684    5.9043856e+07    1.000000
7687    5.9089969e+07    1.000000
7690    5.91361e+07    1.000000
7693    5.9182249e+07    1.000000
7696    5.9228416e+07    1.000000
7699    5.9274601e+07    1.000000
7702    5.9320804e+07    1.000000
7705    5.9367025e+07    1.000000
7708    5.9413264e+07    1.000000
7711    5.9459521e+07    1.000000
7714    5.9505796e+07    1.000000
7717    5.9552089e+07    1.000000
7720    5.95984e+07    1.000000
7723    5.9644729e+07    1.000000
7726    5.9691076e+07    1.000000
7729    5.9737441e+07    1.000000
7732    5.9783824e+07    1.000000
7735    5.9830225e+07    1.000000
7738    5.9876644e+07    1.000000
7741    5.9923081e+07    1.000000
7744    5.9969536e+07    1.000000
7747    6.0016009e+07    1.000000
7750    6.00625e+07    1.000000
7753    6.0109009e+07    1.000000
7756    6.0155536e+07    1.000000
7759    6.0202081e+07    1.000000
7762    6.0248644e+07    1.000000
7765    6.0295225e+07    1.000000
7768    6.0341824e+07    1.000000
7771    6.0388441e+07    1.000000
7774    6.0435076e+07    1.000000
7777    6.0481729e+07    1.000000
7780    6.05284e+07    1.000000
7783    6.0575089e+07    1.000000
7786    6.0621796e+07    1.000000
7789    6.0668521e+07    1.000000
7792    6.0715264e+07    1.000000
7795    6.0762025e+07    1.000000
7798    6.0808804e+07    1.000000
7801    6.0855601e+07    1.000000
7804    6.0902416e+07    1.000000
7807    6.0949249e+07    1.000000
7810    6.09961e+07    1.000000
7813    6.1042969e+07    1.000000
7816    6.1089856e+07    1.000000
7819    6.1136761e+07    1.000000
7822    6.1183684e+07    1.000000
7825    6.1230625e+07    1.000000
7828    6.1277584e+07    1.000000
7831    6.1324561e+07    1.000000
7834    6.1371556e+07    1.000000
7837    6.1418569e+07    1.000000
7840    6.14656e+07    1.000000
7843    6.1512649e+07    1.000000
7846    6.1559716e+07    1.000000
7849    6.1606801e+07    1.000000
7852    6.1653904e+07    1.000000
7855    6.1701025e+07    1.000000
7858    6.1748164e+07    1.000000
7861    6.1795321e+07    1.000000
7864    6.1842496e+07    1.000000
7867    6.1889689e+07    1.000000
7870    6.19369e+07    1.000000
7873    6.1984129e+07    1.000000
7876    6.2031376e+07    1.000000
7879    6.2078641e+07    1.000000
7882    6.2125924e+07    1.000000
7885    6.2173225e+07    1.000000
7888    6.2220544e+07    1.000000
7891    6.2267881e+07    1.000000
7894    6.2315236e+07    1.000000
7897    6.2362609e+07    1.000000
7900    6.241e+07    1.000000
7903    6.2457409e+07    1.000000
7906    6.2504836e+07    1.000000
7909    6.2552281e+07    1.000000
7912    6.2599744e+07    1.000000
7915    6.2647225e+07    1.000000
7918    6.2694724e+07    1.000000
7921    6.2742241e+07    1.000000
7924    6.2789776e+07    1.000000
7927    6.2837329e+07    1.000000
7930    6.28849e+07    1.000000
7933    6.2932489e+07    1.000000
7936    6.2980096e+07    1.000000
7939    6.3027721e+07    1.000000
7942    6.3075364e+07    1.000000
7945    6.3123025e+07    1.000000
7948    6.3170704e+07    1.000000
7951    6.3218401e+07    1.000000
7954    6.3266116e+07    1.000000
7957    6.3313849e+07    1.000000
7960    6.33616e+07    1.000000
7963    6.3409369e+07    1.000000
7966    6.3457156e+07    1.000000
7969    6.3504961e+07    1.000000
7972    6.3552784e+07    1.000000
7975    6.3600625e+07    1.000000
7978    6.3648484e+07    1.000000
7981    6.3696361e+07    1.000000
7984    6.3744256e+07    1.000000
7987    6.3792169e+07    1.000000
7990    6.38401e+07    1.000000
7993    6.3888049e+07    1.000000
7996    6.3936016e+07    1.000000
7999    6.3984001e+07    1.000000
8002    6.4032004e+07    1.000000
8005    6.4080025e+07    1.000000
8008    6.4128064e+07    1.000000
8011    6.4176121e+07    1.000000
8014    6.4224196e+07    1.000000
8017    6.4272289e+07    1.000000
8020    6.43204e+07    1.000000
8023    6.4368529e+07    1.000000
8026    6.4416676e+07    1.000000
8029    6.4464841e+07    1.000000
8032    6.4513024e+07    1.000000
8035    6.4561225e+07    1.000000
8038    6.4609444e+07    1.000000
8041    6.4657681e+07    1.000000
8044    6.4705936e+07    1.000000
8047    6.4754209e+07    1.000000
8050    6.48025e+07    1.000000
8053    6.4850809e+07    1.000000
8056    6.4899136e+07    1.000000
8059    6.4947481e+07    1.000000
8062    6.4995844e+07    1.000000
8065    6.5044225e+07    1.000000
8068    6.5092624e+07    1.000000
8071    6.5141041e+07    1.000000
8074    6.5189476e+07    1.000000
8077    6.5237929e+07    1.000000
8080    6.52864e+07    1.000000
8083    6.5334889e+07    1.000000
8086    6.5383396e+07    1.000000
8089    6.5431921e+07    1.000000
8092    6.5480464e+07    1.000000
8095    6.5529025e+07    1.000000
8098    6.5577604e+07    1.000000
8101    6.5626201e+07    1.000000
8104    6.5674816e+07    1.000000
8107    6.5723449e+07    1.000000
8110    6.57721e+07    1.000000
8113    6.5820769e+07    1.000000
8116    6.5869456e+07    1.000000
8119    6.5918161e+07    1.000000
8122    6.5966884e+07    1.000000
8125    6.6015625e+07    1.000000
8128    6.6064384e+07    1.000000
8131    6.6113161e+07    1.000000
8134    6.6161956e+07    1.000000
8137    6.6210769e+07    1.000000
8140    6.62596e+07    1.000000
8143    6.6308449e+07    1.000000
8146    6.6357316e+07    1.000000
8149    6.6406201e+07    1.000000
8152    6.6455104e+07    1.000000
8155    6.6504025e+07    1.000000
8158    6.6552964e+07    1.000000
8161    6.6601921e+07    1.000000
8164    6.6650896e+07    1.000000
8167    6.6699889e+07    1.000000
8170    6.67489e+07    1.000000
8173    6.6797929e+07    1.000000
8176    6.6846976e+07    1.000000
8179    6.6896041e+07    1.000000
8182    6.6945124e+07    1.000000
8185    6.6994225e+07    1.000000
8188    6.7043344e+07    1.000000
8191    6.7092481e+07    1.000000
8194    6.7141636e+07    1.000000
8197    6.7190809e+07    1.000000
8200    6.724e+07    1.000000
8203    6.7289209e+07    1.000000
8206    6.7338436e+07    1.000000
8209    6.7387681e+07    1.000000
8212    6.7436944e+07    1.000000
8215    6.7486225e+07    1.000000
8218    6.7535524e+07    1.000000
8221    6.7584841e+07    1.000000
8224    6.7634176e+07    1.000000
8227    6.7683529e+07    1.000000
8230    6.77329e+07    1.000000
8233    6.7782289e+07    1.000000
8236    6.7831696e+07    1.000000
8239    6.7881121e+07    1.000000
8242    6.7930564e+07    1.000000
8245    6.7980025e+07    1.000000
8248    6.8029504e+07    1.000000
8251    6.8079001e+07    1.000000
8254    6.8128516e+07    1.000000
8257    6.8178049e+07    1.000000
8260    6.82276e+07    1.000000
8263    6.8277169e+07    1.000000
8266    6.8326756e+07    1.000000
8269    6.8376361e+07    1.000000
8272    6.8425984e+07    1.000000
8275    6.8475625e+07    1.000000
8278    6.8525284e+07    1.000000
8281    6.8574961e+07    1.000000
8284    6.8624656e+07    1.000000
8287    6.8674369e+07    1.000000
8290    6.87241e+07    1.000000
8293    6.8773849e+07    1.000000
8296    6.8823616e+07    1.000000
8299    6.8873401e+07    1.000000
8302    6.8923204e+07    1.000000
8305    6.8973025e+07    1.000000
8308    6.9022864e+07    1.000000
8311    6.9072721e+07    1.000000
8314    6.9122596e+07    1.000000
8317    6.9172489e+07    1.000000
8320    6.92224e+07    1.000000
8323    6.9272329e+07    1.000000
8326    6.9322276e+07    1.000000
8329    6.9372241e+07    1.000000
8332    6.9422224e+07    1.000000
8335    6.9472225e+07    1.000000
8338    6.9522244e+07    1.000000
8341    6.9572281e+07    1.000000
8344    6.9622336e+07    1.000000
8347    6.9672409e+07    1.000000
8350    6.97225e+07    1.000000
8353    6.9772609e+07    1.000000
8356    6.9822736e+07    1.000000
8359    6.9872881e+07    1.000000
8362    6.9923044e+07    1.000000
8365    6.9973225e+07    1.000000
8368    7.0023424e+07    1.000000
8371    7.0073641e+07    1.000000
8374    7.0123876e+07    1.000000
8377    7.0174129e+07    1.000000
8380    7.02244e+07    1.000000
8383    7.0274689e+07    1.000000
8386    7.0324996e+07    1.000000
8389    7.0375321e+07    1.000000
8392    7.0425664e+07    1.000000
8395    7.0476025e+07    1.000000
8398    7.0526404e+07    1.000000
8401    7.0576801e+07    1.000000
8404    7.0627216e+07    1.000000
8407    7.0677649e+07    1.000000
8410    7.07281e+07    1.000000
8413    7.0778569e+07    1.000000
8416    7.0829056e+07    1.000000
8419    7.0879561e+07    1.000000
8422    7.0930084e+07    1.000000
8425    7.0980625e+07    1.000000
8428    7.1031184e+07    1.000000
8431    7.1081761e+07    1.000000
8434    7.1132356e+07    1.000000
8437    7.1182969e+07    1.000000
8440    7.12336e+07    1.000000
8443    7.1284249e+07    1.000000
8446    7.1334916e+07    1.000000
8449    7.1385601e+07    1.000000
8452    7.1436304e+07    1.000000
8455    7.1487025e+07    1.000000
8458    7.1537764e+07    1.000000
8461    7.1588521e+07    1.000000
8464    7.1639296e+07    1.000000
8467    7.1690089e+07    1.000000
8470    7.17409e+07    1.000000
8473    7.1791729e+07    1.000000
8476    7.1842576e+07    1.000000
8479    7.1893441e+07    1.000000
8482    7.1944324e+07    1.000000
8485    7.1995225e+07    1.000000
8488    7.2046144e+07    1.000000
8491    7.2097081e+07    1.000000
8494    7.2148036e+07    1.000000
8497    7.2199009e+07    1.000000
8500    7.225e+07    1.000000
8503    7.2301009e+07    1.000000
8506    7.2352036e+07    1.000000
8509    7.2403081e+07    1.000000
8512    7.2454144e+07    1.000000
8515    7.2505225e+07    1.000000
8518    7.2556324e+07    1.000000
8521    7.2607441e+07    1.000000
8524    7.2658576e+07    1.000000
8527    7.2709729e+07    1.000000
8530    7.27609e+07    1.000000
8533    7.2812089e+07    1.000000
8536    7.2863296e+07    1.000000
8539    7.2914521e+07    1.000000
8542    7.2965764e+07    1.000000
8545    7.3017025e+07    1.000000
8548    7.3068304e+07    1.000000
8551    7.3119601e+07    1.000000
8554    7.3170916e+07    1.000000
8557    7.3222249e+07    1.000000
8560    7.32736e+07    1.000000
8563    7.3324969e+07    1.000000
8566    7.3376356e+07    1.000000
8569    7.3427761e+07    1.000000
8572    7.3479184e+07    1.000000
8575    7.3530625e+07    1.000000
8578    7.3582084e+07    1.000000
8581    7.3633561e+07    1.000000
8584    7.3685056e+07    1.000000
8587    7.3736569e+07    1.000000
8590    7.37881e+07    1.000000
8593    7.3839649e+07    1.000000
8596    7.3891216e+07    1.000000
8599    7.3942801e+07    1.000000
8602    7.3994404e+07    1.000000
8605    7.4046025e+07    1.000000
8608    7.4097664e+07    1.000000
8611    7.4149321e+07    1.000000
8614    7.4200996e+07    1.000000
8617    7.4252689e+07    1.000000
8620    7.43044e+07    1.000000
8623    7.4356129e+07    1.000000
8626    7.4407876e+07    1.000000
8629    7.4459641e+07    1.000000
8632    7.4511424e+07    1.000000
8635    7.4563225e+07    1.000000
8638    7.4615044e+07    1.000000
8641    7.4666881e+07    1.000000
8644    7.4718736e+07    1.000000
8647    7.4770609e+07    1.000000
8650    7.48225e+07    1.000000
8653    7.4874409e+07    1.000000
8656    7.4926336e+07    1.000000
8659    7.4978281e+07    1.000000
8662    7.5030244e+07    1.000000
8665    7.5082225e+07    1.000000
8668    7.5134224e+07    1.000000
8671    7.5186241e+07    1.000000
8674    7.5238276e+07    1.000000
8677    7.5290329e+07    1.000000
8680    7.53424e+07    1.000000
8683    7.5394489e+07    1.000000
8686    7.5446596e+07    1.000000
8689    7.5498721e+07    1.000000
8692    7.5550864e+07    1.000000
8695    7.5603025e+07    1.000000
8698    7.5655204e+07    1.000000
8701    7.5707401e+07    1.000000
8704    7.5759616e+07    1.000000
8707    7.5811849e+07    1.000000
8710    7.58641e+07    1.000000
8713    7.5916369e+07    1.000000
8716    7.5968656e+07    1.000000
8719    7.6020961e+07    1.000000
8722    7.6073284e+07    1.000000
8725    7.6125625e+07    1.000000
8728    7.6177984e+07    1.000000
8731    7.6230361e+07    1.000000
8734    7.6282756e+07    1.000000
8737    7.6335169e+07    1.000000
8740    7.63876e+07    1.000000
8743    7.6440049e+07    1.000000
8746    7.6492516e+07    1.000000
8749    7.6545001e+07    1.000000
8752    7.6597504e+07    1.000000
8755    7.6650025e+07    1.000000
8758    7.6702564e+07    1.000000
8761    7.6755121e+07    1.000000
8764    7.6807696e+07    1.000000
8767    7.6860289e+07    1.000000
8770    7.69129e+07    1.000000
8773    7.6965529e+07    1.000000
8776    7.7018176e+07    1.000000
8779    7.7070841e+07    1.000000
8782    7.7123524e+07    1.000000
8785    7.7176225e+07    1.000000
8788    7.7228944e+07    1.000000
8791    7.7281681e+07    1.000000
8794    7.7334436e+07    1.000000
8797    7.7387209e+07    1.000000
8800    7.744e+07    1.000000
8803    7.7492809e+07    1.000000
8806    7.7545636e+07    1.000000
8809    7.7598481e+07    1.000000
8812    7.7651344e+07    1.000000
8815    7.7704225e+07    1.000000
8818    7.7757124e+07    1.000000
8821    7.7810041e+07    1.000000
8824    7.7862976e+07    1.000000
8827    7.7915929e+07    1.000000
8830    7.79689e+07    1.000000
8833    7.8021889e+07    1.000000
8836    7.8074896e+07    1.000000
8839    7.8127921e+07    1.000000
8842    7.8180964e+07    1.000000
8845    7.8234025e+07    1.000000
8848    7.8287104e+07    1.000000
8851    7.8340201e+07    1.000000
8854    7.8393316e+07    1.000000
8857    7.8446449e+07    1.000000
8860    7.84996e+07    1.000000
8863    7.8552769e+07    1.000000
8866    7.8605956e+07    1.000000
8869    7.8659161e+07    1.000000
8872    7.8712384e+07    1.000000
8875    7.8765625e+07    1.000000
8878    7.8818884e+07    1.000000
8881    7.8872161e+07    1.000000
8884    7.8925456e+07    1.000000
8887    7.8978769e+07    1.000000
8890    7.90321e+07    1.000000
8893    7.9085449e+07    1.000000
8896    7.9138816e+07    1.000000
8899    7.9192201e+07    1.000000
8902    7.9245604e+07    1.000000
8905    7.9299025e+07    1.000000
8908    7.9352464e+07    1.000000
8911    7.9405921e+07    1.000000
8914    7.9459396e+07    1.000000
8917    7.9512889e+07    1.000000
8920    7.95664e+07    1.000000
8923    7.9619929e+07    1.000000
8926    7.9673476e+07    1.000000
8929    7.9727041e+07    1.000000
8932    7.9780624e+07    1.000000
8935    7.9834225e+07    1.000000
8938    7.9887844e+07    1.000000
8941    7.9941481e+07    1.000000
8944    7.9995136e+07    1.000000
8947    8.0048809e+07    1.000000
8950    8.01025e+07    1.000000
8953    8.0156209e+07    1.000000
8956    8.0209936e+07    1.000000
8959    8.0263681e+07    1.000000
8962    8.0317444e+07    1.000000
8965    8.0371225e+07    1.000000
8968    8.0425024e+07    1.000000
8971    8.0478841e+07    1.000000
8974    8.0532676e+07    1.000000
8977    8.0586529e+07    1.000000
8980    8.06404e+07    1.000000
8983    8.0694289e+07    1.000000
8986    8.0748196e+07    1.000000
8989    8.0802121e+07    1.000000
8992    8.0856064e+07    1.000000
8995    8.0910025e+07    1.000000
8998    8.0964004e+07    1.000000
9001    8.1018001e+07    1.000000
9004    8.1072016e+07    1.000000
9007    8.1126049e+07    1.000000
9010    8.11801e+07    1.000000
9013    8.1234169e+07    1.000000
9016    8.1288256e+07    1.000000
9019    8.1342361e+07    1.000000
9022    8.1396484e+07    1.000000
9025    8.1450625e+07    1.000000
9028    8.1504784e+07    1.000000
9031    8.1558961e+07    1.000000
9034    8.1613156e+07    1.000000
9037    8.1667369e+07    1.000000
9040    8.17216e+07    1.000000
9043    8.1775849e+07    1.000000
9046    8.1830116e+07    1.000000
9049    8.1884401e+07    1.000000
9052    8.1938704e+07    1.000000
9055    8.1993025e+07    1.000000
9058    8.2047364e+07    1.000000
9061    8.2101721e+07    1.000000
9064    8.2156096e+07    1.000000
9067    8.2210489e+07    1.000000
9070    8.22649e+07    1.000000
9073    8.2319329e+07    1.000000
9076    8.2373776e+07    1.000000
9079    8.2428241e+07    1.000000
9082    8.2482724e+07    1.000000
9085    8.2537225e+07    1.000000
9088    8.2591744e+07    1.000000
9091    8.2646281e+07    1.000000
9094    8.2700836e+07    1.000000
9097    8.2755409e+07    1.000000
9100    8.281e+07    1.000000
9103    8.2864609e+07    1.000000
9106    8.2919236e+07    1.000000
9109    8.2973881e+07    1.000000
9112    8.3028544e+07    1.000000
9115    8.3083225e+07    1.000000
9118    8.3137924e+07    1.000000
9121    8.3192641e+07    1.000000
9124    8.3247376e+07    1.000000
9127    8.3302129e+07    1.000000
9130    8.33569e+07    1.000000
9133    8.3411689e+07    1.000000
9136    8.3466496e+07    1.000000
9139    8.3521321e+07    1.000000
9142    8.3576164e+07    1.000000
9145    8.3631025e+07    1.000000
9148    8.3685904e+07    1.000000
9151    8.3740801e+07    1.000000
9154    8.3795716e+07    1.000000
9157    8.3850649e+07    1.000000
9160    8.39056e+07    1.000000
9163    8.3960569e+07    1.000000
9166    8.4015556e+07    1.000000
9169    8.4070561e+07    1.000000
9172    8.4125584e+07    1.000000
9175    8.4180625e+07    1.000000
9178    8.4235684e+07    1.000000
9181    8.4290761e+07    1.000000
9184    8.4345856e+07    1.000000
9187    8.4400969e+07    1.000000
9190    8.44561e+07    1.000000
9193    8.4511249e+07    1.000000
9196    8.4566416e+07    1.000000
9199    8.4621601e+07    1.000000
9202    8.4676804e+07    1.000000
9205    8.4732025e+07    1.000000
9208    8.4787264e+07    1.000000
9211    8.4842521e+07    1.000000
9214    8.4897796e+07    1.000000
9217    8.4953089e+07    1.000000
9220    8.50084e+07    1.000000
9223    8.5063729e+07    1.000000
9226    8.5119076e+07    1.000000
9229    8.5174441e+07    1.000000
9232    8.5229824e+07    1.000000
9235    8.5285225e+07    1.000000
9238    8.5340644e+07    1.000000
9241    8.5396081e+07    1.000000
9244    8.5451536e+07    1.000000
9247    8.5507009e+07    1.000000
9250    8.55625e+07    1.000000
9253    8.5618009e+07    1.000000
9256    8.5673536e+07    1.000000
9259    8.5729081e+07    1.000000
9262    8.5784644e+07    1.000000
9265    8.5840225e+07    1.000000
9268    8.5895824e+07    1.000000
9271    8.5951441e+07    1.000000
9274    8.6007076e+07    1.000000
9277    8.6062729e+07    1.000000
9280    8.61184e+07    1.000000
9283    8.6174089e+07    1.000000
9286    8.6229796e+07    1.000000
9289    8.6285521e+07    1.000000
9292    8.6341264e+07    1.000000
9295    8.6397025e+07    1.000000
9298    8.6452804e+07    1.000000
9301    8.6508601e+07    1.000000
9304    8.6564416e+07    1.000000
9307    8.6620249e+07    1.000000
9310    8.66761e+07    1.000000
9313    8.6731969e+07    1.000000
9316    8.6787856e+07    1.000000
9319    8.6843761e+07    1.000000
9322    8.6899684e+07    1.000000
9325    8.6955625e+07    1.000000
9328    8.7011584e+07    1.000000
9331    8.7067561e+07    1.000000
9334    8.7123556e+07    1.000000
9337    8.7179569e+07    1.000000
9340    8.72356e+07    1.000000
9343    8.7291649e+07    1.000000
9346    8.7347716e+07    1.000000
9349    8.7403801e+07    1.000000
9352    8.7459904e+07    1.000000
9355    8.7516025e+07    1.000000
9358    8.7572164e+07    1.000000
9361    8.7628321e+07    1.000000
9364    8.7684496e+07    1.000000
9367    8.7740689e+07    1.000000
9370    8.77969e+07    1.000000
9373    8.7853129e+07    1.000000
9376    8.7909376e+07    1.000000
9379    8.7965641e+07    1.000000
9382    8.8021924e+07    1.000000
9385    8.8078225e+07    1.000000
9388    8.8134544e+07    1.000000
9391    8.8190881e+07    1.000000
9394    8.8247236e+07    1.000000
9397    8.8303609e+07    1.000000
9400    8.836e+07    1.000000
9403    8.8416409e+07    1.000000
9406    8.8472836e+07    1.000000
9409    8.8529281e+07    1.000000
9412    8.8585744e+07    1.000000
9415    8.8642225e+07    1.000000
9418    8.8698724e+07    1.000000
9421    8.8755241e+07    1.000000
9424    8.8811776e+07    1.000000
9427    8.8868329e+07    1.000000
9430    8.89249e+07    1.000000
9433    8.8981489e+07    1.000000
9436    8.9038096e+07    1.000000
9439    8.9094721e+07    1.000000
9442    8.9151364e+07    1.000000
9445    8.9208025e+07    1.000000
9448    8.9264704e+07    1.000000
9451    8.9321401e+07    1.000000
9454    8.9378116e+07    1.000000
9457    8.9434849e+07    1.000000
9460    8.94916e+07    1.000000
9463    8.9548369e+07    1.000000
9466    8.9605156e+07    1.000000
9469    8.9661961e+07    1.000000
9472    8.9718784e+07    1.000000
9475    8.9775625e+07    1.000000
9478    8.9832484e+07    1.000000
9481    8.9889361e+07    1.000000
9484    8.9946256e+07    1.000000
9487    9.0003169e+07    1.000000
9490    9.00601e+07    1.000000
9493    9.0117049e+07    1.000000
9496    9.0174016e+07    1.000000
9499    9.0231001e+07    1.000000
9502    9.0288004e+07    1.000000
9505    9.0345025e+07    1.000000
9508    9.0402064e+07    1.000000
9511    9.0459121e+07    1.000000
9514    9.0516196e+07    1.000000
9517    9.0573289e+07    1.000000
9520    9.06304e+07    1.000000
9523    9.0687529e+07    1.000000
9526    9.0744676e+07    1.000000
9529    9.0801841e+07    1.000000
9532    9.0859024e+07    1.000000
9535    9.0916225e+07    1.000000
9538    9.0973444e+07    1.000000
9541    9.1030681e+07    1.000000
9544    9.1087936e+07    1.000000
9547    9.1145209e+07    1.000000
9550    9.12025e+07    1.000000
9553    9.1259809e+07    1.000000
9556    9.1317136e+07    1.000000
9559    9.1374481e+07    1.000000
9562    9.1431844e+07    1.000000
9565    9.1489225e+07    1.000000
9568    9.1546624e+07    1.000000
9571    9.1604041e+07    1.000000
9574    9.1661476e+07    1.000000
9577    9.1718929e+07    1.000000
9580    9.17764e+07    1.000000
9583    9.1833889e+07    1.000000
9586    9.1891396e+07    1.000000
9589    9.1948921e+07    1.000000
9592    9.2006464e+07    1.000000
9595    9.2064025e+07    1.000000
9598    9.2121604e+07    1.000000
9601    9.2179201e+07    1.000000
9604    9.2236816e+07    1.000000
9607    9.2294449e+07    1.000000
9610    9.23521e+07    1.000000
9613    9.2409769e+07    1.000000
9616    9.2467456e+07    1.000000
9619    9.2525161e+07    1.000000
9622    9.2582884e+07    1.000000
9625    9.2640625e+07    1.000000
9628    9.2698384e+07    1.000000
9631    9.2756161e+07    1.000000
9634    9.2813956e+07    1.000000
9637    9.2871769e+07    1.000000
9640    9.29296e+07    1.000000
9643    9.2987449e+07    1.000000
9646    9.3045316e+07    1.000000
9649    9.3103201e+07    1.000000
9652    9.3161104e+07    1.000000
9655    9.3219025e+07    1.000000
9658    9.3276964e+07    1.000000
9661    9.3334921e+07    1.000000
9664    9.3392896e+07    1.000000
9667    9.3450889e+07    1.000000
9670    9.35089e+07    1.000000
9673    9.3566929e+07    1.000000
9676    9.3624976e+07    1.000000
9679    9.3683041e+07    1.000000
9682    9.3741124e+07    1.000000
9685    9.3799225e+07    1.000000
9688    9.3857344e+07    1.000000
9691    9.3915481e+07    1.000000
9694    9.3973636e+07    1.000000
9697    9.4031809e+07    1.000000
9700    9.409e+07    1.000000
9703    9.4148209e+07    1.000000
9706    9.4206436e+07    1.000000
9709    9.4264681e+07    1.000000
9712    9.4322944e+07    1.000000
9715    9.4381225e+07    1.000000
9718    9.4439524e+07    1.000000
9721    9.4497841e+07    1.000000
9724    9.4556176e+07    1.000000
9727    9.4614529e+07    1.000000
9730    9.46729e+07    1.000000
9733    9.4731289e+07    1.000000
9736    9.4789696e+07    1.000000
9739    9.4848121e+07    1.000000
9742    9.4906564e+07    1.000000
9745    9.4965025e+07    1.000000
9748    9.5023504e+07    1.000000
9751    9.5082001e+07    1.000000
9754    9.5140516e+07    1.000000
9757    9.5199049e+07    1.000000
9760    9.52576e+07    1.000000
9763    9.5316169e+07    1.000000
9766    9.5374756e+07    1.000000
9769    9.5433361e+07    1.000000
9772    9.5491984e+07    1.000000
9775    9.5550625e+07    1.000000
9778    9.5609284e+07    1.000000
9781    9.5667961e+07    1.000000
9784    9.5726656e+07    1.000000
9787    9.5785369e+07    1.000000
9790    9.58441e+07    1.000000
9793    9.5902849e+07    1.000000
9796    9.5961616e+07    1.000000
9799    9.6020401e+07    1.000000
9802    9.6079204e+07    1.000000
9805    9.6138025e+07    1.000000
9808    9.6196864e+07    1.000000
9811    9.6255721e+07    1.000000
9814    9.6314596e+07    1.000000
9817    9.6373489e+07    1.000000
9820    9.64324e+07    1.000000
9823    9.6491329e+07    1.000000
9826    9.6550276e+07    1.000000
9829    9.6609241e+07    1.000000
9832    9.6668224e+07    1.000000
9835    9.6727225e+07    1.000000
9838    9.6786244e+07    1.000000
9841    9.6845281e+07    1.000000
9844    9.6904336e+07    1.000000
9847    9.6963409e+07    1.000000
9850    9.70225e+07    1.000000
9853    9.7081609e+07    1.000000
9856    9.7140736e+07    1.000000
9859    9.7199881e+07    1.000000
9862    9.7259044e+07    1.000000
9865    9.7318225e+07    1.000000
9868    9.7377424e+07    1.000000
9871    9.7436641e+07    1.000000
9874    9.7495876e+07    1.000000
9877    9.7555129e+07    1.000000
9880    9.76144e+07    1.000000
9883    9.7673689e+07    1.000000
9886    9.7732996e+07    1.000000
9889    9.7792321e+07    1.000000
9892    9.7851664e+07    1.000000
9895    9.7911025e+07    1.000000
9898    9.7970404e+07    1.000000
9901    9.8029801e+07    1.000000
9904    9.8089216e+07    1.000000
9907    9.8148649e+07    1.000000
9910    9.82081e+07    1.000000
9913    9.8267569e+07    1.000000
9916    9.8327056e+07    1.000000
9919    9.8386561e+07    1.000000
9922    9.8446084e+07    1.000000
9925    9.8505625e+07    1.000000
9928    9.8565184e+07    1.000000
9931    9.8624761e+07    1.000000
9934    9.8684356e+07    1.000000
9937    9.8743969e+07    1.000000
9940    9.88036e+07    1.000000
9943    9.8863249e+07    1.000000
9946    9.8922916e+07    1.000000
9949    9.8982601e+07    1.000000
9952    9.9042304e+07    1.000000
9955    9.9102025e+07    1.000000
9958    9.9161764e+07    1.000000
9961    9.9221521e+07    1.000000
9964    9.9281296e+07    1.000000
9967    9.9341089e+07    1.000000
9970    9.94009e+07    1.000000
9973    9.9460729e+07    1.000000
9976    9.9520576e+07    1.000000
9979    9.9580441e+07    1.000000
9982    9.9640324e+07    1.000000
9985    9.9700225e+07    1.000000
9988    9.9760144e+07    1.000000
9991    9.9820081e+07    1.000000
9994    9.9880036e+07    1.000000
9997    9.9940009e+07    1.000000
10000    1e+08    1.000000
