1    0.009999998333333418
2    0.01999998666666933
3    0.02999995500002025
4    0.03999989333341867
5    0.04999979166692708
6    0.059999640000648
7    0.06999942833473391
8    0.07999914666939734
9    0.08999878500492074
10    0.09999833334166665
11    0.10999778168008754
12    0.11999712002073594
13    0.1299963383642743
14    0.13999542671148513
15    0.1499943750632809
16    0.15999317342071415
17    0.1699918117849873
18    0.17999028015746277
19    0.18998856853967314
20    0.1999866669333308
21    0.20998456534033821
22    0.2199822537627977
23    0.22997972220302182
24    0.23997696066354288
25    0.2499739591471233
26    0.2599707076567654
27    0.2699671961957215
28    0.27996341476750386
29    0.28995935337589485
30    0.2999550020249566
31    0.30995035071904137
32    0.3199453894628012
33    0.32994010826119824
34    0.3399344971195145
35    0.349928546043362
36    0.35992224503869247
37    0.3699155841118081
38    0.37990855326937034
39    0.38990114251841096
40    0.39989334186634157
41    0.4098851413209637
42    0.4198765308904786
43    0.4298675005834976
44    0.43985804040905185
45    0.4498481403766023
46    0.45983779049604995
47    0.46982698077774543
48    0.4798157012324992
49    0.4898039418715918
50    0.4997916927067833
51    0.5097789437503236
52    0.5197656850149629
53    0.5297519065139604
54    0.5397375982610955
55    0.5497227502706774
56    0.5597073525575547
57    0.5696913951371262
58    0.57967486802535
59    0.589657761238754
60    0.599640064794446
61    0.6096217687101231
62    0.6196028630040823
63    0.6295833376952301
64    0.6395631828030929
65    0.649542388347826
66    0.6595209443502249
67    0.6694988408317346
68    0.679476067814459
69    0.6894526153211723
70    0.6994284733753278
71    0.7094036320010679
72    0.7193780812232353
73    0.7293518110673817
74    0.7393248115597774
75    0.7492970727274234
76    0.759268584598059
77    0.7692393372001733
78    0.7792093205630146
79    0.7891785247166002
80    0.799146939691727
81    0.8091145555199805
82    0.8190813622337458
83    0.8290473498662173
84    0.8390125084514082
85    0.8489768280241602
86    0.8589402986201551
87    0.8689029102759229
88    0.878864653028853
89    0.8888255169172031
90    0.8987854919801104
91    0.9087445682576007
92    0.9187027357905985
93    0.928659984620937
94    0.9386163047913683
95    0.948571686345573
96    0.9585261193281703
97    0.9684795937847283
98    0.9784320997617733
99    0.9883836273067999
100    0.9983341664682815
101    1.00828370729568
102    1.018232239839455
103    1.0281797541510753
104    1.0381262402830271
105    1.0480716882888248
106    1.0580160882230218
107    1.0679594301412187
108    1.0779017041000745
109    1.087842900157316
110    1.0977830083717481
111    1.1077220188032633
112    1.117659921512852
113    1.127596706562612
114    1.1375323640157597
115    1.1474668839366382
116    1.1574002563907284
117    1.1673324714446585
118    1.1772635191662144
119    1.1871933896243492
120    1.1971220728891936
121    1.2070495590320647
122    1.2169758381254774
123    1.2269009002431532
124    1.2368247354600315
125    1.2467473338522768
126    1.2566686854972924
127    1.2665887804737275
128    1.2765076088614873
129    1.2864251607417447
130    1.2963414261969486
131    1.3062563953108344
132    1.3161700581684335
133    1.3260824048560844
134    1.335993425461441
135    1.345903110073483
136    1.3558114487825277
137    1.3657184316802362
138    1.375624048859627
139    1.3855282904150834
140    1.395431146442365
141    1.405332607038616
142    1.4152326623023777
143    1.4251313023335945
144    1.4350285172336283
145    1.444924297105264
146    1.4548186320527232
147    1.4647115121816714
148    1.4746029275992298
149    1.484492868413983
150    1.494381324735992
151    1.504268286676801
152    1.514153744349448
153    1.5240376878684772
154    1.5339201073499453
155    1.5438009929114342
156    1.5536803346720587
157    1.5635581227524782
158    1.5734343472749048
159    1.5833089983631154
160    1.5931820661424596
161    1.6030535407398705
162    1.6129234122838743
163    1.6227916709046002
164    1.63265830673379
165    1.6425233099048098
166    1.6523866705526564
167    1.6622483788139697
168    1.672108424827043
169    1.681966798731831
170    1.6918234906699603
171    1.7016784907847398
172    1.71153178922117
173    1.721383376125954
174    1.7312332416475054
175    1.7410813759359594
176    1.7509277691431826
177    1.7607724114227823
178    1.7706152929301175
179    1.7804564038223072
180    1.7902957342582417
181    1.800133274398591
182    1.8099690144058158
183    1.8198029444441772
184    1.8296350546797457
185    1.839465335280412
186    1.8492937764158965
187    1.8591203682577584
188    1.868945100979407
189    1.8787679647561106
190    1.8885889497650057
191    1.8984080461851085
192    1.9082252441973235
193    1.9180405339844533
194    1.927853905731209
195    1.9376653496242193
196    1.9474748558520416
197    1.9572824146051704
198    1.9670880160760476
199    1.9768916504590728
200    1.986693307950612
201    1.9964929787490093
202    2.006290653054594
203    2.0160863210696927
204    2.0258799729986383
205    2.0356715990477796
206    2.0454611894254917
207    2.055248734342185
208    2.065034224010315
209    2.074817648644393
210    2.0845989984609954
211    2.0943782636787733
212    2.1041554345184617
213    2.113930501202891
214    2.1237034539569954
215    2.133474283007823
216    2.1432429785845453
217    2.153009530918467
218    2.1627739302430378
219    2.1725361667938583
220    2.182296230808693
221    2.1920541125274795
222    2.201809802192335
223    2.2115632900475726
224    2.221314566339704
225    2.231063621317454
226    2.2408104452317694
227    2.250555028335826
228    2.2602973608850414
229    2.2700374331370847
230    2.279775235351884
231    2.289510757791638
232    2.299243990720825
233    2.308974924406212
234    2.318703549116868
235    2.328429855124168
236    2.3381538327018068
237    2.3478754721258075
238    2.357594763674532
239    2.367311697628689
240    2.3770262642713456
241    2.3867384538879364
242    2.396448256766272
243    2.406155663196551
244    2.4158606634713666
245    2.4255632478857208
246    2.4352634067370285
247    2.4449611303251326
248    2.45465640895231
249    2.4643492329232837
250    2.474039592545229
251    2.4837274781277885
252    2.493412879983077
253    2.503095788425693
254    2.5127761937727287
255    2.5224540863437808
256    2.5321294564609564
257    2.5418022944488867
258    2.551472590634734
259    2.5611403353482034
260    2.570805518921551
261    2.580468131689594
262    2.59012816398972
263    2.5997856061618987
264    2.6094404485486873
265    2.619092681495244
266    2.6287422953493387
267    2.638389280461357
268    2.648033627184314
269    2.657675325873865
270    2.6673143668883115
271    2.6769507405886133
272    2.686584437338398
273    2.696215447503968
274    2.7058437614543167
275    2.7154693695611285
276    2.725092262198798
277    2.7347124297444316
278    2.7443298625778634
279    2.7539445510816614
280    2.7635564856411374
281    2.7731656566443585
282    2.7827720544821535
283    2.7923756695481265
284    2.8019764922386625
285    2.81157451295294
286    2.8211697220929386
287    2.8307621100634504
288    2.840351667272088
289    2.849938384129295
290    2.8595222510483556
291    2.869103258445403
292    2.878681396739431
293    2.888256656352302
294    2.897829027708758
295    2.907398501236427
296    2.916965067365838
297    2.9265287165304246
298    2.9360894391665373
299    2.945647225713457
300    2.955202066613395
301    2.964753952311514
302    2.9743028732559273
303    2.983848819897715
304    2.993391782690932
305    3.002931752092615
306    3.012468718562797
307    3.022002672564511
308    3.031533604563804
309    3.041061505029745
310    3.050586364434435
311    3.060108173253014
312    3.0696269219636756
313    3.079142601047671
314    3.088655200989322
315    3.0981647122760285
316    3.1076711253982814
317    3.1171744308496683
318    3.1266746191268835
319    3.13617168072974
320    3.1456656061611774
321    3.1551563859272713
322    3.1646440105372413
323    3.174128470503465
324    3.183609756341483
325    3.1930878585700095
326    3.2025627677109436
327    3.212034474289377
328    3.221502968833604
329    3.23096824187513
330    3.2404302839486836
331    3.2498890855922236
332    3.259344637346948
333    3.2687969297573076
334    3.2782459533710093
335    3.287691698739031
336    3.2971341564156282
337    3.3065733169583433
338    3.3160091709280177
339    3.3254417088887966
340    3.334870921408144
341    3.3442967990568486
342    3.353719332409032
343    3.363138512042162
344    3.372554328537061
345    3.3819667724779126
346    3.391375834452273
347    3.400781505051082
348    3.4101837748686696
349    3.4195826345027664
350    3.4289780745545135
351    3.438370085628472
352    3.447758658332631
353    3.457143783278419
354    3.466525451080712
355    3.475903652357843
356    3.485278377731611
357    3.494649617827292
358    3.504017363273646
359    3.5133816047029285
360    3.5227423327508998
361    3.5320995380568316
362    3.5414532112635193
363    3.550803343017291
364    3.560149923968016
365    3.569492944769114
366    3.5788323960775643
367    3.5881682685539165
368    3.5975005528622996
369    3.606829239670429
370    3.61615431964962
371    3.625475783474792
372    3.634793621824483
373    3.644107825380855
374    3.6534183848297057
375    3.6627252908604757
376    3.67202853416626
377    3.681328105443816
378    3.6906239953935738
379    3.6999161947196435
380    3.7092046941298267
381    3.718489484335625
382    3.727770556052249
383    3.737047899998627
384    3.746321506897417
385    3.755591367475012
386    3.7648574724615527
387    3.7741198125909348
388    3.7833783786008186
389    3.792633161232639
390    3.8018841512316146
391    3.811131339346755
392    3.8203747163308743
393    3.8296142729405958
394    3.838849999936363
395    3.8480818880824503
396    3.8573099281469703
397    3.866534110901884
398    3.875754427123008
399    3.8849708675900283
400    3.8941834230865053
401    3.9033920843998833
402    3.9125968423215016
403    3.9217976876466043
404    3.930994611174347
405    3.940187603707804
406    3.949376656053987
407    3.9585617590238424
408    3.9677429034322698
409    3.9769200800981235
410    3.986093279844229
411    3.9952624934973864
412    4.004427711888383
413    4.0135889258520026
414    4.02274612622703
415    4.0318993038562665
416    4.041048449586534
417    4.050193554268691
418    4.059334608757629
419    4.068471603912299
420    4.077604530595702
421    4.086733379674914
422    4.095858142021088
423    4.104978808509461
424    4.114095370019369
425    4.123207817434248
426    4.132316141641653
427    4.1414203335332616
428    4.150520384004881
429    4.159616283956463
430    4.1687080242921075
431    4.177795595920076
432    4.186878989752795
433    4.195958196706873
434    4.2050332077031065
435    4.21410401366648
436    4.223170605526192
437    4.232232974215651
438    4.2412911106724875
439    4.250345005838568
440    4.259394650659996
441    4.268440036087129
442    4.27748115307458
443    4.286517992581236
444    4.295550545570256
445    4.304578803009089
446    4.313602755869477
447    4.3226223951274685
448    4.331637711763426
449    4.340648696762031
450    4.349655341112302
451    4.358657635807594
452    4.3676555718456145
453    4.376649140228427
454    4.385638331962463
455    4.394623138058532
456    4.40360354953183
457    4.412579557401946
458    4.421551152692873
459    4.430518326433013
460    4.439481069655198
461    4.448439373396683
462    4.457393228699165
463    4.466342626608789
464    4.47528755817616
465    4.4842280144563444
466    4.493163986508889
467    4.502095465397821
468    4.5110224421916625
469    4.519944907963438
470    4.528862853790683
471    4.537776270755451
472    4.546685149944326
473    4.55558948244843
474    4.564489259363432
475    4.573384471789555
476    4.582275110831587
477    4.59116116759889
478    4.600042633205407
479    4.6089194987696755
480    4.617791755414829
481    4.626659394268612
482    4.6355224064633855
483    4.644380783136139
484    4.653234515428497
485    4.662083594486727
486    4.6709280114617515
487    4.679767757509154
488    4.6886028237891875
489    4.697433201466789
490    4.70625888171158
491    4.715079855697883
492    4.723896114604721
493    4.73270764961584
494    4.741514451919702
495    4.750316512709508
496    4.759113823183197
497    4.767906374543459
498    4.776694157997745
499    4.78547716475827
500    4.79425538604203
501    4.803028813070803
502    4.811797437071163
503    4.820561249274487
504    4.829320240916964
505    4.8380744032396015
506    4.846823727488239
507    4.855568204913554
508    4.864307826771068
509    4.87304258432116
510    4.881772468829076
511    4.890497471564927
512    4.899217583803717
513    4.907932796825329
514    4.916643101914554
515    4.925348490361087
516    4.934048953459539
517    4.9427444825094495
518    4.9514350688152895
519    4.960120703686473
520    4.968801378437367
521    4.977477084387297
522    4.986147812860556
523    4.994813555186418
524    5.003474302699141
525    5.01213004673798
526    5.020780778647187
527    5.029426489776036
528    5.038067171478813
529    5.0467028151148385
530    5.05533341204847
531    5.06395895364911
532    5.072579431291219
533    5.081194836354319
534    5.0898051602230066
535    5.098410394286959
536    5.10701052994094
537    5.115605558584818
538    5.124195471623563
539    5.132780260467263
540    5.1413599165311314
541    5.149934431235511
542    5.158503796005889
543    5.167068002272901
544    5.175627041472341
545    5.18418090504517
546    5.192729584437527
547    5.201273071100732
548    5.209811356491299
549    5.2183444320709444
550    5.226872289306592
551    5.235394919670386
552    5.243912314639697
553    5.252424465697129
554    5.260931364330534
555    5.269433002033013
556    5.277929370302931
557    5.2864204606439165
558    5.294906264564882
559    5.303386773580023
560    5.3118619792088335
561    5.320331872976109
562    5.328796446411953
563    5.337255691051794
564    5.3457095984363905
565    5.354158160111832
566    5.362601367629562
567    5.37103921254637
568    5.379471686424413
569    5.387898780831218
570    5.3963204873396915
571    5.404736797528128
572    5.413147702980217
573    5.421553195285052
574    5.429953266037146
575    5.438347906836426
576    5.446737109288251
577    5.455120865003423
578    5.463499165598182
579    5.471872002694233
580    5.480239367918736
581    5.488601252904328
582    5.496957649289124
583    5.505308548716728
584    5.513653942836244
585    5.521993823302275
586    5.530328181774945
587    5.538657009919892
588    5.546980299408292
589    5.5552980419168545
590    5.563610229127837
591    5.571916852729055
592    5.580217904413884
593    5.588513375881274
594    5.596803258835754
595    5.605087544987441
596    5.613366226052052
597    5.621639293750903
598    5.629906739810929
599    5.638168555964684
600    5.6464247339503535
601    5.654675265511759
602    5.662920142398371
603    5.671159356365312
604    5.6793928991733695
605    5.687620762589001
606    5.695842938384343
607    5.704059418337222
608    5.712270194231158
609    5.720475257855376
610    5.728674601004813
611    5.736868215480126
612    5.745056093087702
613    5.753238225639663
614    5.7614146049538775
615    5.769585222853968
616    5.777750071169317
617    5.7859091417350745
618    5.794062426392173
619    5.802209916987329
620    5.810351605373051
621    5.818487483407652
622    5.826617542955253
623    5.834741775885799
624    5.842860174075053
625    5.8509727294046225
626    5.8590794337619485
627    5.867180279040328
628    5.875275257138919
629    5.883364359962742
630    5.891447579422695
631    5.899524907435561
632    5.907596335924009
633    5.915661856816614
634    5.923721462047856
635    5.931775143558129
636    5.939822893293754
637    5.947864703206978
638    5.955900565255997
639    5.963930471404946
640    5.971954413623921
641    5.979972383888979
642    5.987984374182153
643    5.9959903764914495
644    6.003990382810872
645    6.011984385140411
646    6.019972375486065
647    6.027954345859847
648    6.035930288279783
649    6.043900194769935
650    6.051864057360396
651    6.059821868087305
652    6.067773618992849
653    6.07571930212528
654    6.083658909538914
655    6.0915924332941485
656    6.099519865457456
657    6.107441198101405
658    6.115356423304666
659    6.123265533152014
660    6.131168519734338
661    6.139065375148653
662    6.146956091498105
663    6.154840660891978
664    6.162719075445702
665    6.170591327280866
666    6.178457408525216
667    6.186317311312672
668    6.194171027783333
669    6.202018550083482
670    6.209859870365597
671    6.21769498078836
672    6.22552387351666
673    6.233346540721604
674    6.241162974580529
675    6.248973167276999
676    6.2567771110008215
677    6.264574797948055
678    6.272366220321013
679    6.280151370328273
680    6.287930240184687
681    6.295702822111382
682    6.303469108335782
683    6.311229091091598
684    6.318982762618849
685    6.326730115163863
686    6.334471140979291
687    6.342205832324105
688    6.349934181463615
689    6.357656180669472
690    6.365371822219679
691    6.373081098398594
692    6.3807840014969415
693    6.388480523811821
694    6.396170657646707
695    6.40385439531147
696    6.411531729122369
697    6.419202651402076
698    6.426867154479664
699    6.434525230690634
700    6.44217687237691
701    6.44982207188685
702    6.457460821575256
703    6.465093113803379
704    6.472718940938926
705    6.480338295356072
706    6.487951169435463
707    6.495557555564225
708    6.503157446135971
709    6.510750833550815
710    6.518337710215366
711    6.525918068542752
712    6.533491900952613
713    6.541059199871116
714    6.548619957730965
715    6.556174166971403
716    6.563721820038219
717    6.571262909383762
718    6.578797427466945
719    6.586325366753247
720    6.5938467197147315
721    6.601361478830046
722    6.608869636584432
723    6.616371185469731
724    6.623866117984398
725    6.6313544266334965
726    6.638836103928723
727    6.646311142388397
728    6.653779534537485
729    6.661241272907589
730    6.66869635003698
731    6.676144758470572
732    6.683586490759965
733    6.691021539463423
734    6.6984498971459
735    6.705871556379037
736    6.713286509741177
737    6.720694749817367
738    6.7280962691993675
739    6.735491060485659
740    6.7428791162814505
741    6.750260429198689
742    6.75763499185606
743    6.765002796879002
744    6.772363836899711
745    6.779718104557149
746    6.787065592497046
747    6.794406293371915
748    6.801740199841059
749    6.8090673045705685
750    6.816387600233343
751    6.823701079509083
752    6.831007735084312
753    6.838307559652376
754    6.845600545913451
755    6.852886686574549
756    6.860165974349532
757    6.867438401959112
758    6.874703962130864
759    6.8819626475992255
760    6.889214451105513
761    6.8964593653979245
762    6.9036973832315445
763    6.9109284973683565
764    6.918152700577247
765    6.925369985634013
766    6.932580345321371
767    6.939783772428961
768    6.946980259753357
769    6.9541698000980725
770    6.961352386273568
771    6.9685280110972565
772    6.975696667393514
773    6.9828583479936865
774    6.9900130457360925
775    6.997160753466035
776    7.004301464035808
777    7.011435170304701
778    7.018561865139006
779    7.025681541412032
780    7.0327941920041015
781    7.039899809802566
782    7.046998387701808
783    7.054089918603246
784    7.061174395415357
785    7.068251811053659
786    7.0753221584407395
787    7.0823854305062515
788    7.089441620186923
789    7.096490720426566
790    7.103532724176078
791    7.1105676243934575
792    7.117595414043808
793    7.124616086099336
794    7.131629633539371
795    7.138636049350369
796    7.14563532652591
797    7.152627458066721
798    7.1596124369806695
799    7.166590256282778
800    7.173560908995227
801    7.180524388147366
802    7.187480686775714
803    7.194429797923974
804    7.201371714643036
805    7.2083064299909845
806    7.215233937033105
807    7.222154228841886
808    7.229067298497043
809    7.235973139085503
810    7.242871743701425
811    7.24976310544621
812    7.25664721742849
813    7.2635240727641595
814    7.270393664576361
815    7.277255985995504
816    7.284111030159268
817    7.290958790212609
818    7.297799259307767
819    7.304632430604274
820    7.311458297268958
821    7.318276852475955
822    7.32508808940671
823    7.331892001249983
824    7.338688581201869
825    7.345477822465786
826    7.3522597182524905
827    7.3590342617800895
828    7.36580144627404
829    7.3725612649671595
830    7.379313711099627
831    7.386058777918999
832    7.392796458680207
833    7.399526746645574
834    7.40624963508481
835    7.41296511727503
836    7.419673186500748
837    7.4263738360539
838    7.433067059233835
839    7.439752849347327
840    7.4464311997085915
841    7.453102103639279
842    7.459765554468481
843    7.466421545532752
844    7.473070070176098
845    7.479711121749997
846    7.486344693613398
847    7.49297077913273
848    7.499589371681906
849    7.506200464642337
850    7.512804051402927
851    7.519400125360093
852    7.5259886799177576
853    7.532569708487371
854    7.539143204487905
855    7.5457091613458624
856    7.552267572495287
857    7.558818431377768
858    7.565361731442447
859    7.571897466146026
860    7.578425628952769
861    7.584946213334516
862    7.59145921277068
863    7.597964620748265
864    7.6044624307618625
865    7.6109526363136615
866    7.617435230913461
867    7.623910208078662
868    7.630377561334291
869    7.636837284212994
870    7.64328937025505
871    7.649733813008374
872    7.65617060602852
873    7.662599742878698
874    7.6690212171297745
875    7.67543502236027
876    7.681841152156383
877    7.688239600111986
878    7.694630359828627
879    7.701013424915552
880    7.707388788989693
881    7.713756445675686
882    7.720116388605877
883    7.726468611420324
884    7.732813107766801
885    7.739149871300817
886    7.745478895685604
887    7.751800174592143
888    7.758113701699152
889    7.764419470693109
890    7.770717475268238
891    7.777007709126542
892    7.783290165977784
893    7.789564839539509
894    7.7958317235370425
895    7.802090811703503
896    7.808342097779803
897    7.814585575514654
898    7.82082123866458
899    7.8270490809939215
900    7.833269096274834
901    7.839481278287302
902    7.845685620819145
903    7.8518821176660225
904    7.858070762631435
905    7.864251549526741
906    7.87042447217115
907    7.876589524391746
908    7.882746700023472
909    7.888895992909156
910    7.895037396899505
911    7.901170905853113
912    7.907296513636474
913    7.913414214123982
914    7.919524001197934
915    7.925625868748546
916    7.931719810673949
917    7.937805820880201
918    7.943883893281295
919    7.949954021799157
920    7.956016200363661
921    7.962070422912626
922    7.968116683391831
923    7.97415497575502
924    7.980185293963895
925    7.986207631988142
926    7.992221983805422
927    7.998228343401383
928    8.004226704769671
929    8.010217061911918
930    8.016199408837771
931    8.022173739564884
932    8.028140048118926
933    8.034098328533588
934    8.04004857485059
935    8.045990781119691
936    8.05192494139868
937    8.057851049753396
938    8.063769100257735
939    8.069679086993645
940    8.075581004051143
941    8.081474845528309
942    8.087360605531302
943    8.093238278174363
944    8.09910785757982
945    8.104969337878096
946    8.110822713207709
947    8.116667977715284
948    8.12250512555556
949    8.128334150891385
950    8.134155047893737
951    8.139967810741718
952    8.14577243362257
953    8.151568910731664
954    8.157357236272526
955    8.163137404456833
956    8.168909409504417
957    8.17467324564327
958    8.18042890710956
959    8.186176388147624
960    8.191915683009983
961    8.19764678595734
962    8.203369691258594
963    8.209084393190842
964    8.21479088603938
965    8.220489164097717
966    8.226179221667575
967    8.231861053058896
968    8.23753465258985
969    8.24320001458684
970    8.248857133384499
971    8.254506003325714
972    8.260146618761613
973    8.265778974051583
974    8.271403063563266
975    8.277018881672577
976    8.282626422763693
977    8.288225681229077
978    8.293816651469474
979    8.299399327893907
980    8.304973704919705
981    8.31053977697249
982    8.31609753848619
983    8.321646983903044
984    8.327188107673608
985    8.33272090425676
986    8.3382453681197
987    8.343761493737968
988    8.34926927559544
989    8.354768708184327
990    8.360259786005205
991    8.365742503566993
992    8.371216855386974
993    8.376682835990797
994    8.382140439912485
995    8.387589661694427
996    8.39303049588741
997    8.398462937050597
998    8.403886979751546
999    8.409302618566214
1000    8.414709848078964
1001    8.42010866288257
1002    8.425499057578213
1003    8.430881026775499
1004    8.436254565092462
1005    8.441619667155562
1006    8.446976327599703
1007    8.452324541068213
1008    8.457664302212892
1009    8.462995605693973
1010    8.468318446180152
1011    8.47363281834859
1012    8.478938716884917
1013    8.484236136483233
1014    8.48952507184612
1015    8.494805517684641
1016    8.500077468718354
1017    8.505340919675307
1018    8.51059586529205
1019    8.515842300313633
1020    8.521080219493628
1021    8.526309617594114
1022    8.531530489385691
1023    8.536742829647492
1024    8.541946633167173
1025    8.547141894740935
1026    8.552328609173511
1027    8.557506771278193
1028    8.562676375876816
1029    8.567837417799776
1030    8.572989891886035
1031    8.578133792983113
1032    8.583269115947115
1033    8.588395855642714
1034    8.593514006943176
1035    8.598623564730344
1036    8.60372452389467
1037    8.608816879335182
1038    8.613900625959534
1039    8.618975758683979
1040    8.624042272433384
1041    8.629100162141235
1042    8.634149422749642
1043    8.639190049209345
1044    8.644222036479722
1045    8.64924537952878
1046    8.65426007333318
1047    8.659266112878228
1048    8.664263493157884
1049    8.669252209174768
1050    8.674232255940169
1051    8.679203628474033
1052    8.684166321804994
1053    8.689120330970356
1054    8.694065651016114
1055    8.699002276996941
1056    8.703930203976219
1057    8.708849427026017
1058    8.713759941227114
1059    8.718661741668996
1060    8.723554823449861
1061    8.728439181676633
1062    8.73331481146495
1063    8.73818170793918
1064    8.743039866232433
1065    8.747889281486549
1066    8.752729948852112
1067    8.757561863488455
1068    8.762385020563663
1069    8.76719941525458
1070    8.772005042746816
1071    8.776801898234739
1072    8.781589976921495
1073    8.786369274019005
1074    8.791139784747973
1075    8.79590150433789
1076    8.800654428027036
1077    8.805398551062487
1078    8.810133868700118
1079    8.814860376204617
1080    8.819578068849475
1081    8.824286941916998
1082    8.828986990698315
1083    8.833678210493376
1084    8.838360596610965
1085    8.84303414436869
1086    8.84769884909301
1087    8.852354706119218
1088    8.85700171079146
1089    8.861639858462725
1090    8.866269144494872
1091    8.870889564258611
1092    8.87550111313353
1093    8.880103786508073
1094    8.88469757977957
1095    8.889282488354226
1096    8.893858507647135
1097    8.898425633082278
1098    8.90298386009253
1099    8.907533184119663
1100    8.912073600614354
1101    8.916605105036187
1102    8.92112769285366
1103    8.92564135954418
1104    8.930146100594085
1105    8.934641911498634
1106    8.93912878776202
1107    8.943606724897357
1108    8.94807571842672
1109    8.952535763881105
1110    8.956986856800476
1111    8.961428992733737
1112    8.965862167238749
1113    8.970286375882342
1114    8.974701614240308
1115    8.979107877897405
1116    8.983505162447376
1117    8.98789346349293
1118    8.992272776645772
1119    8.996643097526585
1120    9.00100442176505
1121    9.005356744999844
1122    9.009700062878645
1123    9.01403437105813
1124    9.018359665203999
1125    9.022675940990952
1126    9.026983194102716
1127    9.03128142023204
1128    9.035570615080692
1129    9.039850774359488
1130    9.044121893788258
1131    9.048383969095891
1132    9.052636996020306
1133    9.056880970308482
1134    9.061115887716442
1135    9.065341744009269
1136    9.069558534961109
1137    9.073766256355167
1138    9.077964903983727
1139    9.082154473648137
1140    9.086334961158832
1141    9.090506362335324
1142    9.094668673006208
1143    9.098821889009182
1144    9.10296600619102
1145    9.107101020407613
1146    9.111226927523946
1147    9.115343723414107
1148    9.119451403961305
1149    9.12354996505786
1150    9.127639402605212
1151    9.131719712513917
1152    9.135790890703676
1153    9.139852933103302
1154    9.14390583565076
1155    9.147949594293141
1156    9.151984204986691
1157    9.1560096636968
1158    9.160025966398006
1159    9.16403310907401
1160    9.168031087717669
1161    9.172019898331003
1162    9.175999536925204
1163    9.179969999520633
1164    9.183931282146828
1165    9.187883380842505
1166    9.191826291655568
1167    9.195760010643106
1168    9.199684533871396
1169    9.203599857415922
1170    9.207505977361356
1171    9.21140288980158
1172    9.215290590839682
1173    9.219169076587963
1174    9.223038343167932
1175    9.22689838671033
1176    9.23074920335511
1177    9.234590789251452
1178    9.238423140557778
1179    9.242246253441731
1180    9.246060124080204
1181    9.249864748659322
1182    9.25366012337446
1183    9.257446244430248
1184    9.261223108040562
1185    9.26499071042854
1186    9.26874904782658
1187    9.272498116476346
1188    9.276237912628764
1189    9.279968432544045
1190    9.283689672491668
1191    9.287401628750391
1192    9.291104297608257
1193    9.294797675362602
1194    9.298481758320046
1195    9.302156542796506
1196    9.305822025117198
1197    9.309478201616642
1198    9.313125068638659
1199    9.316762622536386
1200    9.320390859672264
1201    9.324009776418059
1202    9.327619369154856
1203    9.33121963427306
1204    9.334810568172406
1205    9.338392167261965
1206    9.341964427960132
1207    9.345527346694652
1208    9.349080919902603
1209    9.352625144030416
1210    9.35616001553386
1211    9.35968553087807
1212    9.363201686537526
1213    9.366708478996081
1214    9.370205904746934
1215    9.373693960292664
1216    9.377172642145217
1217    9.380641946825907
1218    9.384101870865432
1219    9.387552410803869
1220    9.390993563190676
1221    9.394425324584702
1222    9.397847691554189
1223    9.401260660676767
1224    9.404664228539465
1225    9.408058391738722
1226    9.41144314688037
1227    9.414818490579654
1228    9.418184419461232
1229    9.421540930159175
1230    9.424888019316976
1231    9.42822568358754
1232    9.431553919633208
1233    9.434872724125743
1234    9.438182093746336
1235    9.441482025185625
1236    9.444772515143676
1237    9.448053560329997
1238    9.451325157463547
1239    9.454587303272724
1240    9.457839994495389
1241    9.461083227878847
1242    9.464317000179864
1243    9.467541308164673
1244    9.47075614860896
1245    9.473961518297887
1246    9.477157414026088
1247    9.480343832597661
1248    9.483520770826193
1249    9.486688225534744
1250    9.489846193555863
1251    9.492994671731577
1252    9.496133656913411
1253    9.499263145962377
1254    9.502383135748993
1255    9.505493623153262
1256    9.508594605064697
1257    9.511686078382326
1258    9.514768040014665
1259    9.517840486879757
1260    9.520903415905156
1261    9.523956824027934
1262    9.52700070819468
1263    9.530035065361512
1264    9.533059892494073
1265    9.536075186567535
1266    9.539080944566606
1267    9.54207716348553
1268    9.545063840328083
1269    9.54804097210759
1270    9.551008555846922
1271    9.553966588578493
1272    9.556915067344274
1273    9.559853989195783
1274    9.562783351194097
1275    9.56570315040986
1276    9.568613383923267
1277    9.571514048824088
1278    9.574405142211662
1279    9.577286661194886
1280    9.58015860289225
1281    9.583020964431809
1282    9.5858737429512
1283    9.588716935597649
1284    9.591550539527962
1285    9.594374551908533
1286    9.597188969915353
1287    9.599993790734
1288    9.60278901155966
1289    9.605574629597108
1290    9.608350642060726
1291    9.611117046174504
1292    9.613873839172035
1293    9.616621018296527
1294    9.619358580800805
1295    9.622086523947303
1296    9.624804845008079
1297    9.62751354126481
1298    9.630212610008805
1299    9.63290204854099
1300    9.63558185417193
1301    9.638252024221817
1302    9.640912556020487
1303    9.6435634469074
1304    9.646204694231674
1305    9.648836295352055
1306    9.651458247636945
1307    9.654070548464393
1308    9.656673195222096
1309    9.659266185307407
1310    9.66184951612734
1311    9.664423185098562
1312    9.666987189647402
1313    9.66954152720986
1314    9.672086195231596
1315    9.674621191167942
1316    9.677146512483903
1317    9.67966215665416
1318    9.682168121163066
1319    9.684664403504657
1320    9.687151001182654
1321    9.689627911710453
1322    9.692095132611152
1323    9.694552661417521
1324    9.697000495672041
1325    9.69943863292687
1326    9.701867070743878
1327    9.704285806694621
1328    9.706694838360367
1329    9.709094163332082
1330    9.711483779210447
1331    9.713863683605839
1332    9.716233874138355
1333    9.71859434843781
1334    9.720945104143725
1335    9.723286138905348
1336    9.725617450381637
1337    9.72793903624129
1338    9.730250894162719
1339    9.732553021834061
1340    9.734845416953194
1341    9.737128077227721
1342    9.739401000374983
1343    9.741664184122053
1344    9.743917626205755
1345    9.74616132437264
1346    9.748395276379014
1347    9.750619479990924
1348    9.752833932984167
1349    9.755038633144288
1350    9.757233578266591
1351    9.759418766156127
1352    9.761594194627712
1353    9.763759861505914
1354    9.76591576462507
1355    9.768061901829272
1356    9.770198270972388
1357    9.77232486991805
1358    9.774441696539652
1359    9.776548748720373
1360    9.778646024353161
1361    9.780733521340741
1362    9.782811237595611
1363    9.784879171040062
1364    9.786937319606155
1365    9.788985681235747
1366    9.79102425388047
1367    9.793053035501758
1368    9.795072024070825
1369    9.797081217568683
1370    9.799080613986144
1371    9.801070211323804
1372    9.80305000759207
1373    9.805020000811146
1374    9.806980189011037
1375    9.808930570231556
1376    9.810871142522325
1377    9.812801903942768
1378    9.814722852562124
1379    9.816633986459445
1380    9.818535303723598
1381    9.820426802453264
1382    9.822308480756949
1383    9.824180336752969
1384    9.826042368569471
1385    9.827894574344425
1386    9.829736952225623
1387    9.831569500370689
1388    9.833392216947072
1389    9.83520510013206
1390    9.837008148112766
1391    9.838801359086142
1392    9.840584731258982
1393    9.842358262847908
1394    9.844121952079393
1395    9.845875797189747
1396    9.847619796425123
1397    9.849353948041522
1398    9.851078250304793
1399    9.852792701490639
1400    9.854497299884601
1401    9.856192043782086
1402    9.857876931488347
1403    9.8595519613185
1404    9.861217131597511
1405    9.862872440660215
1406    9.864517886851297
1407    9.866153468525319
1408    9.867779184046691
1409    9.869395031789702
1410    9.871001010138503
1411    9.87259711748712
1412    9.874183352239436
1413    9.875759712809227
1414    9.877326197620127
1415    9.878882805105652
1416    9.880429533709197
1417    9.881966381884029
1418    9.883493348093303
1419    9.885010430810054
1420    9.886517628517197
1421    9.888014939707537
1422    9.889502362883759
1423    9.890979896558443
1424    9.892447539254055
1425    9.893905289502953
1426    9.895353145847384
1427    9.896791106839498
1428    9.898219171041324
1429    9.899637337024808
1430    9.901045603371779
1431    9.90244396867397
1432    9.903832431533019
1433    9.905210990560462
1434    9.906579644377738
1435    9.907938391616197
1436    9.90928723091709
1437    9.910626160931578
1438    9.91195518032073
1439    9.913274287755529
1440    9.914583481916864
1441    9.915882761495544
1442    9.91717212519229
1443    9.918451571717739
1444    9.91972109979244
1445    9.920980708146867
1446    9.922230395521416
1447    9.923470160666394
1448    9.924700002342039
1449    9.925919919318508
1450    9.927129910375884
1451    9.928329974304178
1452    9.929520109903327
1453    9.930700315983191
1454    9.931870591363568
1455    9.933030934874179
1456    9.934181345354686
1457    9.935321821654673
1458    9.936452362633666
1459    9.937572967161127
1460    9.93868363411645
1461    9.939784362388963
1462    9.940875150877945
1463    9.941955998492602
1464    9.94302690415209
1465    9.944087866785503
1466    9.945138885331877
1467    9.946179958740196
1468    9.947211085969384
1469    9.948232265988315
1470    9.949243497775809
1471    9.950244780320634
1472    9.951236112621508
1473    9.9522174936871
1474    9.953188922536027
1475    9.95415039819686
1476    9.955101919708124
1477    9.956043486118299
1478    9.956975096485818
1479    9.95789674987907
1480    9.9588084453764
1481    9.959710182066118
1482    9.96060195904648
1483    9.961483775425716
1484    9.962355630322005
1485    9.963217522863495
1486    9.96406945218829
1487    9.964911417444466
1488    9.965743417790055
1489    9.966565452393056
1490    9.967377520431434
1491    9.968179621093123
1492    9.968971753576021
1493    9.969753917087997
1494    9.970526110846887
1495    9.971288334080496
1496    9.972040586026603
1497    9.972782865932954
1498    9.97351517305727
1499    9.974237506667246
1500    9.974949866040545
1501    9.975652250464808
1502    9.976344659237654
1503    9.977027091666672
1504    9.97769954706943
1505    9.97836202477347
1506    9.979014524116318
1507    9.979657044445474
1508    9.980289585118417
1509    9.980912145502607
1510    9.98152472497548
1511    9.982127322924466
1512    9.982719938746953
1513    9.98330257185034
1514    9.983875221651985
1515    9.984437887579238
1516    9.98499056906944
1517    9.985533265569902
1518    9.98606597653793
1519    9.986588701440814
1520    9.98710143975583
1521    9.987604190970238
1522    9.988096954581287
1523    9.988579730096214
1524    9.989052517032244
1525    9.98951531491659
1526    9.989968123286449
1527    9.990410941689023
1528    9.990843769681485
1529    9.99126660683101
1530    9.99167945271476
1531    9.99208230691989
1532    9.992475169043548
1533    9.992858038692868
1534    9.993230915484983
1535    9.993593799047014
1536    9.993946689016079
1537    9.994289585039287
1538    9.994622486773746
1539    9.994945393886548
1540    9.995258306054792
1541    9.995561222965557
1542    9.99585414431594
1543    9.996137069813006
1544    9.996409999173837
1545    9.996672932125502
1546    9.996925868405068
1547    9.997168807759596
1548    9.997401749946153
1549    9.997624694731792
1550    9.99783764189357
1551    9.998040591218539
1552    9.99823354250375
1553    9.998416495556251
1554    9.998589450193089
1555    9.99875240624131
1556    9.99890536353796
1557    9.999048321930077
1558    9.999181281274709
1559    9.999304241438889
1560    9.999417202299663
1561    9.999520163744066
1562    9.999613125669141
1563    9.999696087981924
1564    9.99976905059945
1565    9.99983201344876
1566    9.999884976466891
1567    9.999927939600877
1568    9.999960902807757
1569    9.999983866054569
1570    9.999996829318347
1571    9.999999792586127
1572    9.99999275585495
1573    9.999975719131852
1574    9.999948682433866
1575    9.999911645788032
1576    9.999864609231384
1577    9.999807572810962
1578    9.9997405365838
1579    9.999663500616933
1580    9.9995764649874
1581    9.999479429782236
1582    9.999372395098474
1583    9.99925536104315
1584    9.9991283277333
1585    9.998991295295957
1586    9.998844263868149
1587    9.998687233596911
1588    9.998520204639274
1589    9.998343177162262
1590    9.998156151342908
1591    9.997959127368237
1592    9.997752105435271
1593    9.997535085751032
1594    9.99730806853254
1595    9.997071054006815
1596    9.996824042410868
1597    9.996567033991711
1598    9.996300029006354
1599    9.9960230277218
1600    9.99573603041505
1601    9.995439037373107
1602    9.995132048892955
1603    9.994815065281589
1604    9.994488086855991
1605    9.994151113943138
1606    9.993804146880006
1607    9.993447186013556
1608    9.993080231700757
1609    9.992703284308556
1610    9.992316344213904
1611    9.991919411803742
1612    9.991512487475
1613    9.991095571634604
1614    9.990668664699468
1615    9.990231767096498
1616    9.989784879262597
1617    9.989328001644648
1618    9.98886113469953
1619    9.988384278894108
1620    9.98789743470524
1621    9.987400602619772
1622    9.98689378313453
1623    9.98637697675634
1624    9.985850184002004
1625    9.985313405398315
1626    9.984766641482056
1627    9.984209892799985
1628    9.983643159908853
1629    9.983066443375396
1630    9.982479743776324
1631    9.981883061698342
1632    9.98127639773813
1633    9.980659752502351
1634    9.980033126607651
1635    9.979396520680659
1636    9.978749935357976
1637    9.97809337128619
1638    9.977426829121864
1639    9.976750309531539
1640    9.976063813191736
1641    9.975367340788953
1642    9.97466089301966
1643    9.973944470590304
1644    9.973218074217307
1645    9.97248170462707
1646    9.97173536255596
1647    9.970979048750316
1648    9.970212763966456
1649    9.969436508970661
1650    9.968650284539189
1651    9.967854091458262
1652    9.967047930524075
1653    9.966231802542788
1654    9.96540570833053
1655    9.964569648713393
1656    9.963723624527438
1657    9.962867636618688
1658    9.962001685843132
1659    9.961125773066723
1660    9.960239899165368
1661    9.959344065024945
1662    9.958438271541285
1663    9.957522519620184
1664    9.956596810177395
1665    9.955661144138626
1666    9.954715522439539
1667    9.953759946025762
1668    9.952794415852866
1669    9.951818932886386
1670    9.950833498101801
1671    9.94983811248455
1672    9.948832777030013
1673    9.947817492743527
1674    9.946792260640377
1675    9.945757081745798
1676    9.944711957094965
1677    9.943656887733002
1678    9.942591874714983
1679    9.941516919105915
1680    9.94043202198076
1681    9.939337184424408
1682    9.938232407531702
1683    9.937117692407416
1684    9.935993040166265
1685    9.934858451932902
1686    9.933713928841915
1687    9.932559472037827
1688    9.931395082675094
1689    9.930220761918106
1690    9.929036510941184
1691    9.92784233092858
1692    9.926638223074471
1693    9.925424188582967
1694    9.9242002286681
1695    9.922966344553831
1696    9.921722537474047
1697    9.92046880867255
1698    9.919205159403072
1699    9.917931590929262
1700    9.916648104524688
1701    9.915354701472832
1702    9.914051383067104
1703    9.912738150610817
1704    9.91141500541721
1705    9.910081948809419
1706    9.908738982120507
1707    9.907386106693437
1708    9.906023323881088
1709    9.904650635046238
1710    9.90326804156158
1711    9.901875544809705
1712    9.900473146183112
1713    9.899060847084197
1714    9.89763864892526
1715    9.896206553128499
1716    9.894764561126008
1717    9.893312674359782
1718    9.891850894281704
1719    9.890379222353559
1720    9.888897660047014
1721    9.887406208843633
1722    9.88590487023487
1723    9.884393645722056
1724    9.882872536816423
1725    9.881341545039076
1726    9.879800671921007
1727    9.87824991900309
1728    9.876689287836077
1729    9.8751187799806
1730    9.873538397007165
1731    9.871948140496157
1732    9.870348012037828
1733    9.868738013232312
1734    9.867118145689604
1735    9.865488411029576
1736    9.863848810881954
1737    9.862199346886348
1738    9.860540020692213
1739    9.858870833958882
1740    9.857191788355534
1741    9.855502885561224
1742    9.853804127264846
1743    9.852095515165166
1744    9.850377050970788
1745    9.848648736400182
1746    9.84691057318166
1747    9.845162563053385
1748    9.843404707763368
1749    9.841637009069464
1750    9.83985946873937
1751    9.838072088550627
1752    9.836274870290616
1753    9.834467815756554
1754    9.832650926755496
1755    9.830824205104332
1756    9.828987652629777
1757    9.827141271168394
1758    9.825285062566556
1759    9.823419028680474
1760    9.821543171376184
1761    9.81965749252954
1762    9.817761994026222
1763    9.81585667776173
1764    9.813941545641375
1765    9.812016599580293
1766    9.81008184150343
1767    9.808137273345542
1768    9.8061828970512
1769    9.804218714574775
1770    9.802244727880455
1771    9.800260938942223
1772    9.798267349743869
1773    9.796263962278982
1774    9.794250778550946
1775    9.79222780057295
1776    9.790195030367972
1777    9.788152469968779
1778    9.786100121417928
1779    9.784037986767773
1780    9.781966068080447
1781    9.779884367427869
1782    9.777792886891735
1783    9.775691628563532
1784    9.773580594544514
1785    9.771459786945716
1786    9.769329207887946
1787    9.767188859501783
1788    9.765038743927573
1789    9.762878863315432
1790    9.760709219825241
1791    9.758529815626646
1792    9.756340652899047
1793    9.75414173383161
1794    9.751933060623248
1795    9.749714635482642
1796    9.747486460628211
1797    9.745248538288132
1798    9.743000870700326
1799    9.740743460112464
1800    9.738476308781951
1801    9.736199418975943
1802    9.733912792971324
1803    9.731616433054725
1804    9.729310341522504
1805    9.726994520680755
1806    9.724668972845292
1807    9.72233370034167
1808    9.719988705505154
1809    9.717633990680744
1810    9.715269558223154
1811    9.712895410496815
1812    9.710511549875873
1813    9.708117978744193
1814    9.705714699495342
1815    9.7033017145326
1816    9.700879026268952
1817    9.698446637127088
1818    9.696004549539394
1819    9.693552765947958
1820    9.691091288804564
1821    9.68862012057069
1822    9.6861392637175
1823    9.683648720725856
1824    9.681148494086298
1825    9.67863858629905
1826    9.676118999874024
1827    9.673589737330808
1828    9.671050801198655
1829    9.66850219401651
1830    9.665943918332976
1831    9.663375976706329
1832    9.660798371704512
1833    9.658211105905126
1834    9.65561418189544
1835    9.653007602272377
1836    9.650391369642515
1837    9.64776548662209
1838    9.645129955836982
1839    9.64248477992272
1840    9.639829961524482
1841    9.637165503297085
1842    9.634491407904989
1843    9.63180767802229
1844    9.629114316332712
1845    9.626411325529622
1846    9.623698708316008
1847    9.620976467404489
1848    9.618244605517303
1849    9.615503125386313
1850    9.612752029753
1851    9.609991321368456
1852    9.607221002993395
1853    9.604441077398128
1854    9.601651547362586
1855    9.598852415676296
1856    9.596043685138389
1857    9.5932253585576
1858    9.59039743875225
1859    9.587559928550261
1860    9.584712830789142
1861    9.58185614831599
1862    9.57898988398749
1863    9.576114040669903
1864    9.573228621239073
1865    9.570333628580421
1866    9.567429065588936
1867    9.564514935169184
1868    9.561591240235293
1869    9.55865798371096
1870    9.555715168529439
1871    9.552762797633546
1872    9.549800873975652
1873    9.54682940051768
1874    9.5438483802311
1875    9.540857816096937
1876    9.537857711105755
1877    9.534848068257654
1878    9.53182889056228
1879    9.528800181038811
1880    9.525761942715956
1881    9.522714178631947
1882    9.519656891834556
1883    9.516590085381068
1884    9.513513762338285
1885    9.510427925782535
1886    9.507332578799652
1887    9.504227724484977
1888    9.501113365943377
1889    9.497989506289198
1890    9.494856148646305
1891    9.491713296148054
1892    9.488560951937298
1893    9.485399119166383
1894    9.482227800997137
1895    9.479047000600882
1896    9.475856721158415
1897    9.472656965860017
1898    9.469447737905444
1899    9.46622904050392
1900    9.463000876874144
1901    9.459763250244281
1902    9.456516163851957
1903    9.453259620944257
1904    9.449993624777722
1905    9.446718178618351
1906    9.44343328574159
1907    9.440138949432326
1908    9.4368351729849
1909    9.43352195970309
1910    9.430199312900106
1911    9.426867235898593
1912    9.423525732030631
1913    9.420174804637723
1914    9.416814457070796
1915    9.413444692690195
1916    9.410065514865686
1917    9.406676926976445
1918    9.403278932411064
1919    9.399871534567533
1920    9.396454736853249
1921    9.393028542685013
1922    9.389592955489018
1923    9.386147978700846
1924    9.38269361576548
1925    9.379229870137282
1926    9.375756745279991
1927    9.37227424466674
1928    9.368782371780023
1929    9.365281130111716
1930    9.361770523163061
1931    9.35825055444466
1932    9.354721227476485
1933    9.351182545787864
1934    9.347634512917477
1935    9.344077132413354
1936    9.340510407832877
1937    9.33693434274277
1938    9.333348940719102
1939    9.329754205347266
1940    9.326150140222005
1941    9.322536748947382
1942    9.318914035136784
1943    9.315282002412928
1944    9.311640654407848
1945    9.307989994762888
1946    9.30433002712871
1947    9.300660755165278
1948    9.29698218254187
1949    9.293294312937048
1950    9.289597150038695
1951    9.28589069754396
1952    9.282174959159303
1953    9.278449938600462
1954    9.274715639592454
1955    9.270972065869579
1956    9.267219221175411
1957    9.263457109262795
1958    9.259685733893843
1959    9.255905098839927
1960    9.252115207881683
1961    9.248316064809002
1962    9.244507673421028
1963    9.24069003752615
1964    9.236863160942004
1965    9.233027047495469
1966    9.229181701022656
1967    9.225327125368906
1968    9.221463324388804
1969    9.217590301946146
1970    9.213708061913952
1971    9.209816608174467
1972    9.20591594461914
1973    9.202006075148635
1974    9.198087003672823
1975    9.194158734110772
1976    9.190221270390753
1977    9.18627461645023
1978    9.182318776235856
1979    9.178353753703473
1980    9.174379552818099
1981    9.170396177553936
1982    9.166403631894362
1983    9.162401919831918
1984    9.158391045368319
1985    9.154371012514437
1986    9.150341825290305
1987    9.146303487725111
1988    9.14225600385719
1989    9.13819937773403
1990    9.134133613412253
1991    9.130058714957622
1992    9.125974686445039
1993    9.121881531958527
1994    9.117779255591246
1995    9.113667861445467
1996    9.109547353632587
1997    9.105417736273113
1998    9.101279013496661
1999    9.097131189441955
2000    9.092974268256816
2001    9.088808254098169
2002    9.084633151132024
2003    9.080448963533483
2004    9.076255695486736
2005    9.072053351185051
2006    9.06784193483077
2007    9.06362145063531
2008    9.059391902819158
2009    9.055153295611854
2010    9.050905633252011
2011    9.046648919987286
2012    9.042383160074397
2013    9.038108357779102
2014    9.033824517376203
2015    9.029531643149536
2016    9.025229739391982
2017    9.020918810405439
2018    9.016598860500837
2019    9.012269893998125
2020    9.007931915226273
2021    9.003584928523255
2022    8.99922893823606
2023    8.994863948720674
2024    8.99048996434209
2025    8.986106989474292
2026    8.981715028500252
2027    8.977314085811932
2028    8.972904165810274
2029    8.9684852729052
2030    8.964057411515599
2031    8.959620586069331
2032    8.95517480100323
2033    8.95072006076307
2034    8.946256369803596
2035    8.941783732588496
2036    8.93730215359041
2037    8.932811637290916
2038    8.928312188180529
2039    8.923803810758695
2040    8.919286509533796
2041    8.914760289023132
2042    8.910225153752918
2043    8.905681108258296
2044    8.901128157083306
2045    8.896566304780904
2046    8.891995555912938
2047    8.887415915050152
2048    8.882827386772199
2049    8.878229975667594
2050    8.873623686333756
2051    8.869008523376968
2052    8.864384491412396
2053    8.859751595064076
2054    8.855109838964896
2055    8.850459227756614
2056    8.845799766089842
2057    8.841131458624043
2058    8.836454310027522
2059    8.831768324977425
2060    8.827073508159739
2061    8.822369864269284
2062    8.817657398009697
2063    8.812936114093446
2064    8.808206017241819
2065    8.803467112184906
2066    8.798719403661616
2067    8.793962896419654
2068    8.789197595215528
2069    8.784423504814542
2070    8.779640629990782
2071    8.774848975527123
2072    8.77004854621522
2073    8.765239346855502
2074    8.760421382257165
2075    8.755594657238179
2076    8.750759176625262
2077    8.745914945253903
2078    8.741061967968324
2079    8.736200249621504
2080    8.731329795075164
2081    8.726450609199759
2082    8.72156269687447
2083    8.716666062987208
2084    8.711760712434613
2085    8.706846650122031
2086    8.701923880963525
2087    8.696992409881862
2088    8.692052241808513
2089    8.687103381683649
2090    8.682145834456128
2091    8.677179605083492
2092    8.672204698531976
2093    8.667221119776485
2094    8.662228873800595
2095    8.657227965596553
2096    8.652218400165268
2097    8.647200182516304
2098    8.642173317667877
2099    8.63713781064685
2100    8.632093666488737
2101    8.627040890237677
2102    8.621979486946442
2103    8.616909461676439
2104    8.611830819497694
2105    8.606743565488848
2106    8.601647704737154
2107    8.596543242338468
2108    8.59143018339726
2109    8.586308533026584
2110    8.581178296348089
2111    8.576039478492012
2112    8.570892084597173
2113    8.565736119810964
2114    8.560571589289347
2115    8.555398498196855
2116    8.550216851706578
2117    8.545026655000163
2118    8.539827913267805
2119    8.534620631708243
2120    8.529404815528762
2121    8.524180469945177
2122    8.518947600181834
2123    8.513706211471595
2124    8.508456309055857
2125    8.50319789818452
2126    8.497930984115994
2127    8.492655572117192
2128    8.487371667463522
2129    8.482079275438895
2130    8.476778401335698
2131    8.471469050454807
2132    8.46615122810557
2133    8.460824939605812
2134    8.45549019028182
2135    8.450146985468342
2136    8.44479533050858
2137    8.439435230754194
2138    8.43406669156528
2139    8.428689718310377
2140    8.423304316366456
2141    8.417910491118924
2142    8.4125082479616
2143    8.407097592296733
2144    8.40167852953497
2145    8.39625106509538
2146    8.390815204405422
2147    8.385370952900962
2148    8.379918316026245
2149    8.374457299233912
2150    8.368987907984978
2151    8.363510147748833
2152    8.358024024003237
2153    8.352529542234313
2154    8.347026707936543
2155    8.341515526612762
2156    8.335996003774145
2157    8.330468144940223
2158    8.324931955638853
2159    8.319387441406217
2160    8.313834607786832
2161    8.308273460333535
2162    8.302704004607467
2163    8.29712624617809
2164    8.291540190623152
2165    8.285945843528722
2166    8.280343210489134
2167    8.274732297107029
2168    8.269113108993311
2169    8.263485651767178
2170    8.257849931056082
2171    8.252205952495743
2172    8.246553721730134
2173    8.240893244411494
2174    8.235224526200298
2175    8.229547572765261
2176    8.223862389783335
2177    8.218168982939705
2178    8.21246735792778
2179    8.20675752044918
2180    8.201039476213742
2181    8.195313230939513
2182    8.189578790352735
2183    8.18383616018785
2184    8.178085346187483
2185    8.172326354102456
2186    8.166559189691753
2187    8.160783858722544
2188    8.155000366970155
2189    8.149208720218077
2190    8.143408924257958
2191    8.137600984889598
2192    8.131784907920924
2193    8.125960699168024
2194    8.120128364455102
2195    8.114287909614493
2196    8.108439340486646
2197    8.102582662920138
2198    8.096717882771644
2199    8.090845005905939
2200    8.084964038195901
2201    8.0790749855225
2202    8.073177853774789
2203    8.067272648849896
2204    8.061359376653023
2205    8.05543804309745
2206    8.049508654104502
2207    8.043571215603574
2208    8.037625733532096
2209    8.031672213835558
2210    8.025710662467473
2211    8.019741085389397
2212    8.0137634885709
2213    8.007777877989584
2214    8.001784259631059
2215    7.995782639488941
2216    7.9897730235648465
2217    7.983755417868398
2218    7.977729828417195
2219    7.971696261236832
2220    7.965654722360865
2221    7.959605217830846
2222    7.953547753696268
2223    7.947482336014603
2224    7.94140897085126
2225    7.935327664279611
2226    7.929238422380959
2227    7.923141251244545
2228    7.917036156967539
2229    7.910923145655035
2230    7.904802223420049
2231    7.898673396383495
2232    7.892536670674201
2233    7.886392052428897
2234    7.880239547792198
2235    7.874079162916607
2236    7.867910903962508
2237    7.861734777098161
2238    7.855550788499694
2239    7.849358944351094
2240    7.843159250844199
2241    7.83695171417871
2242    7.83073634056216
2243    7.824513136209923
2244    7.818282107345198
2245    7.81204326019902
2246    7.805796601010233
2247    7.799542136025495
2248    7.793279871499268
2249    7.787009813693822
2250    7.780731968879213
2251    7.774446343333282
2252    7.768152943341655
2253    7.76185177519773
2254    7.75554284520268
2255    7.7492261596654295
2256    7.742901724902667
2257    7.73656954723882
2258    7.730229633006074
2259    7.723881988544339
2260    7.7175266202012605
2261    7.711163534332201
2262    7.704792737300252
2263    7.698414235476209
2264    7.692028035238571
2265    7.685634142973536
2266    7.679232565075003
2267    7.672823307944545
2268    7.666406377991416
2269    7.6599817816325455
2270    7.653549525292536
2271    7.647109615403638
2272    7.640662058405762
2273    7.634206860746461
2274    7.627744028880939
2275    7.621273569272024
2276    7.614795488390174
2277    7.6083097927134675
2278    7.601816488727605
2279    7.595315582925887
2280    7.588807081809221
2281    7.582290991886102
2282    7.575767319672624
2283    7.56923607169246
2284    7.562697254476853
2285    7.5561508745646195
2286    7.5495969385021455
2287    7.543035452843361
2288    7.5364664241497525
2289    7.529889858990344
2290    7.523305763941708
2291    7.516714145587934
2292    7.510115010520642
2293    7.50350836533896
2294    7.496894216649545
2295    7.4902725710665345
2296    7.483643435211579
2297    7.477006815713809
2298    7.470362719209848
2299    7.463711152343792
2300    7.457052121767203
2301    7.4503856341391135
2302    7.443711696126011
2303    7.437030314401834
2304    7.430341495647963
2305    7.423645246553212
2306    7.416941573813837
2307    7.410230484133504
2308    7.403511984223308
2309    7.396786080801738
2310    7.39005278059471
2311    7.383312090335514
2312    7.376564016764846
2313    7.36980856663077
2314    7.363045746688746
2315    7.356275563701589
2316    7.34949802443948
2317    7.342713135679959
2318    7.3359209042079145
2319    7.329121336815577
2320    7.322314440302515
2321    7.315500221475619
2322    7.308678687149114
2323    7.301849844144531
2324    7.295013699290713
2325    7.288170259423801
2326    7.281319531387239
2327    7.274461522031752
2328    7.267596238215349
2329    7.2607236868033125
2330    7.2538438746681955
2331    7.24695680868981
2332    7.240062495755217
2333    7.233160942758731
2334    7.226252156601906
2335    7.219336144193528
2336    7.212412912449609
2337    7.205482468293373
2338    7.198544818655272
2339    7.191599970472953
2340    7.184647930691263
2341    7.177688706262237
2342    7.170722304145107
2343    7.1637487313062715
2344    7.1567679947193
2345    7.149780101364928
2346    7.142785058231051
2347    7.135782872312714
2348    7.128773550612097
2349    7.121757100138523
2350    7.114733527908443
2351    7.10770284094543
2352    7.100665046280168
2353    7.093620150950448
2354    7.0865681620011705
2355    7.079509086484322
2356    7.072442931458978
2357    7.065369703991287
2358    7.058289411154485
2359    7.05120206002886
2360    7.044107657701761
2361    7.037006211267591
2362    7.029897727827797
2363    7.022782214490863
2364    7.015659678372298
2365    7.0085301265946365
2366    7.001393566287437
2367    6.994250004587252
2368    6.987099448637647
2369    6.979941905589173
2370    6.972777382599378
2371    6.965605886832781
2372    6.958427425460878
2373    6.951242005662125
2374    6.944049634621949
2375    6.936850319532718
2376    6.929644067593745
2377    6.922430886011282
2378    6.915210781998507
2379    6.90798376277553
2380    6.900749835569364
2381    6.89350900761394
2382    6.886261286150077
2383    6.879006678425506
2384    6.8717451916948304
2385    6.864476833219535
2386    6.857201610267976
2387    6.849919530115381
2388    6.842630600043826
2389    6.835334827342241
2390    6.8280322193063965
2391    6.820722783238906
2392    6.813406526449198
2393    6.806083456253532
2394    6.798753579974973
2395    6.791416904943405
2396    6.784073438495499
2397    6.776723187974718
2398    6.769366160731312
2399    6.762002364122311
2400    6.75463180551151
2401    6.747254492269467
2402    6.739870431773489
2403    6.732479631407647
2404    6.725082098562733
2405    6.71767784063628
2406    6.710266865032544
2407    6.702849179162505
2408    6.695424790443846
2409    6.687993706300954
2410    6.680555934164909
2411    6.673111481473492
2412    6.665660355671148
2413    6.658202564209004
2414    6.650738114544847
2415    6.643267014143134
2416    6.635789270474961
2417    6.628304891018068
2418    6.620813883256834
2419    6.613316254682273
2420    6.605812012792008
2421    6.59830116509028
2422    6.590783719087933
2423    6.583259682302422
2424    6.575729062257775
2425    6.568191866484614
2426    6.56064810252013
2427    6.553097777908095
2428    6.545540900198827
2429    6.537977476949205
2430    6.530407515722648
2431    6.522831024089122
2432    6.5152480096251155
2433    6.507658479913642
2434    6.5000624425442295
2435    6.492459905112917
2436    6.484850875222241
2437    6.477235360481232
2438    6.469613368505398
2439    6.461984906916736
2440    6.4543499833437075
2441    6.446708605421233
2442    6.439060780790687
2443    6.4314065170999
2444    6.4237458220031325
2445    6.416078703161078
2446    6.408405168240852
2447    6.400725224915994
2448    6.3930388808664445
2449    6.385346143778548
2450    6.3776470213450365
2451    6.369941521265038
2452    6.362229651244049
2453    6.354511418993939
2454    6.346786832232936
2455    6.339055898685633
2456    6.33131862608296
2457    6.323575022162189
2458    6.315825094666918
2459    6.308068851347083
2460    6.300306299958922
2461    6.292537448264987
2462    6.284762304034122
2463    6.276980875041483
2464    6.269193169068491
2465    6.261399193902852
2466    6.253598957338538
2467    6.245792467175791
2468    6.237979731221099
2469    6.2301607572871935
2470    6.222335553193045
2471    6.2145041267638685
2472    6.206666485831081
2473    6.198822638232326
2474    6.190972591811446
2475    6.183116354418493
2476    6.175253933909701
2477    6.16738533814749
2478    6.159510575000451
2479    6.151629652343355
2480    6.143742578057117
2481    6.135849360028815
2482    6.127950006151659
2483    6.120044524325012
2484    6.112132922454351
2485    6.104215208451276
2486    6.096291390233499
2487    6.088361475724842
2488    6.080425472855217
2489    6.072483389560626
2490    6.064535233783148
2491    6.056581013470945
2492    6.048620736578232
2493    6.040654411065288
2494    6.032682044898433
2495    6.024703646050037
2496    6.0167192224985
2497    6.008728782228241
2498    6.0007323332296965
2499    5.992729883499322
2500    5.984721441039564
2501    5.9767070138588645
2502    5.968686609971648
2503    5.960660237398316
2504    5.952627904165246
2505    5.94458961830477
2506    5.936545387855169
2507    5.928495220860672
2508    5.920439125371452
2509    5.912377109443599
2510    5.904309181139131
2511    5.896235348525967
2512    5.888155619677953
2513    5.880070002674809
2514    5.871978505602151
2515    5.863881136551474
2516    5.855777903620153
2517    5.847668814911416
2518    5.8395538785343515
2519    5.83143310260389
2520    5.823306495240819
2521    5.815174064571735
2522    5.807035818729073
2523    5.798891765851072
2524    5.790741914081791
2525    5.78258627157108
2526    5.774424846474577
2527    5.766257646953707
2528    5.758084681175673
2529    5.749905957313439
2530    5.741721483545726
2531    5.733531268057005
2532    5.725335319037496
2533    5.717133644683146
2534    5.708926253195628
2535    5.7007131527823285
2536    5.6924943516563555
2537    5.6842698580365045
2538    5.6760396801472695
2539    5.667803826218824
2540    5.659562304487028
2541    5.651315123193399
2542    5.643062290585117
2543    5.634803814915013
2544    5.626539704441566
2545    5.6182699674288825
2546    5.609994612146702
2547    5.601713646870371
2548    5.593427079880864
2549    5.585134919464744
2550    5.5768371739141696
2551    5.568533851526883
2552    5.560224960606212
2553    5.551910509461044
2554    5.543590506405828
2555    5.535264959760566
2556    5.526933877850808
2557    5.518597269007632
2558    5.510255141567648
2559    5.501907503872978
2560    5.493554364271265
2561    5.485195731115647
2562    5.476831612764755
2563    5.468462017582702
2564    5.460086953939092
2565    5.451706430208982
2566    5.443320454772897
2567    5.434929036016806
2568    5.426532182332137
2569    5.418129902115735
2570    5.409722203769886
2571    5.401309095702278
2572    5.392890586326029
2573    5.384466684059643
2574    5.376037397327021
2575    5.3676027345574475
2576    5.359162704185589
2577    5.350717314651474
2578    5.342266574400489
2579    5.333810491883371
2580    5.325349075556211
2581    5.316882333880419
2582    5.308410275322735
2583    5.299932908355215
2584    5.291450241455231
2585    5.282962283105448
2586    5.274469041793821
2587    5.2659705260135885
2588    5.257466744263272
2589    5.24895770504665
2590    5.240443416872761
2591    5.231923888255888
2592    5.223399127715566
2593    5.21486914377655
2594    5.2063339449688275
2595    5.197793539827589
2596    5.1892479368932465
2597    5.1806971447114005
2598    5.172141171832842
2599    5.163580026813538
2600    5.155013718214642
2601    5.146442254602457
2602    5.137865644548445
2603    5.129283896629215
2604    5.120697019426519
2605    5.112105021527229
2606    5.103507911523344
2607    5.094905698011971
2608    5.086298389595327
2609    5.077685994880716
2610    5.069068522480535
2611    5.060445981012249
2612    5.051818379098409
2613    5.04318572536661
2614    5.034548028449505
2615    5.025905296984787
2616    5.017257539615196
2617    5.008604764988483
2618    4.999946981757423
2619    4.991284198579794
2620    4.982616424118386
2621    4.9739436670409685
2622    4.965265936020299
2623    4.956583239734103
2624    4.9478955868650845
2625    4.9392029861008915
2626    4.9305054461341244
2627    4.921802975662321
2628    4.913095583387949
2629    4.904383278018407
2630    4.895666068265995
2631    4.886943962847923
2632    4.878216970486291
2633    4.8694850999081
2634    4.860748359845215
2635    4.852006759034374
2636    4.843260306217176
2637    4.834509010140078
2638    4.825752879554372
2639    4.816991923216191
2640    4.808226149886482
2641    4.799455568331029
2642    4.790680187320406
2643    4.781900015629997
2644    4.773115062039967
2645    4.764325335335275
2646    4.755530844305645
2647    4.746731597745568
2648    4.737927604454285
2649    4.729118873235795
2650    4.720305412898826
2651    4.711487232256838
2652    4.702664340128006
2653    4.693836745335231
2654    4.685004456706101
2655    4.676167483072905
2656    4.66732583327261
2657    4.658479516146876
2658    4.649628540542015
2659    4.640772915308999
2660    4.631912649303451
2661    4.623047751385644
2662    4.614178230420472
2663    4.605304095277452
2664    4.596425354830718
2665    4.587542017959016
2666    4.578654093545678
2667    4.5697615904786275
2668    4.560864517650363
2669    4.551962883957966
2670    4.543056698303065
2671    4.534145969591843
2672    4.525230706735026
2673    4.516310918647883
2674    4.507386614250198
2675    4.498457802466273
2676    4.489524492224918
2677    4.480586692459449
2678    4.47164441210766
2679    4.462697660111832
2680    4.4537464454187115
2681    4.444790776979521
2682    4.435830663749924
2683    4.426866114690032
2684    4.417897138764391
2685    4.408923744941983
2686    4.399945942196197
2687    4.390963739504838
2688    4.381977145850099
2689    4.372986170218584
2690    4.363990821601263
2691    4.3549911089934845
2692    4.345987041394956
2693    4.336978627809751
2694    4.327965877246281
2695    4.318948798717293
2696    4.3099274012398645
2697    4.300901693835396
2698    4.291871685529593
2699    4.282837385352462
2700    4.273798802338297
2701    4.264755945525692
2702    4.255708823957496
2703    4.246657446680831
2704    4.237601822747068
2705    4.228541961211842
2706    4.219477871135004
2707    4.210409561580648
2708    4.201337041617077
2709    4.192260320316819
2710    4.18317940675659
2711    4.174094310017303
2712    4.165005039184049
2713    4.155911603346107
2714    4.146814011596908
2715    4.137712273034043
2716    4.128606396759246
2717    4.119496391878401
2718    4.110382267501508
2719    4.101264032742687
2720    4.092141696720173
2721    4.0830152685563075
2722    4.073884757377513
2723    4.064750172314301
2724    4.055611522501251
2725    4.046468817077021
2726    4.037322065184311
2727    4.028171275969871
2728    4.019016458584489
2729    4.009857622182986
2730    4.000694775924195
2731    3.9915279289709615
2732    3.982357090490128
2733    3.9731822696525394
2734    3.964003475633013
2735    3.9548207176103407
2736    3.9456340047672764
2737    3.9364433462905404
2738    3.927248751370786
2739    3.9180502292026076
2740    3.908847788984522
2741    3.8996414399189776
2742    3.890431191212318
2743    3.881217052074792
2744    3.871999031720533
2745    3.8627771393675685
2746    3.853551384237787
2747    3.844321775556942
2748    3.8350883225546384
2749    3.8258510344643355
2750    3.816609920523317
2751    3.8073649899726956
2752    3.7981162520574028
2753    3.788863716026169
2754    3.779607391131539
2755    3.7703472866298338
2756    3.761083411781156
2757    3.7518157758493755
2758    3.742544388102135
2759    3.7332692578108193
2760    3.7239903942505572
2761    3.714707806700207
2762    3.705421504442363
2763    3.696131496763323
2764    3.6868377929530953
2765    3.6775404023053775
2766    3.668239334117568
2767    3.65893459769073
2768    3.649626202329599
2769    3.6403141573425666
2770    3.6309984720416835
2771    3.62167915574263
2772    3.612356217764724
2773    3.603029667430897
2774    3.5936995140677066
2775    3.584365767005302
2776    3.575028435577429
2777    3.565687529121414
2778    3.5563430569781707
2779    3.5469950284921676
2780    3.537643453011431
2781    3.5282883398875318
2782    3.518929698475592
2783    3.509567538134246
2784    3.500201868225655
2785    3.490832698115483
2786    3.4814600371729076
2787    3.4720838947705857
2788    3.462704280284658
2789    3.4533212030947347
2790    3.4439346725839
2791    3.4345446981386796
2792    3.4251512891490474
2793    3.415754455008408
2794    3.4063542051136015
2795    3.396950548864874
2796    3.3875434956658803
2797    3.37813305492367
2798    3.36871923604869
2799    3.3593020484547544
2800    3.34988150155905
2801    3.3404576047821206
2802    3.3310303675478674
2803    3.321599799283525
2804    3.31216590941966
2805    3.3027287073901577
2806    3.2932882026322265
2807    3.2838444045863677
2808    3.274397322696378
2809    3.264946966409334
2810    3.2554933451756
2811    3.246036468448793
2812    3.2365763456857866
2813    3.2271129863467003
2814    3.217646399894901
2815    3.2081765957969703
2816    3.1987035835227107
2817    3.1892273725451306
2818    3.179747972340447
2819    3.1702653923880573
2820    3.160779642170538
2821    3.1512907311736367
2822    3.14179866888627
2823    3.1323034648004975
2824    3.1228051284115206
2825    3.1133036692176717
2826    3.1037990967204165
2827    3.0942914204243235
2828    3.084780649837068
2829    3.0752667944694156
2830    3.0657498638352294
2831    3.0562298674514343
2832    3.0467068148380267
2833    3.037180715518054
2834    3.0276515790176237
2835    3.0181194148658657
2836    3.0085842325949446
2837    2.999046041740037
2838    2.989504851839343
2839    2.9799606724340455
2840    2.970413513068324
2841    2.960863383289333
2842    2.951310292647209
2843    2.941754250695039
2844    2.9321952669888627
2845    2.92263335108766
2846    2.913068512553354
2847    2.9035007609507786
2848    2.8939301058476836
2849    2.88435655681472
2850    2.874780123425444
2851    2.865200815256284
2852    2.8556186418865477
2853    2.846033612898403
2854    2.8364457378768875
2855    2.8268550264098704
2856    2.8172614880880613
2857    2.8076651325049955
2858    2.7980659692570358
2859    2.788464007943339
2860    2.7788592581658675
2861    2.769251729529365
2862    2.7596414316413678
2863    2.7500283741121687
2864    2.740412566554826
2865    2.7307940185851396
2866    2.7211727398216663
2867    2.7115487398856803
2868    2.7019220284011802
2869    2.692292614994873
2870    2.682660509296179
2871    2.6730257209371993
2872    2.663388259552722
2873    2.6537481347802023
2874    2.644105356259773
2875    2.6344599336342083
2876    2.6248118765489292
2877    2.6151611946519924
2878    2.605507897594075
2879    2.5958519950284806
2880    2.5861934966111075
2881    2.576532412000454
2882    2.566868750857599
2883    2.5572025228462105
2884    2.547533737632513
2885    2.53786240488529
2886    2.528188534275869
2887    2.518512135478129
2888    2.5088332181684634
2889    2.4991517920257884
2890    2.4894678667315255
2891    2.4797814519696075
2892    2.4700925574264447
2893    2.46040119279093
2894    2.450707367754423
2895    2.441011092010757
2896    2.4313123752562023
2897    2.421611227189475
2898    2.411907657511718
2899    2.402201675926509
2900    2.392493292139824
2901    2.3827825158600464
2902    2.373069356797947
2903    2.363353824666693
2904    2.353635929181811
2905    2.343915680061196
2906    2.3341930870250924
2907    2.3244681597961008
2908    2.3147409080991426
2909    2.3050113416614697
2910    2.295279470212642
2911    2.28554530348454
2912    2.2758088512113255
2913    2.266070123129449
2914    2.256329128977634
2915    2.246585878496882
2916    2.236840381430439
2917    2.227092647523801
2918    2.217342686524697
2919    2.2075905081830953
2920    2.1978361222511693
2921    2.1880795384833047
2922    2.178320766636079
2923    2.1685598164682722
2924    2.1587966977408306
2925    2.149031420216871
2926    2.1392639936616655
2927    2.129494427842649
2928    2.1197227325293824
2929    2.10994891749356
2930    2.100172992508991
2931    2.0903949673516093
2932    2.0806148517994347
2933    2.070832655632581
2934    2.0610483886332407
2935    2.0512620605856875
2936    2.0414736812762446
2937    2.03168326049329
2938    2.0218908080272406
2939    2.0120963336705557
2940    2.002299847217705
2941    1.992501358465174
2942    1.9827008772114458
2943    1.9728984132570104
2944    1.9630939764043263
2945    1.9532875764578288
2946    1.9434792232239138
2947    1.9336689265109415
2948    1.923856696129204
2949    1.9140425418909304
2950    1.9042264736102705
2951    1.8944085011032998
2952    1.8845886341879858
2953    1.8747668826841948
2954    1.864943256413673
2955    1.8551177652000546
2956    1.8452904188688255
2957    1.8354612272473312
2958    1.8256302001647584
2959    1.8157973474521418
2960    1.805962678942329
2961    1.796126204469988
2962    1.786287933871588
2963    1.776447876985407
2964    1.7666060436514972
2965    1.7567624437116909
2966    1.7469170870095827
2967    1.7370699833905379
2968    1.727221142701654
2969    1.7173705747917718
2970    1.7075182895114533
2971    1.6976642967129918
2972    1.6878086062503752
2973    1.677951227979293
2974    1.6680921717571184
2975    1.6582314474429152
2976    1.6483690648974032
2977    1.6385050339829632
2978    1.6286393645636215
2979    1.6187720665050553
2980    1.6089031496745576
2981    1.5990326239410444
2982    1.5891604991750357
2983    1.579286785248665
2984    1.5694114920356406
2985    1.559534629411255
2986    1.5496562072523654
2987    1.5397762354374023
2988    1.5298947238463318
2989    1.520011682360665
2990    1.5101271208634381
2991    1.5002410492392209
2992    1.4903534773740792
2993    1.4804644151555841
2994    1.4705738724727935
2995    1.4606818592162567
2996    1.450788385277983
2997    1.4408934605514445
2998    1.4309970949315611
2999    1.4210992983147066
3000    1.4112000805986722
3001    1.4012994516826744
3002    1.3913974214673421
3003    1.3814939998547
3004    1.3715891967481775
3005    1.3616830220525724
3006    1.3517754856740587
3007    1.3418665975201678
3008    1.3319563674997954
3009    1.3220448055231666
3010    1.3121319215018423
3011    1.3022177253487013
3012    1.2923022269779483
3013    1.2823854363050757
3014    1.272467363246874
3015    1.2625480177214101
3016    1.2526274096480385
3017    1.242705548947362
3018    1.2327824455412397
3019    1.22285810935277
3020    1.2129325503062975
3021    1.2030057783273758
3022    1.193077803342776
3023    1.1831486352804677
3024    1.1732182840696272
3025    1.1632867596406005
3026    1.1533540719249111
3027    1.1434202308552412
3028    1.1334852463654403
3029    1.1235491283904877
3030    1.1136118868665004
3031    1.103673531730714
3032    1.0937340729214928
3033    1.0837935203782898
3034    1.0738518840416567
3035    1.0639091738532245
3036    1.0539653997557117
3037    1.0440205716928868
3038    1.0340746996095773
3039    1.0241277934516497
3040    1.0141798631660186
3041    1.0042309187006089
3042    0.9942809700043642
3043    0.9843300270272278
3044    0.9743780997201509
3045    0.9644251980350556
3046    0.9544713319248423
3047    0.9445165113433726
3048    0.9345607462454745
3049    0.9246040465869081
3050    0.9146464223243719
3051    0.9046878834154854
3052    0.8947284398187954
3053    0.8847681014937399
3054    0.8748068784006569
3055    0.8648447805007639
3056    0.8548818177561667
3057    0.844918000129823
3058    0.8349533375855498
3059    0.824987840088004
3060    0.8150215176026914
3061    0.805054380095929
3062    0.7950864375348536
3063    0.7851176998874025
3064    0.7751481771223214
3065    0.7651778792091278
3066    0.7552068161181187
3067    0.7452349978203521
3068    0.735262434287654
3069    0.7252891354925831
3070    0.7153151114084371
3071    0.7053403720092348
3072    0.6953649272697238
3073    0.6853887871653432
3074    0.6754119616722329
3075    0.6654344607672126
3076    0.6554562944277916
3077    0.6454774726321305
3078    0.6354980053590507
3079    0.6255179025880141
3080    0.6155371742991315
3081    0.6055558304731258
3082    0.5955738810913401
3083    0.5855913361357186
3084    0.5756082055888141
3085    0.565624499433752
3086    0.5556402276542377
3087    0.5456554002345375
3088    0.535670027159487
3089    0.5256841184144541
3090    0.5156976839853464
3091    0.5057107338585933
3092    0.49572327802115296
3093    0.48573532646047585
3094    0.47574688916451285
3095    0.4657579761216959
3096    0.45576859732094593
3097    0.4457787627516368
3098    0.43578848240360196
3099    0.42579776626711663
3100    0.4158066243329049
3101    0.40581506659210353
3102    0.3958231030362694
3103    0.3858307436573608
3104    0.37583799844774507
3105    0.36584487740016225
3106    0.35585139050773257
3107    0.3458575477639375
3108    0.33586335916262794
3109    0.3258688346979873
3110    0.31587398436453895
3111    0.30587881815712825
3112    0.2958833460709293
3113    0.2858875781014089
3114    0.2758915242443342
3115    0.26589519449575394
3116    0.25589859885200567
3117    0.2459017473096799
3118    0.2359046498656273
3119    0.22590731651694004
3120    0.2159097572609596
3121    0.20591198209523984
3122    0.19591400101755516
3123    0.1859158240258813
3124    0.17591746111840342
3125    0.16591892229347902
3126    0.15592021754964622
3127    0.1459213568856088
3128    0.13592235030022226
3129    0.12592320779250116
3130    0.11592393936158277
3131    0.10592455500673466
3132    0.09592506472733596
3133    0.08592547852288494
3134    0.07592580639296256
3135    0.06592605833724013
3136    0.05592624435546041
3137    0.045926374447445434
3138    0.03592645861305984
3139    0.025926506852218627
3140    0.015926529164868284
3141    0.005926535550994538
3142    -0.004073463989414262
3143    -0.014073459456359412
3144    -0.02407344084985072
3145    -0.034073398169898746
3146    -0.044073321416551445
3147    -0.05407320058988639
3148    -0.06407302569002969
3149    -0.0740727867171482
3150    -0.08407247367148617
3151    -0.09407207655335748
3152    -0.10407158536316452
3153    -0.11407099010139041
3154    -0.12407028076863572
3155    -0.13406944736561058
3156    -0.14406847989315372
3157    -0.1540673683522245
3158    -0.16406610274393982
3159    -0.174064673069566
3160    -0.1840630693305381
3161    -0.19406128152845176
3162    -0.20405929966510003
3163    -0.21405711374246567
3164    -0.2240547137627399
3165    -0.2340520897283145
3166    -0.2440492316418189
3167    -0.25404612950611205
3168    -0.26404277332430126
3169    -0.27403915309973476
3170    -0.28403525883603786
3171    -0.2940310805371059
3172    -0.30402660820712235
3173    -0.31402183185055144
3174    -0.3240167414721749
3175    -0.33401132707708386
3176    -0.34400557867069803
3177    -0.35399948625875777
3178    -0.3639930398473607
3179    -0.3739862294429541
3180    -0.3839790450523538
3181    -0.3939714766827359
3182    -0.40396351434167416
3183    -0.41395514803713174
3184    -0.4239463677774802
3185    -0.4339371635714918
3186    -0.44392752542837605
3187    -0.45391744335777173
3188    -0.46390690736976636
3189    -0.4738959074748879
3190    -0.4838844336841414
3191    -0.4938724760090016
3192    -0.5038600244614313
3193    -0.5138470690538742
3194    -0.5238335997992908
3195    -0.5338196067111514
3196    -0.5438050798034539
3197    -0.5537900090907177
3198    -0.5637743845880185
3199    -0.5737581963109817
3200    -0.5837414342758008
3201    -0.59372408849923
3202    -0.60370614899862
3203    -0.6136876057919113
3204    -0.6236684488976524
3205    -0.6336486683349922
3206    -0.6436282541237165
3207    -0.6536071962842404
3208    -0.6635854848376267
3209    -0.673563109805579
3210    -0.6835400612104778
3211    -0.6935163290753723
3212    -0.7034919034239999
3213    -0.7134667742807784
3214    -0.7234409316708419
3215    -0.7334143656200341
3216    -0.7433870661549262
3217    -0.7533590233028097
3218    -0.7633302270917326
3219    -0.7733006675504922
3220    -0.7832703347086529
3221    -0.7932392185965399
3222    -0.8032073092452744
3223    -0.8131745966867665
3224    -0.8231410709537341
3225    -0.8331067220796949
3226    -0.8430715400990031
3227    -0.8530355150468415
3228    -0.8629986369592404
3229    -0.8729608958730697
3230    -0.8829222818260759
3231    -0.892882784856874
3232    -0.902842395004966
3233    -0.9128011023107336
3234    -0.9227588968154752
3235    -0.9327157685613967
3236    -0.9426717075916319
3237    -0.9526267039502337
3238    -0.9625807476822108
3239    -0.9725338288335205
3240    -0.9824859374510868
3241    -0.9924370635827932
3242    -1.0023871972775187
3243    -1.0123363285851303
3244    -1.0222844475565023
3245    -1.0322315442435075
3246    -1.0421776086990542
3247    -1.0521226309770793
3248    -1.0620666011325655
3249    -1.0720095092215345
3250    -1.0819513453010836
3251    -1.091892099429378
3252    -1.1018317616656634
3253    -1.1117703220702837
3254    -1.12170777070467
3255    -1.1316440976313793
3256    -1.141579292914085
3257    -1.1515133466175975
3258    -1.1614462488078547
3259    -1.17137798955196
3260    -1.1813085589181738
3261    -1.1912379469759309
3262    -1.2011661437958363
3263    -1.211093139449698
3264    -1.2210189240105207
3265    -1.230943487552526
3266    -1.240866820151142
3267    -1.250788911883041
3268    -1.2607097528261324
3269    -1.2706293330595806
3270    -1.2805476426637967
3271    -1.2904646717204773
3272    -1.3003804103125938
3273    -1.3102948485244126
3274    -1.3202079764414876
3275    -1.3301197841506962
3276    -1.3400302617402315
3277    -1.3499393992996211
3278    -1.3598471869197197
3279    -1.3697536146927443
3280    -1.3796586727122688
3281    -1.3895623510732396
3282    -1.399464639871971
3283    -1.4093655292061786
3284    -1.4192650091749752
3285    -1.4291630698788849
3286    -1.4390597014198394
3287    -1.4489548939012125
3288    -1.4588486374278125
3289    -1.468740922105901
3290    -1.478631738043185
3291    -1.4885210753488547
3292    -1.498408924133573
3293    -1.5082952745094962
3294    -1.5181801165902664
3295    -1.5280634404910465
3296    -1.5379452363285133
3297    -1.5478254942208767
3298    -1.5577042042878702
3299    -1.5675813566507892
3300    -1.5774569414324822
3301    -1.5873309487573697
3302    -1.597203368751436
3303    -1.607074191542267
3304    -1.6169434072590403
3305    -1.6268110060325456
3306    -1.636676977995176
3307    -1.6465413132809645
3308    -1.656404002025577
3309    -1.6662650343663301
3310    -1.6761244004421834
3311    -1.685982090393776
3312    -1.6958380943634184
3313    -1.705692402495112
3314    -1.715545004934541
3315    -1.7253958918291081
3316    -1.7352450533279273
3317    -1.745092479581842
3318    -1.7549381607434182
3319    -1.7647820869669797
3320    -1.7746242484086017
3321    -1.7844646352261273
3322    -1.7943032375791617
3323    -1.8041400456291086
3324    -1.81397504953916
3325    -1.8238082394743174
3326    -1.833639605601383
3327    -1.8434691380889956
3328    -1.8532968271076238
3329    -1.8631226628295838
3330    -1.8729466354290318
3331    -1.8827687350820004
3332    -1.892588951966391
3333    -1.9024072762619917
3334    -1.9122236981504703
3335    -1.9220382078154101
3336    -1.9318507954423019
3337    -1.941661451218564
3338    -1.9514701653335325
3339    -1.9612769279784976
3340    -1.9710817293466987
3341    -1.9808845596333389
3342    -1.9906854090355803
3343    -2.0004842677525785
3344    -2.0102811259854754
3345    -2.0200759739374186
3346    -2.0298688018135516
3347    -2.0396595998210523
3348    -2.0494483581691223
3349    -2.0592350670690096
3350    -2.0690197167339974
3351    -2.078802297379441
3352    -2.0885827992227606
3353    -2.098361212483459
3354    -2.108137527383115
3355    -2.11791173414542
3356    -2.127683822996167
3357    -2.137453784163273
3358    -2.1472216078767685
3359    -2.1569872843688347
3360    -2.1667508038737964
3361    -2.176512156628139
3362    -2.186271332870503
3363    -2.196028322841715
3364    -2.2057831167847874
3365    -2.215535704944932
3366    -2.2252860775695513
3367    -2.235034224908279
3368    -2.244780137212967
3369    -2.25452380473771
3370    -2.264265217738832
3371    -2.2740043664749243
3372    -2.28374124120684
3373    -2.293475832197709
3374    -2.3032081297129325
3375    -2.3129381240202185
3376    -2.322665805389573
3377    -2.3323911640933157
3378    -2.3421141904060927
3379    -2.351834874604871
3380    -2.36155320696897
3381    -2.371269177780059
3382    -2.3809827773221723
3383    -2.3906939958817026
3384    -2.4004028237474353
3385    -2.4101092512105446
3386    -2.4198132685646083
3387    -2.4295148661056003
3388    -2.439214034131929
3389    -2.448910762944427
3390    -2.4586050428463704
3391    -2.4682968641434715
3392    -2.4779862171439135
3393    -2.487673092158346
3394    -2.497357479499897
3395    -2.5070393694841724
3396    -2.5167187524292878
3397    -2.52639561865586
3398    -2.5360699584870288
3399    -2.5457417622484457
3400    -2.5554110202683122
3401    -2.565077722877372
3402    -2.5747418604089267
3403    -2.5844034231988315
3404    -2.5940624015855285
3405    -2.6037187859100395
3406    -2.613372566515987
3407    -2.6230237337495805
3408    -2.6326722779596587
3409    -2.642318189497679
3410    -2.6519614587177345
3411    -2.661602075976547
3412    -2.671240031633506
3413    -2.6808753160506553
3414    -2.6905079195927173
3415    -2.700137832627079
3416    -2.709765045523833
3417    -2.719389548655767
3418    -2.7290113323983847
3419    -2.738630387129892
3420    -2.7482467032312403
3421    -2.7578602710861144
3422    -2.7674710810809517
3423    -2.777079123604934
3424    -2.786684389050025
3425    -2.796286867810958
3426    -2.8058865502852615
3427    -2.815483426873244
3428    -2.825077487978034
3429    -2.8346687240055712
3430    -2.8442571253646256
3431    -2.853842682466787
3432    -2.8634253857265035
3433    -2.873005225561073
3434    -2.882582192390661
3435    -2.8921562766382927
3436    -2.9017274687298875
3437    -2.9112957590942568
3438    -2.9208611381631133
3439    -2.9304235963710705
3440    -2.939983124155676
3441    -2.949539711957402
3442    -2.9590933502196664
3443    -2.968644029388823
3444    -2.9781917399141977
3445    -2.98773647224808
3446    -2.9972782168457437
3447    -3.006816964165436
3448    -3.016352704668415
3449    -3.02588542881894
3450    -3.0354151270842933
3451    -3.0449417899347684
3452    -3.0544654078437063
3453    -3.063985971287492
3454    -3.073503470745565
3455    -3.0830178967004196
3456    -3.092529239637635
3457    -3.102037490045867
3458    -3.111542638416873
3459    -3.121044675245495
3460    -3.1305435910297024
3461    -3.140039376270579
3462    -3.1495320214723455
3463    -3.159021517142349
3464    -3.1685078537910982
3465    -3.1779910219322582
3466    -3.187471012082665
3467    -3.196947814762321
3468    -3.206421420494429
3469    -3.2158918198053827
3470    -3.22535900322479
3471    -3.2348229612854578
3472    -3.2442836845234346
3473    -3.2537411634779967
3474    -3.263195388691671
3475    -3.2726463507102244
3476    -3.2820940400826992
3477    -3.2915384473614084
3478    -3.300979563101948
3479    -3.3104173778631956
3480    -3.319851882207341
3481    -3.329283066699881
3482    -3.338710921909636
3483    -3.348135438408743
3484    -3.357556606772691
3485    -3.3669744175803116
3486    -3.3763888614137993
3487    -3.385799928858703
3488    -3.39520761050396
3489    -3.4046118969418893
3490    -3.4140127787682095
3491    -3.4234102465820313
3492    -3.4328042909858922
3493    -3.442194902585748
3494    -3.4515820719909915
3495    -3.4609657898144475
3496    -3.4703460466724017
3497    -3.4797228331845984
3498    -3.489096139974256
3499    -3.498465957668061
3500    -3.5078322768961985
3501    -3.517195088292352
3502    -3.526554382493711
3503    -3.5359101501409844
3504    -3.5452623818783993
3505    -3.5546110683537266
3506    -3.5639562002182825
3507    -3.573297768126939
3508    -3.5826357627381213
3509    -3.591970174713839
3510    -3.6013009947196815
3511    -3.6106282134248335
3512    -3.6199518215020694
3513    -3.629271809627785
3514    -3.638588168481993
3515    -3.6479008887483406
3516    -3.657209961114099
3517    -3.6665153762702007
3518    -3.675817124911232
3519    -3.685115197735449
3520    -3.694409585444771
3521    -3.7037002787448157
3522    -3.71298726834489
3523    -3.7222705449580094
3524    -3.7315500993008905
3525    -3.7408259220939826
3526    -3.7500980040614644
3527    -3.7593663359312592
3528    -3.7686309084350267
3529    -3.7778917123082003
3530    -3.787148738289976
3531    -3.7964019771233337
3532    -3.8056514195550264
3533    -3.814897056335616
3534    -3.8241388782194683
3535    -3.833376875964764
3536    -3.8426110403335
3537    -3.851841362091515
3538    -3.861067832008489
3539    -3.8702904408579575
3540    -3.8795091794173033
3541    -3.888724038467793
3542    -3.897935008794568
3543    -3.907142081186664
3544    -3.9163452464369994
3545    -3.9255444953424146
3546    -3.934739818703662
3547    -3.9439312073254227
3548    -3.953118652016301
3549    -3.962302143588856
3550    -3.971481672859598
3551    -3.9806572306490025
3552    -3.989828807781503
3553    -3.998996395085529
3554    -4.008159983393493
3555    -4.017319563541812
3556    -4.026475126370897
3557    -4.035626662725193
3558    -4.044774163453161
3559    -4.053917619407308
3560    -4.063057021444168
3561    -4.072192360424345
3562    -4.081323627212503
3563    -4.090450812677376
3564    -4.099573907691774
3565    -4.108692903132606
3566    -4.117807789880876
3567    -4.126918558821704
3568    -4.136025200844314
3569    -4.145127706842067
3570    -4.154226067712458
3571    -4.163320274357133
3572    -4.1724103176818765
3573    -4.181496188596649
3574    -4.190577878015581
3575    -4.199655376856989
3576    -4.208728676043366
3577    -4.217797766501419
3578    -4.2268626391620545
3579    -4.235923284960409
3580    -4.244979694835826
3581    -4.254031859731903
3582    -4.263079770596474
3583    -4.272123418381634
3584    -4.281162794043729
3585    -4.290197888543385
3586    -4.29922869284551
3587    -4.308255197919305
3588    -4.317277394738257
3589    -4.326295274280175
3590    -4.335308827527178
3591    -4.344318045465719
3592    -4.3533229190865725
3593    -4.362323439384869
3594    -4.371319597360091
3595    -4.380311384016083
3596    -4.389298790361052
3597    -4.398281807407597
3598    -4.4072604261727
3599    -4.41623463767775
3600    -4.425204432948524
3601    -4.4341698030152354
3602    -4.443130738912513
3603    -4.452087231679426
3604    -4.461039272359475
3605    -4.4699868520006225
3606    -4.4789299616552904
3607    -4.487868592380374
3608    -4.496802735237235
3609    -4.505732381291737
3610    -4.5146575216142315
3611    -4.5235781472795855
3612    -4.532494249367164
3613    -4.541405818960873
3614    -4.550312847149139
3615    -4.559215325024943
3616    -4.568113243685797
3617    -4.577006594233787
3618    -4.585895367775566
3619    -4.594779555422363
3620    -4.603659148289983
3621    -4.612534137498838
3622    -4.621404514173941
3623    -4.630270269444918
3624    -4.639131394446008
3625    -4.64798788031609
3626    -4.656839718198678
3627    -4.665686899241938
3628    -4.67452941459869
3629    -4.683367255426413
3630    -4.692200412887272
3631    -4.701028878148108
3632    -4.709852642380461
3633    -4.718671696760562
3634    -4.727486032469359
3635    -4.736295640692516
3636    -4.745100512620432
3637    -4.753900639448227
3638    -4.762696012375778
3639    -4.771486622607714
3640    -4.780272461353428
3641    -4.7890535198270765
3642    -4.797829789247604
3643    -4.806601260838741
3644    -4.815367925829023
3645    -4.824129775451777
3646    -4.832886800945156
3647    -4.841638993552137
3648    -4.850386344520532
3649    -4.859128845102983
3650    -4.867866486556994
3651    -4.876599260144923
3652    -4.885327157134004
3653    -4.89405016879633
3654    -4.902768286408895
3655    -4.911481501253582
3656    -4.9201898046171815
3657    -4.928893187791382
3658    -4.937591642072806
3659    -4.946285158763
3660    -4.95497372916845
3661    -4.96365734460058
3662    -4.972335996375779
3663    -4.981009675815397
3664    -4.989678374245757
3665    -4.998342082998155
3666    -5.007000793408887
3667    -5.015654496819242
3668    -5.024303184575523
3669    -5.032946848029033
3670    -5.041585478536114
3671    -5.05021906745814
3672    -5.058847606161519
3673    -5.067471086017712
3674    -5.076089498403241
3675    -5.084702834699695
3676    -5.093311086293741
3677    -5.101914244577121
3678    -5.110512300946683
3679    -5.119105246804368
3680    -5.1276930735572375
3681    -5.1362757726174575
3682    -5.144853335402333
3683    -5.153425753334302
3684    -5.161993017840951
3685    -5.170555120355007
3686    -5.179112052314374
3687    -5.187663805162121
3688    -5.196210370346498
3689    -5.204751739320934
3690    -5.213287903544065
3691    -5.221818854479728
3692    -5.230344583596973
3693    -5.238865082370068
3694    -5.247380342278516
3695    -5.255890354807061
3696    -5.264395111445691
3697    -5.272894603689646
3698    -5.281388823039436
3699    -5.2898777610008425
3700    -5.298361409084934
3701    -5.306839758808054
3702    -5.3153128016918565
3703    -5.3237805292633
3704    -5.332242933054662
3705    -5.340700004603533
3706    -5.349151735452842
3707    -5.357598117150862
3708    -5.366039141251216
3709    -5.374474799312871
3710    -5.382905082900177
3711    -5.391329983582847
3712    -5.399749492935985
3713    -5.408163602540078
3714    -5.41657230398102
3715    -5.424975588850108
3716    -5.433373448744064
3717    -5.441765875265019
3718    -5.450152860020552
3719    -5.45853439462368
3720    -5.466910470692872
3721    -5.475281079852045
3722    -5.483646213730594
3723    -5.492005863963387
3724    -5.500360022190778
3725    -5.5087086800586
3726    -5.517051829218201
3727    -5.525389461326433
3728    -5.533721568045668
3729    -5.542048141043792
3730    -5.550369171994238
3731    -5.558684652575974
3732    -5.566994574473524
3733    -5.5752989293769595
3734    -5.583597708981931
3735    -5.591890904989659
3736    -5.60017850910695
3737    -5.608460513046196
3738    -5.616736908525396
3739    -5.625007687268155
3740    -5.6332728410037
3741    -5.6415323614668695
3742    -5.649786240398149
3743    -5.658034469543658
3744    -5.666277040655172
3745    -5.674513945490114
3746    -5.682745175811584
3747    -5.690970723388351
3748    -5.699190579994872
3749    -5.707404737411287
3750    -5.715613187423439
3751    -5.723815921822878
3752    -5.732012932406874
3753    -5.740204210978418
3754    -5.7483897493462255
3755    -5.756569539324764
3756    -5.7647435727342415
3757    -5.772911841400631
3758    -5.781074337155657
3759    -5.789231051836827
3760    -5.7973819772874275
3761    -5.805527105356538
3762    -5.813666427899023
3763    -5.821799936775565
3764    -5.8299276238526545
3765    -5.838049481002609
3766    -5.846165500103567
3767    -5.8542756730395125
3768    -5.862379991700271
3769    -5.87047844798153
3770    -5.878571033784827
3771    -5.886657741017581
3772    -5.894738561593084
3773    -5.902813487430521
3774    -5.910882510454957
3775    -5.918945622597377
3776    -5.927002815794666
3777    -5.935054081989637
3778    -5.943099413131019
3779    -5.951138801173481
3780    -5.959172238077639
3781    -5.967199715810058
3782    -5.975221226343256
3783    -5.983236761655725
3784    -5.99124631373193
3785    -5.999249874562326
3786    -6.007247436143342
3787    -6.015238990477424
3788    -6.023224529573016
3789    -6.031204045444585
3790    -6.039177530112607
3791    -6.047144975603601
3792    -6.0551063739501245
3793    -6.063061717190781
3794    -6.071010997370223
3795    -6.078954206539174
3796    -6.086891336754425
3797    -6.094822380078848
3798    -6.102747328581397
3799    -6.110666174337126
3800    -6.11857890942719
3801    -6.126485525938857
3802    -6.134386015965506
3803    -6.14228037160665
3804    -6.150168584967934
3805    -6.158050648161148
3806    -6.165926553304226
3807    -6.1737962925212635
3808    -6.181659857942522
3809    -6.189517241704443
3810    -6.197368435949633
3811    -6.205213432826904
3812    -6.213052224491259
3813    -6.22088480310391
3814    -6.228711160832274
3815    -6.236531289849997
3816    -6.244345182336949
3817    -6.2521528304792415
3818    -6.259954226469222
3819    -6.267749362505498
3820    -6.275538230792934
3821    -6.283320823542666
3822    -6.291097132972093
3823    -6.298867151304911
3824    -6.306630870771104
3825    -6.314388283606955
3826    -6.322139382055045
3827    -6.32988415836428
3828    -6.337622604789884
3829    -6.345354713593414
3830    -6.353080477042757
3831    -6.360799887412152
3832    -6.368512936982189
3833    -6.376219618039824
3834    -6.383919922878368
3835    -6.391613843797521
3836    -6.3993013731033646
3837    -6.40698250310837
3838    -6.414657226131404
3839    -6.422325534497746
3840    -6.429987420539088
3841    -6.437642876593549
3842    -6.445291895005667
3843    -6.4529344681264265
3844    -6.460570588313256
3845    -6.468200247930039
3846    -6.47582343934711
3847    -6.48344015494128
3848    -6.491050387095838
3849    -6.498654128200551
3850    -6.506251370651673
3851    -6.513842106851969
3852    -6.5214263292106995
3853    -6.529004030143648
3854    -6.536575202073107
3855    -6.544139837427909
3856    -6.551697928643419
3857    -6.55924946816155
3858    -6.566794448430755
3859    -6.5743328619060595
3860    -6.581864701049049
3861    -6.58938995832789
3862    -6.596908626217319
3863    -6.6044206971986705
3864    -6.611926163759875
3865    -6.6194250183954715
3866    -6.626917253606597
3867    -6.6344028619010205
3868    -6.641881835793137
3869    -6.649354167803973
3870    -6.656819850461192
3871    -6.664278876299115
3872    -6.671731237858718
3873    -6.679176927687642
3874    -6.686615938340191
3875    -6.694048262377359
3876    -6.701473892366824
3877    -6.708892820882954
3878    -6.7163050405068265
3879    -6.723710543826213
3880    -6.731109323435617
3881    -6.738501371936259
3882    -6.745886681936093
3883    -6.753265246049803
3884    -6.760637056898831
3885    -6.768002107111366
3886    -6.77536038932236
3887    -6.782711896173526
3888    -6.790056620313363
3889    -6.797394554397144
3890    -6.80472569108694
3891    -6.812050023051609
3892    -6.819367542966823
3893    -6.826678243515062
3894    -6.83398211738563
3895    -6.841279157274647
3896    -6.8485693558850755
3897    -6.855852705926721
3898    -6.863129200116234
3899    -6.8703988311771145
3900    -6.877661591839737
3901    -6.884917474841343
3902    -6.892166472926048
3903    -6.899408578844852
3904    -6.906643785355652
3905    -6.913872085223244
3906    -6.921093471219328
3907    -6.928307936122517
3908    -6.935515472718344
3909    -6.942716073799278
3910    -6.94990973216472
3911    -6.957096440621006
3912    -6.96427619198143
3913    -6.971448979066243
3914    -6.978614794702661
3915    -6.985773631724863
3916    -6.992925482974015
3917    -7.000070341298267
3918    -7.007208199552763
3919    -7.014339050599643
3920    -7.021462887308054
3921    -7.028579702554165
3922    -7.03568948922116
3923    -7.042792240199252
3924    -7.049887948385688
3925    -7.056976606684765
3926    -7.0640582080078245
3927    -7.071132745273263
3928    -7.0782002114065445
3929    -7.085260599340205
3930    -7.092313902013861
3931    -7.099360112374201
3932    -7.10639922337502
3933    -7.11343122797721
3934    -7.120456119148767
3935    -7.1274738898647945
3936    -7.134484533107527
3937    -7.141488041866321
3938    -7.14848440913767
3939    -7.155473627925204
3940    -7.162455691239706
3941    -7.169430592099112
3942    -7.176398323528527
3943    -7.183358878560215
3944    -7.190312250233622
3945    -7.197258431595378
3946    -7.204197415699305
3947    -7.211129195606414
3948    -7.218053764384928
3949    -7.2249711151102805
3950    -7.231881240865122
3951    -7.238784134739322
3952    -7.245679789829989
3953    -7.252568199241473
3954    -7.259449356085362
3955    -7.2663232534805005
3956    -7.2731898845529885
3957    -7.280049242436198
3958    -7.286901320270776
3959    -7.293746111204638
3960    -7.300583608392995
3961    -7.307413804998353
3962    -7.314236694190518
3963    -7.321052269146596
3964    -7.327860523051013
3965    -7.334661449095519
3966    -7.34145504047919
3967    -7.34824129040843
3968    -7.355020192096991
3969    -7.361791738765973
3970    -7.368555923643834
3971    -7.37531273996638
3972    -7.382062180976802
3973    -7.388804239925658
3974    -7.3955389100708935
3975    -7.40226618467783
3976    -7.4089860570192005
3977    -7.41569852037513
3978    -7.422403568033163
3979    -7.429101193288241
3980    -7.435791389442746
3981    -7.442474149806481
3982    -7.449149467696689
3983    -7.455817336438046
3984    -7.462477749362689
3985    -7.469130699810204
3986    -7.475776181127647
3987    -7.482414186669526
3988    -7.489044709797843
3989    -7.495667743882075
3990    -7.5022832822991905
3991    -7.508891318433645
3992    -7.515491845677406
3993    -7.522084857429951
3994    -7.528670347098264
3995    -7.535248308096857
3996    -7.541818733847769
3997    -7.548381617780577
3998    -7.554936953332396
3999    -7.561484733947891
4000    -7.568024953079282
4001    -7.574557604186354
4002    -7.581082680736444
4003    -7.587600176204495
4004    -7.594110084072995
4005    -7.600612397832048
4006    -7.607107110979338
4007    -7.613594217020145
4008    -7.620073709467375
4009    -7.62654558184153
4010    -7.633009827670734
4011    -7.639466440490751
4012    -7.64591541384496
4013    -7.652356741284395
4014    -7.6587904163677285
4015    -7.665216432661279
4016    -7.671634783739041
4017    -7.678045463182658
4018    -7.684448464581445
4019    -7.690843781532415
4020    -7.697231407640238
4021    -7.703611336517301
4022    -7.709983561783669
4023    -7.716348077067111
4024    -7.722704876003126
4025    -7.729053952234908
4026    -7.735395299413378
4027    -7.741728911197197
4028    -7.748054781252745
4029    -7.75437290325416
4030    -7.760683270883321
4031    -7.766985877829853
4032    -7.773280717791159
4033    -7.779567784472395
4034    -7.785847071586491
4035    -7.792118572854167
4036    -7.798382282003914
4037    -7.804638192772034
4038    -7.810886298902614
4039    -7.817126594147538
4040    -7.823359072266527
4041    -7.829583727027095
4042    -7.835800552204584
4043    -7.842009541582177
4044    -7.848210688950878
4045    -7.854403988109548
4046    -7.860589432864886
4047    -7.86676701703144
4048    -7.872936734431638
4049    -7.879098578895758
4050    -7.885252544261949
4051    -7.89139862437626
4052    -7.897536813092598
4053    -7.903667104272786
4054    -7.90978949178653
4055    -7.915903969511435
4056    -7.922010531333035
4057    -7.928109171144765
4058    -7.934199882847977
4059    -7.940282660351976
4060    -7.946357497573967
4061    -7.95242438843913
4062    -7.958483326880568
4063    -7.964534306839336
4064    -7.970577322264467
4065    -7.97661236711294
4066    -7.9826394353497045
4067    -7.988658520947705
4068    -7.994669617887843
4069    -8.000672720159036
4070    -8.006667821758178
4071    -8.012654916690156
4072    -8.018633998967893
4073    -8.024605062612299
4074    -8.030568101652303
4075    -8.036523110124882
4076    -8.042470082075015
4077    -8.048409011555743
4078    -8.054339892628128
4079    -8.060262719361287
4080    -8.066177485832405
4081    -8.072084186126709
4082    -8.077982814337492
4083    -8.083873364566141
4084    -8.089755830922092
4085    -8.095630207522893
4086    -8.101496488494162
4087    -8.107354667969611
4088    -8.113204740091073
4089    -8.11904669900847
4090    -8.124880538879843
4091    -8.130706253871356
4092    -8.136523838157288
4093    -8.142333285920065
4094    -8.148134591350237
4095    -8.153927748646488
4096    -8.159712752015677
4097    -8.165489595672796
4098    -8.17125827384099
4099    -8.177018780751599
4100    -8.182771110644103
4101    -8.188515257766184
4102    -8.194251216373688
4103    -8.199978980730656
4104    -8.205698545109328
4105    -8.211409903790141
4106    -8.21711305106173
4107    -8.222807981220956
4108    -8.228494688572882
4109    -8.23417316743081
4110    -8.239843412116258
4111    -8.245505416958974
4112    -8.251159176296966
4113    -8.256804684476469
4114    -8.262441935851967
4115    -8.268070924786228
4116    -8.273691645650246
4117    -8.279304092823315
4118    -8.284908260692978
4119    -8.290504143655067
4120    -8.296091736113707
4121    -8.301671032481304
4122    -8.307242027178557
4123    -8.312804714634476
4124    -8.318359089286371
4125    -8.323905145579873
4126    -8.329442877968924
4127    -8.334972280915787
4128    -8.340493348891066
4129    -8.346006076373689
4130    -8.351510457850935
4131    -8.357006487818419
4132    -8.362494160780107
4133    -8.367973471248336
4134    -8.373444413743789
4135    -8.378906982795522
4136    -8.38436117294098
4137    -8.389806978725954
4138    -8.395244394704655
4139    -8.40067341543966
4140    -8.406094035501944
4141    -8.4115062494709
4142    -8.416910051934307
4143    -8.422305437488358
4144    -8.427692400737678
4145    -8.433070936295294
4146    -8.438441038782683
4147    -8.443802702829737
4148    -8.449155923074784
4149    -8.454500694164619
4150    -8.459837010754466
4151    -8.465164867508
4152    -8.470484259097377
4153    -8.475795180203194
4154    -8.481097625514545
4155    -8.486391589728978
4156    -8.491677067552521
4157    -8.49695405369971
4158    -8.502222542893552
4159    -8.507482529865557
4160    -8.512734009355745
4161    -8.517976976112628
4162    -8.523211424893251
4163    -8.528437350463157
4164    -8.53365474759642
4165    -8.538863611075652
4166    -8.544063935691982
4167    -8.549255716245085
4168    -8.554438947543188
4169    -8.559613624403053
4170    -8.56477974165001
4171    -8.56993729411794
4172    -8.575086276649289
4173    -8.580226684095074
4174    -8.585358511314892
4175    -8.590481753176913
4176    -8.595596404557899
4177    -8.600702460343191
4178    -8.605799915426745
4179    -8.6108887647111
4180    -8.615969003107406
4181    -8.621040625535429
4182    -8.626103626923545
4183    -8.63115800220875
4184    -8.636203746336674
4185    -8.641240854261568
4186    -8.646269320946333
4187    -8.651289141362497
4188    -8.656300310490234
4189    -8.66130282331839
4190    -8.666296674844443
4191    -8.67128186007454
4192    -8.6762583740235
4193    -8.68122621171481
4194    -8.686185368180631
4195    -8.691135838461813
4196    -8.696077617607873
4197    -8.701010700677045
4198    -8.70593508273624
4199    -8.710850758861076
4200    -8.715757724135882
4201    -8.720655973653686
4202    -8.725545502516246
4203    -8.730426305834033
4204    -8.735298378726236
4205    -8.740161716320793
4206    -8.745016313754363
4207    -8.749862166172342
4208    -8.754699268728888
4209    -8.759527616586892
4210    -8.764347204918012
4211    -8.76915802890266
4212    -8.773960083730005
4213    -8.778753364598
4214    -8.783537866713363
4215    -8.788313585291588
4216    -8.793080515556964
4217    -8.797838652742552
4218    -8.802587992090224
4219    -8.807328528850638
4220    -8.812060258283253
4221    -8.816783175656349
4222    -8.821497276247003
4223    -8.826202555341114
4224    -8.830899008233406
4225    -8.835586630227423
4226    -8.84026541663555
4227    -8.844935362778998
4228    -8.849596463987815
4229    -8.85424871560091
4230    -8.858892112966027
4231    -8.863526651439765
4232    -8.868152326387595
4233    -8.872769133183832
4234    -8.87737706721168
4235    -8.881976123863202
4236    -8.886566298539336
4237    -8.891147586649915
4238    -8.895719983613649
4239    -8.900283484858138
4240    -8.904838085819886
4241    -8.909383781944287
4242    -8.91392056868565
4243    -8.91844844150719
4244    -8.922967395881026
4245    -8.927477427288215
4246    -8.931978531218721
4247    -8.936470703171436
4248    -8.940953938654193
4249    -8.945428233183756
4250    -8.949893582285837
4251    -8.954349981495078
4252    -8.95879742635508
4253    -8.963235912418408
4254    -8.967665435246564
4255    -8.972085990410038
4256    -8.976497573488269
4257    -8.980900180069671
4258    -8.985293805751644
4259    -8.98967844614056
4260    -8.994054096851777
4261    -8.99842075350965
4262    -9.002778411747515
4263    -9.00712706720772
4264    -9.011466715541612
4265    -9.015797352409534
4266    -9.020118973480859
4267    -9.024431574433962
4268    -9.028735150956239
4269    -9.033029698744121
4270    -9.037315213503055
4271    -9.041591690947529
4272    -9.045859126801068
4273    -9.050117516796229
4274    -9.054366856674632
4275    -9.058607142186931
4276    -9.062838369092843
4277    -9.06706053316114
4278    -9.071273630169658
4279    -9.075477655905306
4280    -9.079672606164054
4281    -9.08385847675095
4282    -9.088035263480128
4283    -9.0922029621748
4284    -9.096361568667264
4285    -9.100511078798922
4286    -9.104651488420256
4287    -9.10878279339086
4288    -9.112904989579434
4289    -9.117018072863774
4290    -9.121122039130803
4291    -9.125216884276552
4292    -9.129302604206176
4293    -9.13337919483396
4294    -9.137446652083307
4295    -9.141504971886764
4296    -9.145554150186014
4297    -9.149594182931871
4298    -9.153625066084311
4299    -9.157646795612449
4300    -9.161659367494549
4301    -9.16566277771805
4302    -9.169657022279534
4303    -9.17364209718476
4304    -9.177617998448655
4305    -9.181584722095314
4306    -9.185542264158022
4307    -9.189490620679228
4308    -9.193429787710574
4309    -9.197359761312907
4310    -9.201280537556237
4311    -9.2051921125198
4312    -9.20909448229202
4313    -9.21298764297052
4314    -9.21687159066215
4315    -9.220746321482954
4316    -9.224611831558205
4317    -9.228468117022395
4318    -9.232315174019233
4319    -9.236152998701671
4320    -9.23998158723188
4321    -9.243800935781266
4322    -9.247611040530494
4323    -9.251411897669449
4324    -9.255203503397276
4325    -9.258985853922374
4326    -9.262758945462384
4327    -9.266522774244224
4328    -9.270277336504064
4329    -9.274022628487335
4330    -9.277758646448756
4331    -9.281485386652303
4332    -9.28520284537123
4333    -9.288911018888092
4334    -9.292609903494705
4335    -9.296299495492192
4336    -9.299979791190959
4337    -9.303650786910708
4338    -9.307312478980444
4339    -9.310964863738482
4340    -9.314607937532426
4341    -9.31824169671921
4342    -9.321866137665074
4343    -9.325481256745581
4344    -9.329087050345606
4345    -9.332683514859356
4346    -9.33627064669037
4347    -9.339848442251517
4348    -9.343416897964998
4349    -9.34697601026236
4350    -9.35052577558449
4351    -9.354066190381625
4352    -9.35759725111335
4353    -9.361118954248601
4354    -9.364631296265681
4355    -9.368134273652245
4356    -9.371627882905312
4357    -9.37511212053128
4358    -9.378586983045908
4359    -9.382052466974335
4360    -9.38550856885108
4361    -9.38895528522003
4362    -9.392392612634485
4363    -9.395820547657108
4364    -9.399239086859962
4365    -9.40264822682452
4366    -9.406047964141628
4367    -9.40943829541156
4368    -9.41281921724398
4369    -9.416190726257964
4370    -9.419552819082009
4371    -9.42290549235402
4372    -9.426248742721322
4373    -9.42958256684067
4374    -9.432906961378235
4375    -9.436221923009626
4376    -9.439527448419877
4377    -9.442823534303468
4378    -9.446110177364313
4379    -9.449387374315766
4380    -9.452655121880632
4381    -9.455913416791168
4382    -9.459162255789069
4383    -9.46240163562551
4384    -9.465631553061097
4385    -9.468852004865921
4386    -9.472062987819532
4387    -9.475264498710942
4388    -9.478456534338642
4389    -9.481639091510603
4390    -9.484812167044256
4391    -9.487975757766536
4392    -9.491129860513851
4393    -9.49427447213209
4394    -9.497409589476652
4395    -9.500535209412416
4396    -9.503651328813763
4397    -9.506757944564571
4398    -9.50985505355823
4399    -9.512942652697625
4400    -9.516020738895161
4401    -9.519089309072749
4402    -9.522148360161824
4403    -9.525197889103328
4404    -9.528237892847741
4405    -9.531268368355057
4406    -9.534289312594794
4407    -9.537300722546018
4408    -9.54030259519731
4409    -9.543294927546802
4410    -9.546277716602162
4411    -9.549250959380602
4412    -9.552214652908878
4413    -9.555168794223299
4414    -9.55811338036972
4415    -9.561048408403558
4416    -9.563973875389784
4417    -9.566889778402931
4418    -9.569796114527097
4419    -9.572692880855946
4420    -9.575580074492713
4421    -9.578457692550202
4422    -9.581325732150795
4423    -9.584184190426459
4424    -9.58703306451873
4425    -9.589872351578732
4426    -9.592702048767185
4427    -9.595522153254386
4428    -9.598332662220235
4429    -9.601133572854222
4430    -9.603924882355436
4431    -9.606706587932566
4432    -9.609478686803913
4433    -9.612241176197367
4434    -9.614994053350452
4435    -9.617737315510281
4436    -9.620470959933598
4437    -9.623194983886759
4438    -9.625909384645732
4439    -9.62861415949613
4440    -9.631309305733167
4441    -9.6339948206617
4442    -9.636670701596216
4443    -9.639336945860832
4444    -9.641993550789309
4445    -9.644640513725037
4446    -9.647277832021052
4447    -9.649905503040044
4448    -9.652523524154335
4449    -9.655131892745905
4450    -9.657730606206389
4451    -9.660319661937068
4452    -9.662899057348893
4453    -9.665468789862468
4454    -9.668028856908053
4455    -9.670579255925592
4456    -9.673119984364678
4457    -9.675651039684587
4458    -9.678172419354262
4459    -9.680684120852321
4460    -9.68318614166707
4461    -9.685678479296486
4462    -9.688161131248226
4463    -9.690634095039643
4464    -9.693097368197774
4465    -9.695550948259342
4466    -9.697994832770771
4467    -9.700429019288174
4468    -9.702853505377368
4469    -9.705268288613867
4470    -9.707673366582883
4471    -9.710068736879343
4472    -9.712454397107877
4473    -9.714830344882817
4474    -9.717196577828226
4475    -9.719553093577865
4476    -9.721899889775223
4477    -9.724236964073501
4478    -9.726564314135624
4479    -9.728881937634243
4480    -9.731189832251737
4481    -9.733487995680209
4482    -9.735776425621497
4483    -9.738055119787168
4484    -9.740324075898535
4485    -9.742583291686636
4486    -9.744832764892255
4487    -9.747072493265923
4488    -9.749302474567909
4489    -9.751522706568235
4490    -9.753733187046665
4491    -9.75593391379272
4492    -9.758124884605676
4493    -9.76030609729456
4494    -9.76247754967816
4495    -9.764639239585025
4496    -9.766791164853462
4497    -9.76893332333155
4498    -9.77106571287713
4499    -9.773188331357808
4500    -9.77530117665097
4501    -9.777404246643773
4502    -9.77949753923314
4503    -9.781581052325786
4504    -9.783654783838191
4505    -9.78571873169663
4506    -9.787772893837152
4507    -9.789817268205596
4508    -9.791851852757588
4509    -9.793876645458544
4510    -9.795891644283667
4511    -9.797896847217967
4512    -9.799892252256234
4513    -9.801877857403065
4514    -9.803853660672855
4515    -9.805819660089803
4516    -9.807775853687906
4517    -9.809722239510977
4518    -9.81165881561262
4519    -9.81358558005627
4520    -9.815502530915156
4521    -9.817409666272326
4522    -9.81930698422065
4523    -9.82119448286281
4524    -9.823072160311305
4525    -9.824940014688458
4526    -9.826798044126411
4527    -9.828646246767144
4528    -9.830484620762446
4529    -9.83231316427395
4530    -9.834131875473107
4531    -9.835940752541207
4532    -9.837739793669376
4533    -9.83952899705857
4534    -9.841308360919589
4535    -9.843077883473065
4536    -9.844837562949477
4537    -9.846587397589147
4538    -9.848327385642243
4539    -9.850057525368769
4540    -9.851777815038593
4541    -9.853488252931426
4542    -9.855188837336822
4543    -9.856879566554205
4544    -9.858560438892843
4545    -9.860231452671862
4546    -9.861892606220252
4547    -9.863543897876855
4548    -9.865185325990383
4549    -9.86681688891941
4550    -9.868438585032365
4551    -9.870050412707561
4552    -9.871652370333164
4553    -9.873244456307223
4554    -9.874826669037647
4555    -9.876399006942226
4556    -9.87796146844862
4557    -9.879514051994366
4558    -9.881056756026886
4559    -9.882589579003474
4560    -9.884112519391303
4561    -9.88562557566744
4562    -9.887128746318826
4563    -9.888622029842285
4564    -9.890105424744542
4565    -9.891578929542199
4566    -9.893042542761748
4567    -9.894496262939581
4568    -9.895940088621971
4569    -9.897374018365102
4570    -9.898798050735039
4571    -9.900212184307748
4572    -9.901616417669098
4573    -9.903010749414857
4574    -9.904395178150692
4575    -9.905769702492172
4576    -9.907134321064776
4577    -9.908489032503885
4578    -9.909833835454787
4579    -9.91116872857268
4580    -9.91249371052267
4581    -9.913808779979774
4582    -9.915113935628925
4583    -9.916409176164969
4584    -9.917694500292658
4585    -9.918969906726677
4586    -9.920235394191618
4587    -9.921490961421988
4588    -9.922736607162223
4589    -9.92397233016668
4590    -9.92519812919963
4591    -9.926414003035283
4592    -9.927619950457757
4593    -9.928815970261109
4594    -9.930002061249317
4595    -9.93117822223629
4596    -9.932344452045873
4597    -9.933500749511827
4598    -9.934647113477862
4599    -9.935783542797612
4600    -9.936910036334647
4601    -9.93802659296247
4602    -9.939133211564531
4603    -9.940229891034209
4604    -9.941316630274823
4605    -9.942393428199637
4606    -9.943460283731849
4607    -9.944517195804607
4608    -9.945564163360997
4609    -9.946601185354057
4610    -9.947628260746756
4611    -9.948645388512023
4612    -9.949652567632732
4613    -9.950649797101704
4614    -9.951637075921704
4615    -9.95261440310546
4616    -9.953581777675641
4617    -9.954539198664877
4618    -9.955486665115743
4619    -9.956424176080771
4620    -9.957351730622452
4621    -9.958269327813236
4622    -9.959176966735518
4623    -9.960074646481667
4624    -9.960962366153996
4625    -9.961840124864793
4626    -9.96270792173629
4627    -9.963565755900701
4628    -9.964413626500184
4629    -9.96525153268687
4630    -9.966079473622855
4631    -9.966897448480196
4632    -9.96770545644092
4633    -9.968503496697018
4634    -9.96929156845045
4635    -9.970069670913142
4636    -9.970837803306999
4637    -9.971595964863878
4638    -9.972344154825628
4639    -9.97308237244405
4640    -9.973810616980932
4641    -9.97452888770803
4642    -9.975237183907069
4643    -9.975935504869758
4644    -9.976623849897772
4645    -9.977302218302768
4646    -9.977970609406375
4647    -9.978629022540206
4648    -9.979277457045846
4649    -9.97991591227486
4650    -9.980544387588795
4651    -9.98116288235917
4652    -9.981771395967499
4653    -9.98236992780526
4654    -9.982958477273929
4655    -9.98353704378495
4656    -9.984105626759762
4657    -9.984664225629777
4658    -9.985212839836397
4659    -9.985751468831012
4660    -9.986280112074988
4661    -9.986798769039686
4662    -9.987307439206447
4663    -9.9878061220666
4664    -9.988294817121464
4665    -9.988773523882342
4666    -9.98924224187053
4667    -9.989700970617308
4668    -9.99014970966395
4669    -9.990588458561712
4670    -9.991017216871848
4671    -9.9914359841656
4672    -9.991844760024202
4673    -9.992243544038875
4674    -9.992632335810837
4675    -9.993011134951296
4676    -9.993379941081454
4677    -9.993738753832503
4678    -9.99408757284563
4679    -9.994426397772017
4680    -9.99475522827284
4681    -9.995074064019267
4682    -9.995382904692464
4683    -9.99568174998359
4684    -9.995970599593795
4685    -9.996249453234237
4686    -9.996518310626058
4687    -9.9967771715004
4688    -9.997026035598404
4689    -9.997264902671207
4690    -9.99749377247994
4691    -9.997712644795733
4692    -9.997921519399714
4693    -9.99812039608301
4694    -9.998309274646743
4695    -9.998488154902034
4696    -9.998657036670004
4697    -9.99881591978177
4698    -9.998964804078447
4699    -9.999103689411157
4700    -9.99923257564101
4701    -9.999351462639119
4702    -9.999460350286599
4703    -9.999559238474562
4704    -9.999648127104122
4705    -9.999727016086386
4706    -9.999795905342468
4707    -9.999854794803477
4708    -9.999903684410526
4709    -9.999942574114725
4710    -9.99997146387718
4711    -9.999990353669006
4712    -9.999999243471311
4713    -9.999998133275207
4714    -9.999987023081802
4715    -9.999965912902207
4716    -9.999934802757535
4717    -9.99989369267889
4718    -9.999842582707387
4719    -9.999781472894137
4720    -9.999710363300244
4721    -9.999629253996824
4722    -9.999538145064982
4723    -9.999437036595825
4724    -9.99932592869047
4725    -9.999204821460017
4726    -9.999073715025576
4727    -9.998932609518253
4728    -9.998781505079155
4729    -9.998620401859384
4730    -9.998449300020043
4731    -9.998268199732237
4732    -9.998077101177065
4733    -9.997876004545624
4734    -9.997664910039012
4735    -9.997443817868323
4736    -9.997212728254649
4737    -9.996971641429079
4738    -9.9967205576327
4739    -9.9964594771166
4740    -9.996188400141854
4741    -9.995907326979541
4742    -9.995616257910733
4743    -9.995315193226501
4744    -9.995004133227908
4745    -9.994683078226016
4746    -9.994352028541877
4747    -9.994010984506543
4748    -9.99365994646106
4749    -9.99329891475646
4750    -9.99292788975378
4751    -9.992546871824043
4752    -9.992155861348264
4753    -9.991754858717458
4754    -9.991343864332626
4755    -9.990922878604762
4756    -9.990491901954853
4757    -9.990050934813874
4758    -9.989599977622794
4759    -9.989139030832566
4760    -9.988668094904142
4761    -9.988187170308453
4762    -9.98769625752643
4763    -9.987195357048979
4764    -9.986684469377003
4765    -9.98616359502139
4766    -9.985632734503017
4767    -9.985091888352738
4768    -9.984541057111404
4769    -9.983980241329844
4770    -9.983409441568876
4771    -9.9828286583993
4772    -9.982237892401894
4773    -9.981637144167427
4774    -9.98102641429665
4775    -9.98040570340029
4776    -9.979775012099058
4777    -9.979134341023645
4778    -9.978483690814727
4779    -9.977823062122946
4780    -9.977152455608934
4781    -9.976471871943298
4782    -9.975781311806623
4783    -9.975080775889463
4784    -9.974370264892364
4785    -9.973649779525829
4786    -9.972919320510346
4787    -9.972178888576373
4788    -9.971428484464342
4789    -9.970668108924658
4790    -9.969897762717695
4791    -9.969117446613803
4792    -9.968327161393292
4793    -9.967526907846452
4794    -9.966716686773534
4795    -9.965896498984758
4796    -9.965066345300318
4797    -9.96422622655036
4798    -9.963376143575008
4799    -9.96251609722434
4800    -9.961646088358409
4801    -9.960766117847214
4802    -9.959876186570735
4803    -9.9589762954189
4804    -9.958066445291598
4805    -9.95714663709868
4806    -9.956216871759956
4807    -9.955277150205188
4808    -9.9543274733741
4809    -9.95336784221637
4810    -9.952398257691629
4811    -9.951418720769453
4812    -9.95042923242939
4813    -9.949429793660924
4814    -9.948420405463493
4815    -9.947401068846482
4816    -9.946371784829235
4817    -9.945332554441032
4818    -9.944283378721105
4819    -9.943224258718622
4820    -9.942155195492713
4821    -9.941076190112437
4822    -9.939987243656798
4823    -9.938888357214745
4824    -9.937779531885164
4825    -9.936660768776875
4826    -9.93553206900865
4827    -9.93439343370918
4828    -9.933244864017109
4829    -9.932086361081
4830    -9.930917926059355
4831    -9.92973956012061
4832    -9.928551264443138
4833    -9.927353040215225
4834    -9.9261448886351
4835    -9.924926810910916
4836    -9.923698808260744
4837    -9.922460881912594
4838    -9.921213033104387
4839    -9.919955263083974
4840    -9.918687573109127
4841    -9.91740996444753
4842    -9.9161224383768
4843    -9.914824996184452
4844    -9.913517639167933
4845    -9.912200368634606
4846    -9.910873185901735
4847    -9.909536092296502
4848    -9.908189089156007
4849    -9.906832177827246
4850    -9.905465359667133
4851    -9.904088636042484
4852    -9.902702008330024
4853    -9.901305477916384
4854    -9.89989904619809
4855    -9.898482714581574
4856    -9.897056484483167
4857    -9.895620357329104
4858    -9.894174334555508
4859    -9.8927184176084
4860    -9.891252607943697
4861    -9.889776907027214
4862    -9.888291316334646
4863    -9.886795837351585
4864    -9.885290471573514
4865    -9.883775220505791
4866    -9.882250085663674
4867    -9.880715068572293
4868    -9.879170170766669
4869    -9.877615393791697
4870    -9.876050739202153
4871    -9.874476208562694
4872    -9.872891803447848
4873    -9.87129752544202
4874    -9.869693376139494
4875    -9.868079357144412
4876    -9.866455470070791
4877    -9.86482171654253
4878    -9.86317809819337
4879    -9.861524616666935
4880    -9.859861273616703
4881    -9.858188070706019
4882    -9.856505009608089
4883    -9.854812092005968
4884    -9.853109319592576
4885    -9.851396694070688
4886    -9.849674217152925
4887    -9.847941890561767
4888    -9.846199716029538
4889    -9.844447695298413
4890    -9.842685830120415
4891    -9.840914122257406
4892    -9.839132573481093
4893    -9.83734118557303
4894    -9.835539960324601
4895    -9.833728899537027
4896    -9.831908005021376
4897    -9.830077278598539
4898    -9.828236722099243
4899    -9.826386337364044
4900    -9.824526126243326
4901    -9.8226560905973
4902    -9.820776232296003
4903    -9.818886553219292
4904    -9.816987055256844
4905    -9.815077740308158
4906    -9.813158610282555
4907    -9.811229667099154
4908    -9.809290912686906
4909    -9.807342348984564
4910    -9.805383977940688
4911    -9.803415801513655
4912    -9.801437821671632
4913    -9.799450040392607
4914    -9.79745245966436
4915    -9.795445081484466
4916    -9.793427907860309
4917    -9.79140094080906
4918    -9.789364182357685
4919    -9.787317634542946
4920    -9.785261299411387
4921    -9.783195179019339
4922    -9.781119275432935
4923    -9.779033590728066
4924    -9.776938126990423
4925    -9.774832886315467
4926    -9.772717870808439
4927    -9.770593082584357
4928    -9.768458523768004
4929    -9.76631419649394
4930    -9.764160102906496
4931    -9.761996245159764
4932    -9.759822625417598
4933    -9.75763924585362
4934    -9.75544610865121
4935    -9.753243216003504
4936    -9.751030570113395
4937    -9.748808173193527
4938    -9.7465760274663
4939    -9.744334135163857
4940    -9.74208249852809
4941    -9.739821119810639
4942    -9.737550001272878
4943    -9.735269145185928
4944    -9.732978553830645
4945    -9.730678229497615
4946    -9.72836817448717
4947    -9.72604839110936
4948    -9.72371888168397
4949    -9.721379648540509
4950    -9.719030694018207
4951    -9.716672020466024
4952    -9.71430363024263
4953    -9.711925525716413
4954    -9.709537709265481
4955    -9.70714018327765
4956    -9.704732950150444
4957    -9.702316012291096
4958    -9.699889372116543
4959    -9.697453032053428
4960    -9.695006994538087
4961    -9.692551262016561
4962    -9.690085836944583
4963    -9.687610721787573
4964    -9.685125919020646
4965    -9.68263143112861
4966    -9.68012726060595
4967    -9.677613409956837
4968    -9.675089881695119
4969    -9.672556678344325
4970    -9.67001380243766
4971    -9.667461256517997
4972    -9.664899043137885
4973    -9.662327164859535
4974    -9.659745624254823
4975    -9.657154423905295
4976    -9.654553566402145
4977    -9.651943054346233
4978    -9.649322890348074
4979    -9.646693077027825
4980    -9.644053617015304
4981    -9.641404512949974
4982    -9.638745767480929
4983    -9.636077383266924
4984    -9.633399362976336
4985    -9.630711709287187
4986    -9.628014424887134
4987    -9.625307512473455
4988    -9.622590974753068
4989    -9.619864814442508
4990    -9.617129034267935
4991    -9.614383636965131
4992    -9.611628625279488
4993    -9.60886400196602
4994    -9.606089769789357
4995    -9.60330593152372
4996    -9.60051248995295
4997    -9.597709447870493
4998    -9.594896808079385
4999    -9.592074573392274
5000    -9.589242746631383
5001    -9.586401330628547
5002    -9.583550328225183
5003    -9.580689742272282
5004    -9.577819575630445
5005    -9.574939831169827
5006    -9.572050511770172
5007    -9.569151620320808
5008    -9.566243159720619
5009    -9.563325132878067
5010    -9.560397542711183
5011    -9.557460392147547
5012    -9.55451368412432
5013    -9.551557421588202
5014    -9.548591607495458
5015    -9.545616244811907
5016    -9.542631336512901
5017    -9.539636885583356
5018    -9.536632895017721
5019    -9.533619367819986
5020    -9.530596307003679
5021    -9.527563715591853
5022    -9.524521596617111
5023    -9.521469953121565
5024    -9.518408788156858
5025    -9.515338104784156
5026    -9.512257906074144
5027    -9.509168195107017
5028    -9.50606897497249
5029    -9.502960248769778
5030    -9.499842019607607
5031    -9.496714290604213
5032    -9.493577064887317
5033    -9.490430345594145
5034    -9.487274135871424
5035    -9.484108438875351
5036    -9.480933257771635
5037    -9.477748595735449
5038    -9.474554455951456
5039    -9.471350841613802
5040    -9.468137755926088
5041    -9.46491520210141
5042    -9.461683183362322
5043    -9.458441702940837
5044    -9.455190764078438
5045    -9.451930370026059
5046    -9.448660524044099
5047    -9.445381229402404
5048    -9.442092489380268
5049    -9.438794307266425
5050    -9.435486686359065
5051    -9.432169629965804
5052    -9.4288431414037
5053    -9.42550722399924
5054    -9.42216188108834
5055    -9.418807116016346
5056    -9.415442932138017
5057    -9.412069332817543
5058    -9.408686321428524
5059    -9.405293901353962
5060    -9.401892075986286
5061    -9.398480848727315
5062    -9.39506022298828
5063    -9.391630202189805
5064    -9.388190789761909
5065    -9.384741989144006
5066    -9.3812838037849
5067    -9.377816237142767
5068    -9.374339292685182
5069    -9.370852973889082
5070    -9.36735728424079
5071    -9.363852227235997
5072    -9.360337806379752
5073    -9.356814025186484
5074    -9.353280887179972
5075    -9.34973839589335
5076    -9.346186554869114
5077    -9.342625367659096
5078    -9.339054837824492
5079    -9.33547496893583
5080    -9.331885764572975
5081    -9.328287228325134
5082    -9.324679363790844
5083    -9.321062174577964
5084    -9.317435664303689
5085    -9.313799836594525
5086    -9.310154695086297
5087    -9.306500243424157
5088    -9.302836485262544
5089    -9.29916342426522
5090    -9.295481064105251
5091    -9.29178940846499
5092    -9.288088461036097
5093    -9.284378225519514
5094    -9.280658705625479
5095    -9.276929905073516
5096    -9.273191827592415
5097    -9.269444476920262
5098    -9.265687856804407
5099    -9.261921971001462
5100    -9.258146823277324
5101    -9.25436241740713
5102    -9.250568757175289
5103    -9.246765846375467
5104    -9.242953688810564
5105    -9.239132288292744
5106    -9.235301648643407
5107    -9.231461773693189
5108    -9.22761266728197
5109    -9.223754333258848
5110    -9.219886775482165
5111    -9.216009997819475
5112    -9.212124004147551
5113    -9.20822879835239
5114    -9.204324384329205
5115    -9.200410765982397
5116    -9.196487947225595
5117    -9.192555931981605
5118    -9.188614724182452
5119    -9.184664327769344
5120    -9.180704746692669
5121    -9.176735984912012
5122    -9.17275804639614
5123    -9.168770935122982
5124    -9.164774655079656
5125    -9.160769210262437
5126    -9.156754604676767
5127    -9.152730842337265
5128    -9.148697927267675
5129    -9.144655863500924
5130    -9.14060465507907
5131    -9.136544306053322
5132    -9.132474820484033
5133    -9.12839620244068
5134    -9.124308456001883
5135    -9.120211585255397
5136    -9.116105594298082
5137    -9.111990487235937
5138    -9.10786626818406
5139    -9.103732941266673
5140    -9.099590510617107
5141    -9.095438980377786
5142    -9.09127835470024
5143    -9.087108637745104
5144    -9.082929833682082
5145    -9.078741946689986
5146    -9.074544980956697
5147    -9.070338940679182
5148    -9.06612383006349
5149    -9.061899653324716
5150    -9.057666414687045
5151    -9.053424118383717
5152    -9.049172768657023
5153    -9.044912369758316
5154    -9.04064292594799
5155    -9.036364441495492
5156    -9.03207692067931
5157    -9.027780367786956
5158    -9.023474787114985
5159    -9.019160182968985
5160    -9.014836559663548
5161    -9.010503921522307
5162    -9.00616227287789
5163    -9.001811618071953
5164    -8.997451961455152
5165    -8.993083307387133
5166    -8.988705660236558
5167    -8.984319024381074
5168    -8.979923404207312
5169    -8.9755188041109
5170    -8.971105228496425
5171    -8.966682681777469
5172    -8.962251168376584
5173    -8.95781069272527
5174    -8.953361259264014
5175    -8.948902872442249
5176    -8.944435536718348
5177    -8.939959256559664
5178    -8.935474036442464
5179    -8.930979880851972
5180    -8.926476794282348
5181    -8.921964781236667
5182    -8.91744384622695
5183    -8.912913993774135
5184    -8.908375228408064
5185    -8.903827554667508
5186    -8.899270977100139
5187    -8.894705500262535
5188    -8.890131128720173
5189    -8.885547867047423
5190    -8.880955719827542
5191    -8.876354691652688
5192    -8.871744787123879
5193    -8.867126010851024
5194    -8.862498367452892
5195    -8.857861861557133
5196    -8.853216497800254
5197    -8.848562280827613
5198    -8.843899215293426
5199    -8.839227305860764
5200    -8.834546557201532
5201    -8.829856973996481
5202    -8.825158560935188
5203    -8.82045132271607
5204    -8.815735264046369
5205    -8.811010389642131
5206    -8.80627670422824
5207    -8.801534212538385
5208    -8.796782919315044
5209    -8.79202282930952
5210    -8.787253947281897
5211    -8.782476278001061
5212    -8.777689826244679
5213    -8.772894596799201
5214    -8.768090594459856
5215    -8.763277824030652
5216    -8.758456290324348
5217    -8.75362599816249
5218    -8.74878695237536
5219    -8.743939157802004
5220    -8.739082619290224
5221    -8.73421734169655
5222    -8.72934332988626
5223    -8.724460588733372
5224    -8.71956912312062
5225    -8.714668937939475
5226    -8.709760038090115
5227    -8.70484242848144
5228    -8.699916114031067
5229    -8.694981099665302
5230    -8.69003739031916
5231    -8.685084990936359
5232    -8.680123906469285
5233    -8.675154141879032
5234    -8.670175702135355
5235    -8.665188592216698
5236    -8.660192817110179
5237    -8.655188381811557
5238    -8.650175291325274
5239    -8.645153550664427
5240    -8.640123164850744
5241    -8.635084138914621
5242    -8.630036477895073
5243    -8.62498018683977
5244    -8.619915270805
5245    -8.614841734855673
5246    -8.60975958406533
5247    -8.604668823516125
5248    -8.59956945829881
5249    -8.594461493512755
5250    -8.58934493426592
5251    -8.584219785674867
5252    -8.579086052864747
5253    -8.573943740969286
5254    -8.568792855130802
5255    -8.563633400500171
5256    -8.558465382236857
5257    -8.553288805508876
5258    -8.548103675492797
5259    -8.542909997373755
5260    -8.537707776345435
5261    -8.53249701761004
5262    -8.527277726378347
5263    -8.522049907869636
5264    -8.516813567311726
5265    -8.511568709940958
5266    -8.506315341002187
5267    -8.501053465748786
5268    -8.495783089442632
5269    -8.490504217354092
5270    -8.485216854762045
5271    -8.479921006953848
5272    -8.474616679225349
5273    -8.469303876880883
5274    -8.463982605233241
5275    -8.458652869603696
5276    -8.453314675321995
5277    -8.447968027726317
5278    -8.44261293216332
5279    -8.43724939398809
5280    -8.431877418564167
5281    -8.426497011263535
5282    -8.42110817746659
5283    -8.415710922562166
5284    -8.410305251947527
5285    -8.404891171028334
5286    -8.399468685218674
5287    -8.394037799941023
5288    -8.388598520626273
5289    -8.383150852713705
5290    -8.377694801650978
5291    -8.372230372894148
5292    -8.366757571907648
5293    -8.361276404164268
5294    -8.355786875145185
5295    -8.35028899033992
5296    -8.344782755246358
5297    -8.339268175370744
5298    -8.333745256227642
5299    -8.32821400333998
5300    -8.322674422239013
5301    -8.317126518464313
5302    -8.311570297563792
5303    -8.30600576509366
5304    -8.300432926618456
5305    -8.294851787711023
5306    -8.289262353952488
5307    -8.283664630932288
5308    -8.278058624248155
5309    -8.27244433950608
5310    -8.266821782320363
5311    -8.261190958313545
5312    -8.25555187311646
5313    -8.249904532368191
5314    -8.244248941716075
5315    -8.238585106815703
5316    -8.232913033330917
5317    -8.227232726933776
5318    -8.221544193304602
5319    -8.215847438131911
5320    -8.21014246711247
5321    -8.20442928595125
5322    -8.198707900361423
5323    -8.192978316064378
5324    -8.187240538789705
5325    -8.18149457427517
5326    -8.175740428266751
5327    -8.169978106518576
5328    -8.164207614792977
5329    -8.158428958860448
5330    -8.152642144499636
5331    -8.146847177497357
5332    -8.141044063648586
5333    -8.135232808756422
5334    -8.129413418632137
5335    -8.123585899095103
5336    -8.117750255972846
5337    -8.111906495101016
5338    -8.106054622323361
5339    -8.10019464349176
5340    -8.094326564466193
5341    -8.088450391114735
5342    -8.082566129313564
5343    -8.076673784946932
5344    -8.070773363907186
5345    -8.064864872094756
5346    -8.05894831541812
5347    -8.05302369979384
5348    -8.047091031146536
5349    -8.041150315408867
5350    -8.035201558521559
5351    -8.029244766433354
5352    -8.023279945101054
5353    -8.017307100489482
5354    -8.011326238571474
5355    -8.005337365327891
5356    -7.999340486747619
5357    -7.993335608827519
5358    -7.987322737572485
5359    -7.98130187899537
5360    -7.975273039117043
5361    -7.969236223966346
5362    -7.963191439580085
5363    -7.9571386920030465
5364    -7.951077987287985
5365    -7.945009331495594
5366    -7.938932730694539
5367    -7.932848190961408
5368    -7.9267557183807495
5369    -7.920655319045037
5370    -7.91454699905466
5371    -7.908430764517944
5372    -7.902306621551128
5373    -7.896174576278343
5374    -7.890034634831646
5375    -7.883886803350967
5376    -7.877731087984139
5377    -7.871567494886887
5378    -7.865396030222789
5379    -7.859216700163323
5380    -7.853029510887805
5381    -7.846834468583433
5382    -7.840631579445248
5383    -7.834420849676135
5384    -7.828202285486824
5385    -7.821975893095885
5386    -7.8157416787297
5387    -7.8094996486224915
5388    -7.803249809016282
5389    -7.796992166160912
5390    -7.790726726314032
5391    -7.78445349574107
5392    -7.778172480715258
5393    -7.771883687517621
5394    -7.765587122436941
5395    -7.759282791769788
5396    -7.752970701820485
5397    -7.746650858901126
5398    -7.74032326933156
5399    -7.733987939439363
5400    -7.7276448755598715
5401    -7.7212940840361535
5402    -7.714935571218992
5403    -7.708569343466905
5404    -7.702195407146111
5405    -7.695813768630553
5406    -7.689424434301874
5407    -7.6830274105493945
5408    -7.676622703770146
5409    -7.670210320368837
5410    -7.663790266757843
5411    -7.657362549357226
5412    -7.650927174594693
5413    -7.6444841489056214
5414    -7.638033478733044
5415    -7.63157517052762
5416    -7.625109230747661
5417    -7.61863566585911
5418    -7.6121544823355265
5419    -7.605665686658097
5420    -7.599169285315611
5421    -7.592665284804472
5422    -7.586153691628687
5423    -7.579634512299837
5424    -7.573107753337105
5425    -7.5665734212672575
5426    -7.560031522624615
5427    -7.553482063951083
5428    -7.546925051796113
5429    -7.540360492716718
5430    -7.533788393277465
5431    -7.527208760050442
5432    -7.520621599615285
5433    -7.5140269185591615
5434    -7.50742472347674
5435    -7.500815020970226
5436    -7.494197817649311
5437    -7.487573120131202
5438    -7.4809409350406035
5439    -7.474301269009685
5440    -7.467654128678124
5441    -7.460999520693061
5442    -7.454337451709092
5443    -7.4476679283883
5444    -7.440990957400193
5445    -7.43430654542175
5446    -7.427614699137386
5447    -7.420915425238936
5448    -7.41420873042568
5449    -7.407494621404316
5450    -7.400773104888944
5451    -7.394044187601089
5452    -7.387307876269655
5453    -7.380564177630961
5454    -7.373813098428712
5455    -7.3670546454139725
5456    -7.3602888253452
5457    -7.3535156449882235
5458    -7.346735111116207
5459    -7.339947230509699
5460    -7.3331520099565655
5461    -7.326349456252033
5462    -7.31953957619866
5463    -7.312722376606316
5464    -7.305897864292206
5465    -7.299066046080846
5466    -7.292226928804039
5467    -7.2853805193009205
5468    -7.278526824417883
5469    -7.271665851008627
5470    -7.264797605934131
5471    -7.25792209606263
5472    -7.251039328269636
5473    -7.244149309437926
5474    -7.2372520464575025
5475    -7.230347546225644
5476    -7.223435815646835
5477    -7.21651686163281
5478    -7.209590691102534
5479    -7.20265731098216
5480    -7.195716728205075
5481    -7.188768949711868
5482    -7.181813982450303
5483    -7.174851833375362
5484    -7.16788250944918
5485    -7.160906017641083
5486    -7.153922364927574
5487    -7.14693155829229
5488    -7.139933604726041
5489    -7.132928511226789
5490    -7.125916284799615
5491    -7.118896932456756
5492    -7.111870461217553
5493    -7.104836878108479
5494    -7.097796190163126
5495    -7.090748404422168
5496    -7.083693527933397
5497    -7.0766315677516936
5498    -7.069562530939006
5499    -7.062486424564384
5500    -7.0554032557039195
5501    -7.048313031440786
5502    -7.041215758865216
5503    -7.034111445074467
5504    -7.027000097172866
5505    -7.019881722271747
5506    -7.01275632748949
5507    -7.005623919951496
5508    -6.998484506790161
5509    -6.991338095144901
5510    -6.9841846921621356
5511    -6.977024304995254
5512    -6.969856940804654
5513    -6.962682606757689
5514    -6.955501310028697
5515    -6.9483130577989805
5516    -6.941117857256779
5517    -6.933915715597299
5518    -6.9267066400226875
5519    -6.9194906377420065
5520    -6.9122677159712715
5521    -6.9050378819333895
5522    -6.897801142858201
5523    -6.890557505982451
5524    -6.883306978549763
5525    -6.876049567810669
5526    -6.868785281022587
5527    -6.861514125449792
5528    -6.854236108363446
5529    -6.84695123704156
5530    -6.839659518769006
5531    -6.83236096083751
5532    -6.825055570545616
5533    -6.817743355198719
5534    -6.810424322109043
5535    -6.803098478595606
5536    -6.795765831984263
5537    -6.788426389607648
5538    -6.781080158805209
5539    -6.773727146923183
5540    -6.766367361314568
5541    -6.759000809339156
5542    -6.751627498363504
5543    -6.744247435760911
5544    -6.736860628911448
5545    -6.729467085201914
5546    -6.7220668120258535
5547    -6.7146598167835485
5548    -6.707246106881978
5549    -6.699825689734862
5550    -6.69239857276262
5551    -6.684964763392357
5552    -6.677524269057892
5553    -6.670077097199711
5554    -6.662623255264988
5555    -6.655162750707571
5556    -6.64769559098795
5557    -6.640221783573294
5558    -6.632741335937413
5559    -6.625254255560743
5560    -6.617760549930376
5561    -6.610260226540004
5562    -6.602753292889956
5563    -6.595239756487171
5564    -6.587719624845174
5565    -6.5801929054841
5566    -6.572659605930678
5567    -6.565119733718188
5568    -6.557573296386519
5569    -6.550020301482094
5570    -6.5424607565579125
5571    -6.534894669173528
5572    -6.527322046895011
5573    -6.519742897294991
5574    -6.512157227952624
5575    -6.504565046453566
5576    -6.496966360390009
5577    -6.489361177360626
5578    -6.481749504970606
5579    -6.474131350831629
5580    -6.466506722561834
5581    -6.458875627785856
5582    -6.451238074134794
5583    -6.443594069246189
5584    -6.435943620764058
5585    -6.428286736338838
5586    -6.420623423627415
5587    -6.412953690293111
5588    -6.405277544005644
5589    -6.397594992441167
5590    -6.389906043282237
5591    -6.3822107042177905
5592    -6.374508982943178
5593    -6.366800887160107
5594    -6.359086424576679
5595    -6.351365602907363
5596    -6.343638429872966
5597    -6.335904913200669
5598    -6.328165060623994
5599    -6.320418879882777
5600    -6.3126663787232165
5601    -6.304907564897794
5602    -6.297142446165332
5603    -6.289371030290957
5604    -6.281593325046068
5605    -6.273809338208378
5606    -6.26601907756188
5607    -6.258222550896818
5608    -6.250419766009736
5609    -6.242610730703398
5610    -6.234795452786853
5611    -6.226973940075379
5612    -6.21914620039048
5613    -6.211312241559897
5614    -6.203472071417598
5615    -6.195625697803736
5616    -6.1877731285647
5617    -6.179914371553045
5618    -6.172049434627533
5619    -6.164178325653108
5620    -6.156301052500863
5621    -6.148417623048079
5622    -6.140528045178192
5623    -6.132632326780764
5624    -6.1247304757515275
5625    -6.116822499992319
5626    -6.108908407411119
5627    -6.100988205922029
5628    -6.093061903445234
5629    -6.08512950790705
5630    -6.077191027239858
5631    -6.069246469382145
5632    -6.061295842278477
5633    -6.053339153879463
5634    -6.045376412141801
5635    -6.037407625028237
5636    -6.029432800507544
5637    -6.021451946554559
5638    -6.013465071150123
5639    -6.0054721822811175
5640    -5.997473287940438
5641    -5.989468396126961
5642    -5.981457514845589
5643    -5.9734406521072065
5644    -5.965417815928663
5645    -5.957389014332808
5646    -5.949354255348427
5647    -5.941313547010287
5648    -5.933266897359102
5649    -5.92521431444151
5650    -5.9171558063100935
5651    -5.909091381023372
5652    -5.901021046645755
5653    -5.89294481124759
5654    -5.884862682905097
5655    -5.8767746697004135
5656    -5.868680779721556
5657    -5.860581021062401
5658    -5.852475401822712
5659    -5.844363930108117
5660    -5.836246614030073
5661    -5.828123461705906
5662    -5.8199944812587585
5663    -5.811859680817612
5664    -5.803719068517278
5665    -5.795572652498352
5666    -5.7874204409072565
5667    -5.779262441896208
5668    -5.771098663623193
5669    -5.762929114252002
5670    -5.7547538019521705
5671    -5.746572734899017
5672    -5.738385921273614
5673    -5.730193369262761
5674    -5.721995087059017
5675    -5.713791082860667
5676    -5.705581364871706
5677    -5.697365941301862
5678    -5.689144820366544
5679    -5.680918010286881
5680    -5.672685519289686
5681    -5.664447355607439
5682    -5.656203527478308
5683    -5.647954043146128
5684    -5.639698910860368
5685    -5.631438138876175
5686    -5.623171735454305
5687    -5.614899708861167
5688    -5.606622067368797
5689    -5.598338819254819
5690    -5.590049972802488
5691    -5.5817555363006575
5692    -5.573455518043748
5693    -5.5651499263317925
5694    -5.556838769470368
5695    -5.548522055770636
5696    -5.540199793549318
5697    -5.531871991128662
5698    -5.523538656836475
5699    -5.515199799006099
5700    -5.506855425976376
5701    -5.4985055460916925
5702    -5.490150167701916
5703    -5.481789299162427
5704    -5.473422948834104
5705    -5.465051125083281
5706    -5.456673836281788
5707    -5.448291090806921
5708    -5.43990289704141
5709    -5.431509263373463
5710    -5.423110198196697
5711    -5.4147057099101845
5712    -5.406295806918423
5713    -5.397880497631296
5714    -5.38945979046412
5715    -5.381033693837611
5716    -5.37260221617785
5717    -5.364165365916327
5718    -5.355723151489879
5719    -5.347275581340725
5720    -5.338822663916442
5721    -5.330364407669933
5722    -5.321900821059461
5723    -5.3134319125486185
5724    -5.304957690606299
5725    -5.296478163706738
5726    -5.287993340329448
5727    -5.279503228959258
5728    -5.271007838086286
5729    -5.262507176205909
5730    -5.254001251818791
5731    -5.24549007343087
5732    -5.2369736495533035
5733    -5.228451988702533
5734    -5.219925099400199
5735    -5.211392990173204
5736    -5.202855669553659
5737    -5.194313146078871
5738    -5.185765428291369
5739    -5.177212524738879
5740    -5.168654443974288
5741    -5.16009119455569
5742    -5.151522785046321
5743    -5.142949224014597
5744    -5.134370520034085
5745    -5.125786681683473
5746    -5.117197717546605
5747    -5.108603636212455
5748    -5.100004446275087
5749    -5.091400156333705
5750    -5.082790774992582
5751    -5.074176310861111
5752    -5.065556772553757
5753    -5.056932168690045
5754    -5.048302507894593
5755    -5.039667798797047
5756    -5.0310280500321225
5757    -5.022383270239574
5758    -5.013733468064166
5759    -5.00507865215571
5760    -4.9964188311690245
5761    -4.987754013763917
5762    -4.979084208605219
5763    -4.970409424362719
5764    -4.96172966971121
5765    -4.953044953330452
5766    -4.9443552839051454
5767    -4.9356606701249675
5768    -4.926961120684538
5769    -4.918256644283391
5770    -4.9095472496260175
5771    -4.900832945421795
5772    -4.892113740385036
5773    -4.883389643234952
5774    -4.874660662695623
5775    -4.865926807496039
5776    -4.857188086370061
5777    -4.848444508056393
5778    -4.839696081298628
5779    -4.830942814845178
5780    -4.822184717449315
5781    -4.813421797869145
5782    -4.804654064867571
5783    -4.795881527212331
5784    -4.787104193675972
5785    -4.7783220730358105
5786    -4.769535174073981
5787    -4.760743505577368
5788    -4.751947076337647
5789    -4.743145895151252
5790    -4.7343399708193505
5791    -4.725529312147872
5792    -4.716713927947483
5793    -4.707893827033551
5794    -4.699069018226194
5795    -4.6902395103501995
5796    -4.681405312235087
5797    -4.672566432715061
5798    -4.663722880628982
5799    -4.6548746648204125
5800    -4.646021794137574
5801    -4.637164277433319
5802    -4.628302123565184
5803    -4.6194353413953
5804    -4.6105639397904605
5805    -4.601687927622074
5806    -4.592807313766135
5807    -4.583922107103265
5808    -4.575032316518678
5809    -4.5661379509021485
5810    -4.557239019148056
5811    -4.548335530155315
5812    -4.539427492827423
5813    -4.530514916072426
5814    -4.521597808802881
5815    -4.512676179935904
5816    -4.503750038393133
5817    -4.49481939310069
5818    -4.485884252989235
5819    -4.4769446269938955
5820    -4.4680005240542995
5821    -4.459051953114561
5822    -4.4500989231232335
5823    -4.441141443033352
5824    -4.432179521802407
5825    -4.4232131683923015
5826    -4.414242391769404
5827    -4.405267200904475
5828    -4.396287604772711
5829    -4.387303612353717
5830    -4.378315232631469
5831    -4.369322474594353
5832    -4.3603253472351335
5833    -4.351323859550924
5834    -4.342318020543224
5835    -4.3333078392178574
5836    -4.324293324585014
5837    -4.315274485659213
5838    -4.306251331459278
5839    -4.297223871008371
5840    -4.288192113333959
5841    -4.279156067467782
5842    -4.2701157424459035
5843    -4.2610711473086305
5844    -4.252022291100564
5845    -4.24296918287057
5846    -4.233911831671738
5847    -4.224850246561426
5848    -4.215784436601229
5849    -4.206714410856939
5850    -4.197640178398597
5851    -4.188561748300417
5852    -4.179479129640838
5853    -4.1703923315024864
5854    -4.161301362972143
5855    -4.152206233140783
5856    -4.143106951103543
5857    -4.13400352595969
5858    -4.124895966812663
5859    -4.115784282770006
5860    -4.106668482943409
5861    -4.097548576448679
5862    -4.088424572405705
5863    -4.0792964799385
5864    -4.070164308175163
5865    -4.061028066247849
5866    -4.051887763292815
5867    -4.042743408450348
5868    -4.0335950108648095
5869    -4.024442579684604
5870    -4.015286124062146
5871    -4.006125653153898
5872    -3.99696117612034
5873    -3.98779270212593
5874    -3.978620240339159
5875    -3.9694437999324705
5876    -3.960263390082313
5877    -3.9510790199691037
5878    -3.941890698777195
5879    -3.9326984356949253
5880    -3.9235022399145385
5881    -3.9143021206322386
5882    -3.9050980870481533
5883    -3.8958901483662975
5884    -3.886678313794618
5885    -3.877462592544957
5886    -3.868242993833019
5887    -3.859019526878417
5888    -3.8497922009046013
5889    -3.840561025138906
5890    -3.8313260088125136
5891    -3.8220871611604235
5892    -3.8128444914214907
5893    -3.8035980088383927
5894    -3.794347722657594
5895    -3.7850936421293975
5896    -3.775835776507866
5897    -3.7665741350508726
5898    -3.7573087270200665
5899    -3.7480395616808377
5900    -3.73876664830236
5901    -3.729489996157554
5902    -3.720209614523054
5903    -3.7109255126792577
5904    -3.7016376999102505
5905    -3.6923461855038506
5906    -3.683050978751582
5907    -3.6737520889486333
5908    -3.664449525393901
5909    -3.655143297389958
5910    -3.645833414243013
5911    -3.6365198852629663
5912    -3.6272027197633294
5913    -3.6178819270612745
5914    -3.6085575164776027
5915    -3.5992294973367067
5916    -3.589897878966613
5917    -3.5805626706989484
5918    -3.571223881868903
5919    -3.561881521815281
5920    -3.5525355998804264
5921    -3.543186125410268
5922    -3.5338331077542873
5923    -3.524476556265485
5924    -3.5151164803004202
5925    -3.5057528892191767
5926    -3.496385792385328
5927    -3.487015199165986
5928    -3.4776411189317273
5929    -3.4682635610566397
5930    -3.4588825349182883
5931    -3.449498049897682
5932    -3.440110115379313
5933    -3.430718740751123
5934    -3.4213239354044704
5935    -3.4119257087341768
5936    -3.402524070138449
5937    -3.3931190290189353
5938    -3.3837105947806836
5939    -3.374298776832111
5940    -3.364883584585042
5941    -3.3554650274546773
5942    -3.3460431148595573
5943    -3.336617856221609
5944    -3.327189260966074
5945    -3.317757338521556
5946    -3.3083220983199837
5947    -3.2988835497965807
5948    -3.2894417023899027
5949    -3.2799965655418046
5950    -3.270548148697406
5951    -3.26109646130514
5952    -3.251641512816676
5953    -3.2421833126869695
5954    -3.2327218703742298
5955    -3.22325719533988
5956    -3.2137892970486037
5957    -3.2043181849683067
5958    -3.1948438685700835
5959    -3.1853663573282662
5960    -3.1758856607203483
5961    -3.1664017882270348
5962    -3.1569147493322047
5963    -3.1474245535228804
5964    -3.1379312102892656
5965    -3.1284347291247094
5966    -3.1189351195256765
5967    -3.1094323909917927
5968    -3.0999265530257682
5969    -3.090417615133449
5970    -3.080905586823781
5971    -3.0713904776087744
5972    -3.061872297003546
5973    -3.052351054526284
5974    -3.042826759698214
5975    -3.0332994220436458
5976    -3.0237690510899
5977    -3.014235656367356
5978    -3.0046992474094134
5979    -2.9951598337524663
5980    -2.9856174249359357
5981    -2.976072030502237
5982    -2.966523659996747
5983    -2.956972322967853
5984    -2.947418028966873
5985    -2.9378607875481113
5986    -2.9283006082688146
5987    -2.918737500689145
5988    -2.909171474372218
5989    -2.8996025388840674
5990    -2.8900307037936113
5991    -2.880455978672701
5992    -2.870878373096043
5993    -2.861297896641251
5994    -2.8517145588888098
5995    -2.842128369422039
5996    -2.8325393378271353
5997    -2.822947473693139
5998    -2.813352786611895
5999    -2.803755286178107
6000    -2.7941549819892586
6001    -2.7845518836456606
6002    -2.77494600075042
6003    -2.7653373429094015
6004    -2.7557259197312782
6005    -2.746111740827457
6006    -2.7364948158121236
6007    -2.726875154302211
6008    -2.717252765917363
6009    -2.707627660279975
6010    -2.697999847015162
6011    -2.6883693357507172
6012    -2.6787361361171698
6013    -2.6691002577477003
6014    -2.6594617102781957
6015    -2.649820503347211
6016    -2.6401766465959358
6017    -2.6305301496682336
6018    -2.6208810222106096
6019    -2.611229273872173
6020    -2.601574914304689
6021    -2.5919179531624987
6022    -2.582258400102571
6023    -2.5725962647844676
6024    -2.562931556870305
6025    -2.5532642860247985
6026    -2.543594461915228
6027    -2.5339220942113987
6028    -2.5242471925856953
6029    -2.514569766713001
6030    -2.5048898262707486
6031    -2.4952073809388886
6032    -2.485522440399846
6033    -2.4758350143385703
6034    -2.4661451124424962
6035    -2.456452744401506
6036    -2.446757919907984
6037    -2.4370606486567374
6038    -2.427360940345046
6039    -2.4176588046726253
6040    -2.4079542513415917
6041    -2.398247290056508
6042    -2.388537930524343
6043    -2.3788261824544374
6044    -2.3691120555585568
6045    -2.359395559550809
6046    -2.3496767041476985
6047    -2.339955499068088
6048    -2.330231954033165
6049    -2.320506078766482
6050    -2.3107778829939223
6051    -2.301047376443664
6052    -2.2913145688462286
6053    -2.281579469934407
6054    -2.2718420894433065
6055    -2.262102437110314
6056    -2.252360522675064
6057    -2.242616355879479
6058    -2.232869946467734
6059    -2.2231213041862197
6060    -2.2133704387835955
6061    -2.203617360010708
6062    -2.193862077620644
6063    -2.184104601368694
6064    -2.1743449410123157
6065    -2.164583106311178
6066    -2.1548191070271234
6067    -2.1450529529241322
6068    -2.135284653768375
6069    -2.1255142193281342
6070    -2.1157416593738505
6071    -2.1059669836780928
6072    -2.096190202015518
6073    -2.086411324162916
6074    -2.076630359899172
6075    -2.066847319005233
6076    -2.0570622112641557
6077    -2.04727504646103
6078    -2.0374858343830287
6079    -2.027694584819371
6080    -2.017901307561289
6081    -2.0081060124020675
6082    -1.9983087091370095
6083    -1.9885094075634007
6084    -1.9787081174805585
6085    -1.9689048486897547
6086    -1.9590996109942667
6087    -1.9492924141993393
6088    -1.9394832681121517
6089    -1.9296721825418575
6090    -1.9198591672995502
6091    -1.9100442321982274
6092    -1.9002273870528397
6093    -1.8904086416802146
6094    -1.8805880058991056
6095    -1.870765489530156
6096    -1.8609411023958642
6097    -1.851114854320625
6098    -1.841286755130694
6099    -1.8314568146541532
6100    -1.821625042720959
6101    -1.811791449162865
6102    -1.801956043813473
6103    -1.7921188365081957
6104    -1.782279837084223
6105    -1.7724390553805613
6106    -1.762596501238001
6107    -1.7527521844990774
6108    -1.7429061150081242
6109    -1.7330583026111925
6110    -1.7232087571561026
6111    -1.7133574884924079
6112    -1.7035045064713585
6113    -1.693649820945945
6114    -1.6837934417708602
6115    -1.6739353788024653
6116    -1.6640756418988398
6117    -1.6542142409197023
6118    -1.6443511857264614
6119    -1.634486486182181
6120    -1.6246201521515418
6121    -1.6147521935008857
6122    -1.6048826200981798
6123    -1.5950114418129784
6124    -1.5851386685164766
6125    -1.57526431008143
6126    -1.5653883763822045
6127    -1.5555108772947421
6128    -1.545631822696523
6129    -1.5357512224666188
6130    -1.5258690864856115
6131    -1.5159854246356448
6132    -1.5061002468003886
6133    -1.4962135628650022
6134    -1.4863253827161778
6135    -1.476435716242103
6136    -1.4665445733324263
6137    -1.4566519638783075
6138    -1.4467578977723372
6139    -1.4368623849085898
6140    -1.4269654351825862
6141    -1.417067058491257
6142    -1.4071672647329878
6143    -1.39726606380758
6144    -1.387363465616216
6145    -1.3774594800615105
6146    -1.3675541170474312
6147    -1.3576473864793486
6148    -1.3477392982640015
6149    -1.33782986230946
6150    -1.3279190885251673
6151    -1.3180069868219058
6152    -1.3080935671117584
6153    -1.2981788393081615
6154    -1.2882628133258247
6155    -1.2783454990807823
6156    -1.2684269064903557
6157    -1.25850704547312
6158    -1.2485859259489431
6159    -1.2386635578389538
6160    -1.2287399510655004
6161    -1.2188151155522076
6162    -1.2088890612238918
6163    -1.1989617980066154
6164    -1.1890333358276501
6165    -1.179103684615439
6166    -1.1691728542996416
6167    -1.1592408548110962
6168    -1.1493076960817836
6169    -1.1393733880448798
6170    -1.1294379406346737
6171    -1.1195013637866211
6172    -1.1095636674373073
6173    -1.0996248615244095
6174    -1.0896849559867414
6175    -1.0797439607642172
6176    -1.0698018857978135
6177    -1.059858741029622
6178    -1.049914536402769
6179    -1.039969281861467
6180    -1.0300229873509785
6181    -1.0200756628175798
6182    -1.0101273182086035
6183    -1.0001779634724017
6184    -0.9902276085583108
6185    -0.9802762634167029
6186    -0.9703239379989045
6187    -0.9603706422572489
6188    -0.9504163861450399
6189    -0.9404611796165151
6190    -0.930505032626889
6191    -0.9205479551323169
6192    -0.9105899570898573
6193    -0.9006310484575255
6194    -0.8906712391942113
6195    -0.8807105392597321
6196    -0.8707489586147961
6197    -0.860786507220965
6198    -0.8508231950406985
6199    -0.8408590320373167
6200    -0.830894028174964
6201    -0.8209281934186613
6202    -0.8109615377342249
6203    -0.800994071088318
6204    -0.7910258034484159
6205    -0.7810567447827673
6206    -0.771086905060439
6207    -0.7611162942512788
6208    -0.7511449223258788
6209    -0.741172799255628
6210    -0.7311999350126309
6211    -0.7212263395697597
6212    -0.711252022900618
6213    -0.7012769949795037
6214    -0.6913012657814527
6215    -0.6813248452822025
6216    -0.671347743458155
6217    -0.6613699702864289
6218    -0.6513915357447786
6219    -0.6414124498116469
6220    -0.6314327224661278
6221    -0.6214523636879299
6222    -0.6114713834574199
6223    -0.6014897917555867
6224    -0.5915075985640027
6225    -0.5815248138648783
6226    -0.5715414476409798
6227    -0.5615575098756811
6228    -0.5515730105529283
6229    -0.5415879596572021
6230    -0.5316023671735612
6231    -0.5216162430876065
6232    -0.5116295973854431
6233    -0.501642440053734
6234    -0.4916547810796177
6235    -0.48166663045076125
6236    -0.4716779981553234
6237    -0.46168889418191783
6238    -0.4516993285196566
6239    -0.4417093111581133
6240    -0.4317188520872868
6241    -0.42172796129765305
6242    -0.4117366487800843
6243    -0.401744924525901
6244    -0.39175279852683564
6245    -0.38176028077499546
6246    -0.37176738126290637
6247    -0.36177410998347587
6248    -0.35178047692995656
6249    -0.34178649209599865
6250    -0.3317921654755681
6251    -0.32179750706299987
6252    -0.3118025268529602
6253    -0.3018072348404108
6254    -0.2918116410206606
6255    -0.28181575538928477
6256    -0.2718195879421771
6257    -0.26182314867551293
6258    -0.2518264475857131
6259    -0.2418294946694866
6260    -0.23183229992379453
6261    -0.22183487334581295
6262    -0.21183722493298535
6263    -0.20183936468294167
6264    -0.19184130259355006
6265    -0.18184304866288073
6266    -0.17184461288916908
6267    -0.1618460052708588
6268    -0.15184723580656562
6269    -0.1418483144950404
6270    -0.1318492513352214
6271    -0.12185005632615317
6272    -0.11185073946703876
6273    -0.1018513107572031
6274    -0.09185178019605628
6275    -0.08185215778313694
6276    -0.0718524535180755
6277    -0.061852677400557644
6278    -0.051852839430376434
6279    -0.041852949607351225
6280    -0.0318530179313799
6281    -0.02185305440240218
6282    -0.011853069020363002
6283    -0.0018530717852557835
6284    0.008146927302914182
6285    0.018146918244166404
6286    0.02814689103849301
6287    0.038146835685939816
6288    0.0481467421865541
6289    0.05814660054042134
6290    0.06814640074770176
6291    0.07814613280858711
6292    0.08814578672333728
6293    0.09814535249231697
6294    0.10814482011594347
6295    0.11814417959476771
6296    0.12814342092942224
6297    0.1381425341206576
6298    0.14814150916937924
6299    0.15814033607660405
6300    0.16813900484349714
6301    0.17813750547140822
6302    0.18813582796181982
6303    0.198133962316428
6304    0.20813189853709035
6305    0.2181296266258627
6306    0.22812713658503542
6307    0.23812441841709056
6308    0.24812146212473832
6309    0.2581182577109535
6310    0.2681147951789235
6311    0.2781110645321296
6312    0.28810705577429435
6313    0.29810275890941845
6314    0.3080981639418174
6315    0.3180932608760781
6316    0.3280880397170955
6317    0.33808249047010935
6318    0.3480766031406521
6319    0.3580703677346296
6320    0.3680637742582692
6321    0.3780568127181563
6322    0.3880494731212711
6323    0.3980417454749451
6324    0.4080336197868979
6325    0.4180250860652738
6326    0.4280161343185896
6327    0.4380067545558156
6328    0.4479969367863236
6329    0.4579866710199232
6330    0.46797594726689884
6331    0.47796475553796625
6332    0.4879530858443091
6333    0.49794092819761554
6334    0.5079282726100265
6335    0.517915109094216
6336    0.5279014276633396
6337    0.5378872183310707
6338    0.5478724711116371
6339    0.5578571760197779
6340    0.5678413230707806
6341    0.5778249022805162
6342    0.5878079036653888
6343    0.5977903172424157
6344    0.6077721330291752
6345    0.6177533410438433
6346    0.6277339313052307
6347    0.6377138938327392
6348    0.6476932186463983
6349    0.6576718957669013
6350    0.6676499152155546
6351    0.6776272670143573
6352    0.6876039411859493
6353    0.6975799277536485
6354    0.7075552167414871
6355    0.7175297981741678
6356    0.7275036620771014
6357    0.7374767984764422
6358    0.7474491973990373
6359    0.757420848872506
6360    0.7673917429251892
6361    0.7773618695861843
6362    0.7873312188853836
6363    0.7972997808534297
6364    0.8072675455217524
6365    0.8172345029226056
6366    0.8272006430890152
6367    0.8371659560548597
6368    0.8471304318548175
6369    0.8570940605244055
6370    0.8670568321000133
6371    0.8770187366188611
6372    0.8869797641190366
6373    0.8969399046395307
6374    0.906899148220186
6375    0.9168574849017775
6376    0.9268149047259606
6377    0.9367713977353074
6378    0.9467269539733434
6379    0.9566815634844952
6380    0.9666352163141723
6381    0.9765879025087135
6382    0.986539612115425
6383    0.9964903351826151
6384    1.0064400617595533
6385    1.0163887818965047
6386    1.0263364856447679
6387    1.0362831630566218
6388    1.046228804185408
6389    1.0561733990854774
6390    1.0661169378122266
6391    1.0760594104221357
6392    1.086000806972724
6393    1.0959411175225873
6394    1.105880332131433
6395    1.11581844086003
6396    1.125755433770288
6397    1.1356913009252059
6398    1.1456260323889087
6399    1.1555596182266836
6400    1.1654920485049363
6401    1.1754233132912288
6402    1.1853534026543153
6403    1.1952823066640885
6404    1.2052100153916638
6405    1.2151365189093237
6406    1.2250618072905577
6407    1.234985870610095
6408    1.2449086989438645
6409    1.25483028236903
6410    1.264750610964027
6411    1.2746696748085093
6412    1.2845874639834316
6413    1.2945039685709971
6414    1.3044191786546933
6415    1.3143330843193282
6416    1.3242456756509884
6417    1.3341569427370743
6418    1.3440668756663376
6419    1.3539754645288284
6420    1.3638826994159765
6421    1.3737885704205384
6422    1.383693067636636
6423    1.39359618115979
6424    1.4034979010868787
6425    1.4133982175161748
6426    1.4232971205473797
6427    1.433194600281574
6428    1.443090646821296
6429    1.4529852502704919
6430    1.4628784007345494
6431    1.472770088320337
6432    1.482660303136159
6433    1.4925490352917927
6434    1.5024362748985243
6435    1.5123220120690977
6436    1.5222062369177933
6437    1.532088939560379
6438    1.5419701101141439
6439    1.5518497386979364
6440    1.561727815432119
6441    1.571604330438608
6442    1.5814792738409058
6443    1.591352635764053
6444    1.601224406334706
6445    1.6110945756810862
6446    1.6209631339330157
6447    1.6308300712219557
6448    1.6406953776809599
6449    1.6505590434447144
6450    1.6604210586495722
6451    1.6702814134335007
6452    1.6801400979361636
6453    1.689997102298869
6454    1.6998524166646036
6455    1.7097060311780725
6456    1.719557935985652
6457    1.7294081212354306
6458    1.7392565770772408
6459    1.74910329366261
6460    1.75894826114484
6461    1.7687914696789555
6462    1.77863290942174
6463    1.7884725705317719
6464    1.7983104431693826
6465    1.8081465174966909
6466    1.8179807836776414
6467    1.8278132318779508
6468    1.8376438522651894
6469    1.847472635008729
6470    1.8572995702797788
6471    1.8671246482514217
6472    1.8769478590985718
6473    1.8867691929980108
6474    1.8965886401284227
6475    1.9064061906703438
6476    1.9162218348062416
6477    1.9260355627204644
6478    1.9358473645992762
6479    1.9456572306308935
6480    1.9554651510054426
6481    1.9652711159149947
6482    1.9750751155536035
6483    1.984877140117252
6484    1.9946771798039353
6485    2.004475224813605
6486    2.0142712653482078
6487    2.0240652916117217
6488    2.033857293810113
6489    2.043647262151371
6490    2.053435186845546
6491    2.0632210581046966
6492    2.0730048661429694
6493    2.0827866011765495
6494    2.0925662534236924
6495    2.102343813104766
6496    2.112119270442201
6497    2.121892615660533
6498    2.131663838986435
6499    2.141432930648667
6500    2.151199880878155
6501    2.160964679907942
6502    2.17072731797322
6503    2.18048778531137
6504    2.1902460721619073
6505    2.200002168766564
6506    2.2097560653692354
6507    2.2195077522160163
6508    2.229257219555239
6509    2.239004457637428
6510    2.248749456715337
6511    2.2584922070439855
6512    2.2682326988806065
6513    2.2779709224847267
6514    2.2877068681181134
6515    2.2974405260448147
6516    2.3071718865311897
6517    2.316900939845871
6518    2.326627676259796
6519    2.3363520860462477
6520    2.346074159480799
6521    2.3557938868413952
6522    2.3655112584083016
6523    2.3752262644641373
6524    2.3849388952939155
6525    2.394649141184997
6526    2.404356992427128
6527    2.4140624393124757
6528    2.423765472135577
6529    2.433466081193416
6530    2.4431642567853773
6531    2.4528599892132767
6532    2.462553268781399
6533    2.4722440857964587
6534    2.4819324305676305
6535    2.4916182934065865
6536    2.5013016646274475
6537    2.5109825345468617
6538    2.520660893483951
6539    2.5303367317603476
6540    2.5400100397002316
6541    2.549680807630288
6542    2.5593490258797407
6543    2.569014684780389
6544    2.5786777746665583
6545    2.5883382858751767
6546    2.597996208745725
6547    2.6076515336202717
6548    2.6173042508435116
6549    2.626954350762717
6550    2.636601823727784
6551    2.6462466600912546
6552    2.655888850208277
6553    2.6655283844366795
6554    2.6751652531369197
6555    2.6847994466721206
6556    2.6944309554081074
6557    2.7040597697133637
6558    2.713685879959067
6559    2.7233092765191245
6560    2.732929949770124
6561    2.7425478900914104
6562    2.7521630878650347
6563    2.7617755334757925
6564    2.771385217311255
6565    2.780992129761732
6566    2.7905962612203017
6567    2.800197602082851
6568    2.809796142748024
6569    2.8193918736172963
6570    2.82898478509493
6571    2.838574867588006
6572    2.848162111506459
6573    2.857746507263038
6574    2.86732804527334
6575    2.8769067159558435
6576    2.8864825097318625
6577    2.8960554170256207
6578    2.9056254282642033
6579    2.9151925338775913
6580    2.924756724298697
6581    2.934317989963322
6582    2.9438763213101935
6583    2.9534317087809967
6584    2.962984142820329
6585    2.972533613875774
6586    2.982080112397853
6587    2.9916236288400597
6588    3.001164153658895
6589    3.0107016773138264
6590    3.020236190267324
6591    3.0297676829848905
6592    3.039296145935018
6593    3.0488215695892618
6594    3.05834394442219
6595    3.06786326091142
6596    3.077379509537654
6597    3.0868926807846337
6598    3.0964027651391826
6599    3.1059097530912316
6600    3.1154136351337782
6601    3.1249144017629584
6602    3.134412043477997
6603    3.143906550781245
6604    3.153397914178212
6605    3.162886124177528
6606    3.172371171290975
6607    3.181853046033523
6608    3.1913317389232825
6609    3.2008072404815766
6610    3.210279541232898
6611    3.2197486317049364
6612    3.2292145024286207
6613    3.238677143938071
6614    3.2481365467706387
6615    3.257592701466939
6616    3.267045598570801
6617    3.2764952286293445
6618    3.285941582192933
6619    3.295384649815205
6620    3.30482442205311
6621    3.3142608894668677
6622    3.323694042620004
6623    3.333123872079383
6624    3.34255036841516
6625    3.351973522200855
6626    3.361393324013307
6627    3.370809764432707
6628    3.3802228340426312
6629    3.3896325234299955
6630    3.399038823185127
6631    3.4084417239017184
6632    3.417841216176862
6633    3.427237290611082
6634    3.436629937808297
6635    3.446019148375853
6636    3.455404912924555
6637    3.464787222068625
6638    3.4741660664257688
6639    3.4835414366171364
6640    3.4929133232673495
6641    3.502281717004538
6642    3.5116466084603015
6643    3.521007988269741
6644    3.5303658470714945
6645    3.539720175507686
6646    3.549070964224006
6647    3.558418203869657
6648    3.5677618850973922
6649    3.5771019985635486
6650    3.586438534928004
6651    3.595771484854215
6652    3.6051008390092494
6653    3.6144265880637367
6654    3.623748722691946
6655    3.633067233571734
6656    3.642382111384583
6657    3.6516933468156325
6658    3.6610009305536395
6659    3.6703048532910123
6660    3.6796051057238466
6661    3.6889016785518733
6662    3.698194562478537
6663    3.707483748210947
6664    3.7167692264599084
6665    3.7260509879399626
6666    3.735329023369338
6667    3.744603323469994
6668    3.7538738789676467
6669    3.763140680591725
6670    3.7724037190754443
6671    3.7816629851557586
6672    3.7909184695733957
6673    3.8001701630728864
6674    3.809418056402531
6675    3.8186621403144283
6676    3.827902405564512
6677    3.837138842912501
6678    3.8463714431219747
6679    3.8556001969603257
6680    3.8648250951987935
6681    3.874046128612496
6682    3.883263287980393
6683    3.892476564085317
6684    3.9016859477140096
6685    3.910891429657071
6686    3.9200930007090378
6687    3.9292906516683304
6688    3.93848437333729
6689    3.9476741565222127
6690    3.956859992033308
6691    3.9660418706847325
6692    3.9752197832946257
6693    3.9843937206850586
6694    3.9935636736821105
6695    4.0027296331158215
6696    4.011891589820226
6697    4.021049534633382
6698    4.030203458397338
6699    4.039353351958165
6700    4.0484992061659835
6701    4.057641011874925
6702    4.066778759943201
6703    4.075912441233057
6704    4.085042046610802
6705    4.094167566946849
6706    4.1032889931156715
6707    4.112406315995834
6708    4.121519526470031
6709    4.130628615425038
6710    4.139733573751781
6711    4.148834392345295
6712    4.157931062104754
6713    4.1670235739335055
6714    4.176111918739031
6715    4.185196087432978
6716    4.194276070931195
6717    4.2033518601536795
6718    4.2124234460246655
6719    4.221490819472555
6720    4.230553971429968
6721    4.239612892833772
6722    4.248667574625035
6723    4.25771800774907
6724    4.26676418315546
6725    4.275806091798015
6726    4.284843724634841
6727    4.293877072628301
6728    4.302906126745038
6729    4.311930877956014
6730    4.320951317236472
6731    4.329967435565964
6732    4.338979223928391
6733    4.347986673311945
6734    4.356989774709199
6735    4.365988519117039
6736    4.374982897536716
6737    4.38397290097387
6738    4.392958520438486
6739    4.401939746944941
6740    4.410916571512024
6741    4.419888985162895
6742    4.428856978925156
6743    4.437820543830808
6744    4.446779670916278
6745    4.455734351222456
6746    4.464684575794654
6747    4.473630335682639
6748    4.482571621940671
6749    4.491508425627445
6750    4.500440737806176
6751    4.509368549544545
6752    4.518291851914731
6753    4.527210635993452
6754    4.536124892861904
6755    4.54503461360585
6756    4.55393978931556
6757    4.562840411085854
6758    4.571736470016124
6759    4.5806279572103055
6760    4.589514863776903
6761    4.598397180829027
6762    4.607274899484347
6763    4.616148010865158
6764    4.625016506098342
6765    4.633880376315399
6766    4.642739612652473
6767    4.651594206250322
6768    4.660444148254344
6769    4.669289429814614
6770    4.678130042085835
6771    4.6869659762274125
6772    4.695797223403403
6773    4.704623774782554
6774    4.713445621538332
6775    4.722262754848879
6776    4.731075165897058
6777    4.739882845870473
6778    4.748685785961428
6779    4.757483977367003
6780    4.7662774112889945
6781    4.775066078933967
6782    4.783849971513264
6783    4.792629080242988
6784    4.801403396344024
6785    4.810172911042072
6786    4.818937615567602
6787    4.827697501155925
6788    4.83645255904715
6789    4.845202780486211
6790    4.853948156722903
6791    4.8626886790118435
6792    4.871424338612501
6793    4.880155126789234
6794    4.88888103481124
6795    4.8976020539526255
6796    4.906318175492365
6797    4.915029390714331
6798    4.923735690907322
6799    4.932437067365034
6800    4.941133511386083
6801    4.949825014274037
6802    4.958511567337384
6803    4.9671931618895835
6804    4.975869789249035
6805    4.984541440739105
6806    4.993208107688156
6807    5.001869781429517
6808    5.0105264533015035
6809    5.019178114647464
6810    5.027824756815719
6811    5.036466371159646
6812    5.045102949037619
6813    5.0537344818130565
6814    5.062360960854442
6815    5.070982377535288
6816    5.079598723234171
6817    5.0882099893347625
6818    5.09681616722578
6819    5.1054172483010625
6820    5.114013223959524
6821    5.122604085605178
6822    5.131189824647182
6823    5.139770432499789
6824    5.148345900582385
6825    5.156916220319515
6826    5.165481383140848
6827    5.174041380481236
6828    5.182596203780674
6829    5.191145844484333
6830    5.199690294042587
6831    5.208229543910981
6832    5.216763585550258
6833    5.225292410426391
6834    5.233816010010542
6835    5.2423343757791265
6836    5.250847499213771
6837    5.259355371801347
6838    5.267857985033999
6839    5.2763553304091015
6840    5.284847399429308
6841    5.293334183602563
6842    5.301815674442067
6843    5.310291863466347
6844    5.318762742199205
6845    5.327228302169757
6846    5.335688534912457
6847    5.344143431967069
6848    5.352592984878686
6849    5.361037185197771
6850    5.36947602448011
6851    5.37790949428688
6852    5.386337586184604
6853    5.394760291745183
6854    5.403177602545927
6855    5.411589510169519
6856    5.4199960062040455
6857    5.4283970822430225
6858    5.436792729885365
6859    5.445182940735435
6860    5.45356770640302
6861    5.461947018503346
6862    5.470320868657115
6863    5.478689248490471
6864    5.487052149635028
6865    5.4954095637279
6866    5.50376148241166
6867    5.512107897334403
6868    5.520448800149707
6869    5.528784182516665
6870    5.537114036099907
6871    5.545438352569575
6872    5.553757123601346
6873    5.562070340876463
6874    5.570377996081695
6875    5.578680080909403
6876    5.586976587057494
6877    5.595267506229456
6878    5.6035528301343875
6879    5.611832550486947
6880    5.620106659007432
6881    5.628375147421725
6882    5.636638007461332
6883    5.644895230863409
6884    5.6531468093707264
6885    5.661392734731698
6886    5.669632998700414
6887    5.677867593036595
6888    5.686096509505664
6889    5.694319739878698
6890    5.70253727593246
6891    5.710749109449428
6892    5.718955232217762
6893    5.727155636031333
6894    5.735350312689753
6895    5.743539253998331
6896    5.75172245176814
6897    5.759899897815978
6898    5.76807158396439
6899    5.776237502041707
6900    5.784397643882002
6901    5.792552001325129
6902    5.800700566216743
6903    5.808843330408267
6904    5.816980285756954
6905    5.825111424125838
6906    5.8332367373837775
6907    5.8413562174054725
6908    5.849469856071437
6909    5.857577645268025
6910    5.865679576887463
6911    5.873775642827806
6912    5.881865834993003
6913    5.889950145292856
6914    5.898028565643046
6915    5.90610108796517
6916    5.914167704186698
6917    5.9222284062410075
6918    5.9302831860674114
6919    5.938332035611117
6920    5.946374946823286
6921    5.954411911661007
6922    5.962442922087304
6923    5.970467970071183
6924    5.978487047587589
6925    5.9865001466174395
6926    5.99450725914765
6927    6.002508377171091
6928    6.010503492686664
6929    6.018492597699245
6930    6.026475684219723
6931    6.034452744265026
6932    6.042423769858087
6933    6.0503887530278755
6934    6.058347685809422
6935    6.06630056024378
6936    6.07424736837809
6937    6.082188102265539
6938    6.090122753965385
6939    6.098051315542992
6940    6.1059737790697906
6941    6.113890136623313
6942    6.1218003802872145
6943    6.129704502151239
6944    6.13760249431128
6945    6.145494348869337
6946    6.153380057933552
6947    6.161259613618227
6948    6.169133008043802
6949    6.1770002333368765
6950    6.18486128163024
6951    6.192716145062829
6952    6.200564815779797
6953    6.208407285932466
6954    6.216243547678358
6955    6.224073593181228
6956    6.231897414611025
6957    6.239715004143919
6958    6.247526353962335
6959    6.255331456254911
6960    6.263130303216559
6961    6.2709228870484255
6962    6.278709199957921
6963    6.286489234158746
6964    6.294262981870862
6965    6.302030435320513
6966    6.3097915867402605
6967    6.31754642836894
6968    6.325294952451725
6969    6.333037151240085
6970    6.340773016991814
6971    6.348502541971062
6972    6.356225718448296
6973    6.363942538700336
6974    6.371652995010373
6975    6.3793570796679395
6976    6.387054784968965
6977    6.394746103215737
6978    6.402431026716933
6979    6.410109547787642
6980    6.4177816587493375
6981    6.425447351929902
6982    6.433106619663658
6983    6.440759454291323
6984    6.448405848160076
6985    6.456045793623519
6986    6.4636792830417
6987    6.471306308781142
6988    6.4789268632148165
6989    6.486540938722161
6990    6.494148527689114
6991    6.501749622508072
6992    6.509344215577957
6993    6.516932299304168
6994    6.524513866098617
6995    6.532088908379751
6996    6.53965741857252
6997    6.547219389108409
6998    6.55477481242546
6999    6.562323680968239
7000    6.569865987187891
7001    6.577401723542104
7002    6.584930882495134
7003    6.592453456517837
7004    6.5999694380876255
7005    6.607478819688533
7006    6.614981593811171
7007    6.62247775295276
7008    6.629967289617156
7009    6.637450196314814
7010    6.64492646556282
7011    6.652396089884924
7012    6.659859061811484
7013    6.6673153738795445
7014    6.674765018632787
7015    6.682207988621561
7016    6.689644276402907
7017    6.697073874540537
7018    6.704496775604842
7019    6.7119129721729385
7020    6.719322456828615
7021    6.7267252221624005
7022    6.734121260771525
7023    6.741510565259943
7024    6.748893128238365
7025    6.756268942324219
7026    6.76363800014169
7027    6.771000294321729
7028    6.778355817502032
7029    6.785704562327089
7030    6.793046521448149
7031    6.800381687523247
7032    6.807710053217231
7033    6.815031611201728
7034    6.822346354155177
7035    6.829654274762847
7036    6.836955365716802
7037    6.84424961971597
7038    6.851537029466088
7039    6.858817587679742
7040    6.866091287076385
7041    6.8733581203823135
7042    6.880618080330688
7043    6.887871159661561
7044    6.895117351121843
7045    6.902356647465355
7046    6.9095890414527945
7047    6.916814525851763
7048    6.924033093436787
7049    6.931244736989295
7050    6.938449449297637
7051    6.945647223157114
7052    6.952838051369942
7053    6.960021926745302
7054    6.967198842099316
7055    6.974368790255063
7056    6.9815317640426064
7057    6.98868775629897
7058    6.99583675986815
7059    7.002978767601161
7060    7.010113772355981
7061    7.0172417669976195
7062    7.024362744398076
7063    7.031476697436368
7064    7.038583618998553
7065    7.045683501977706
7066    7.052776339273938
7067    7.059862123794426
7068    7.066940848453371
7069    7.074012506172063
7070    7.081077089878838
7071    7.088134592509106
7072    7.09518500700538
7073    7.102228326317239
7074    7.109264543401356
7075    7.116293651221528
7076    7.123315642748636
7077    7.130330510960702
7078    7.137338248842851
7079    7.144338849387338
7080    7.15133230559358
7081    7.1583186104681085
7082    7.165297757024621
7083    7.172269738283976
7084    7.179234547274187
7085    7.186192177030455
7086    7.193142620595143
7087    7.200085871017805
7088    7.207021921355202
7089    7.213950764671277
7090    7.220872394037185
7091    7.227786802531304
7092    7.234693983239219
7093    7.2415939292537574
7094    7.248486633674972
7095    7.255372089610151
7096    7.26225029017385
7097    7.2691212284878635
7098    7.275984897681249
7099    7.282841290890349
7100    7.289690401258759
7101    7.296532221937381
7102    7.30336674608439
7103    7.310193966865254
7104    7.317013877452767
7105    7.323826471027014
7106    7.3306317407753925
7107    7.337429679892647
7108    7.344220281580828
7109    7.351003539049346
7110    7.357779445514936
7111    7.364547994201688
7112    7.371309178341066
7113    7.37806299117188
7114    7.38480942594031
7115    7.3915484758999375
7116    7.398280134311699
7117    7.4050043944439485
7118    7.41172124957242
7119    7.418430692980253
7120    7.425132717958018
7121    7.431827317803684
7122    7.438514485822645
7123    7.445194215327746
7124    7.451866499639247
7125    7.458531332084875
7126    7.465188705999792
7127    7.471838614726618
7128    7.478481051615462
7129    7.485116010023867
7130    7.491743483316894
7131    7.498363464867062
7132    7.504975948054382
7133    7.5115809262663875
7134    7.518178392898092
7135    7.524768341352026
7136    7.531350765038249
7137    7.5379256573743305
7138    7.544493011785385
7139    7.551052821704061
7140    7.5576050805705375
7141    7.564149781832568
7142    7.570686918945447
7143    7.577216485372033
7144    7.583738474582771
7145    7.59025288005566
7146    7.596759695276306
7147    7.603258913737892
7148    7.609750528941191
7149    7.616234534394602
7150    7.622710923614112
7151    7.629179690123329
7152    7.635640827453496
7153    7.642094329143467
7154    7.648540188739752
7155    7.654978399796484
7156    7.66140895587545
7157    7.6678318505461025
7158    7.674247077385545
7159    7.6806546299785445
7160    7.687054501917559
7161    7.693446686802705
7162    7.699831178241813
7163    7.706207969850383
7164    7.712577055251621
7165    7.718938428076451
7166    7.725292081963496
7167    7.731638010559098
7168    7.737976207517338
7169    7.744306666500012
7170    7.75062938117667
7171    7.756944345224591
7172    7.76325155232881
7173    7.769550996182126
7174    7.775842670485096
7175    7.782126568946037
7176    7.7884026852810635
7177    7.794671013214047
7178    7.800931546476674
7179    7.807184278808403
7180    7.813429203956499
7181    7.819666315676048
7182    7.825895607729934
7183    7.832117073888857
7184    7.838330707931365
7185    7.8445365036438135
7186    7.850734454820416
7187    7.856924555263218
7188    7.863106798782114
7189    7.869281179194873
7190    7.875447690327109
7191    7.881606326012305
7192    7.887757080091838
7193    7.893899946414941
7194    7.900034918838761
7195    7.906161991228322
7196    7.912281157456543
7197    7.918392411404274
7198    7.924495746960251
7199    7.930591158021138
7200    7.936678638491531
7201    7.942758182283943
7202    7.948829783318841
7203    7.954893435524616
7204    7.960949132837613
7205    7.966996869202148
7206    7.973036638570476
7207    7.979068434902826
7208    7.9850922521674095
7209    7.991108084340403
7210    7.997115925405982
7211    8.003115769356302
7212    8.009107610191515
7213    8.01509144191979
7214    8.02106725855729
7215    8.027035054128197
7216    8.032994822664723
7217    8.03894655820709
7218    8.044890254803574
7219    8.050825906510473
7220    8.056753507392132
7221    8.06267305152096
7222    8.068584532977408
7223    8.074487945849992
7224    8.080383284235308
7225    8.086270542238006
7226    8.09214971397084
7227    8.098020793554637
7228    8.103883775118309
7229    8.109738652798887
7230    8.115585420741487
7231    8.12142407309934
7232    8.1272546040338
7233    8.133077007714325
7234    8.13889127831853
7235    8.144697410032132
7236    8.150495397048998
7237    8.156285233571152
7238    8.162066913808752
7239    8.167840431980114
7240    8.173605782311729
7241    8.179362959038238
7242    8.185111956402475
7243    8.190852768655438
7244    8.196585390056306
7245    8.202309814872477
7246    8.208026037379513
7247    8.213734051861193
7248    8.21943385260951
7249    8.225125433924653
7250    8.230808790115054
7251    8.23648391549735
7252    8.242150804396413
7253    8.247809451145361
7254    8.253459850085545
7255    8.259101995566567
7256    8.264735881946285
7257    8.270361503590802
7258    8.275978854874511
7259    8.281587930180054
7260    8.287188723898353
7261    8.292781230428623
7262    8.29836544417835
7263    8.303941359563327
7264    8.30950897100764
7265    8.315068272943664
7266    8.320619259812117
7267    8.326161926062003
7268    8.33169626615065
7269    8.337222274543734
7270    8.34273994571523
7271    8.34824927414748
7272    8.353750254331153
7273    8.359242880765263
7274    8.364727147957193
7275    8.370203050422672
7276    8.375670582685794
7277    8.381129739279036
7278    8.386580514743233
7279    8.392022903627618
7280    8.397456900489798
7281    8.402882499895775
7282    8.408299696419956
7283    8.41370848464514
7284    8.419108859162536
7285    8.424500814571783
7286    8.429884345480907
7287    8.435259446506397
7288    8.44062611227314
7289    8.44598433741447
7290    8.451334116572173
7291    8.456675444396463
7292    8.462008315546008
7293    8.46733272468795
7294    8.472648666497864
7295    8.477956135659824
7296    8.483255126866355
7297    8.488545634818461
7298    8.493827654225644
7299    8.499101179805884
7300    8.504366206285644
7301    8.509622728399913
7302    8.514870740892158
7303    8.520110238514373
7304    8.525341216027062
7305    8.530563668199242
7306    8.535777589808468
7307    8.540982975640816
7308    8.546179820490893
7309    8.551368119161872
7310    8.556547866465435
7311    8.56171905722185
7312    8.566881686259922
7313    8.572035748417019
7314    8.577181238539081
7315    8.582318151480624
7316    8.587446482104726
7317    8.592566225283065
7318    8.59767737589589
7319    8.60277992883206
7320    8.607873878989016
7321    8.61295922127281
7322    8.6180359505981
7323    8.623104061888162
7324    8.628163550074875
7325    8.633214410098763
7326    8.638256636908952
7327    8.64329022546323
7328    8.648315170728003
7329    8.653331467678322
7330    8.658339111297899
7331    8.663338096579087
7332    8.668328418522895
7333    8.673310072139008
7334    8.67828305244577
7335    8.68324735447021
7336    8.688202973248018
7337    8.693149903823569
7338    8.698088141249947
7339    8.703017680588907
7340    8.707938516910913
7341    8.712850645295124
7342    8.717754060829417
7343    8.722648758610378
7344    8.727534733743308
7345    8.732411981342226
7346    8.737280496529896
7347    8.7421402744378
7348    8.746991310206147
7349    8.751833598983922
7350    8.756667135928822
7351    8.761491916207321
7352    8.76630793499463
7353    8.771115187474736
7354    8.775913668840387
7355    8.7807033742931
7356    8.785484299043166
7357    8.79025643830967
7358    8.795019787320463
7359    8.799774341312208
7360    8.804520095530345
7361    8.809257045229113
7362    8.813985185671577
7363    8.818704512129587
7364    8.823415019883818
7365    8.828116704223767
7366    8.832809560447744
7367    8.837493583862901
7368    8.842168769785212
7369    8.846835113539482
7370    8.851492610459383
7371    8.856141255887408
7372    8.860781045174916
7373    8.865411973682118
7374    8.870034036778081
7375    8.874647229840754
7376    8.879251548256931
7377    8.883846987422299
7378    8.888433542741424
7379    8.893011209627742
7380    8.897579983503595
7381    8.902139859800206
7382    8.906690833957699
7383    8.911232901425102
7384    8.915766057660344
7385    8.920290298130267
7386    8.924805618310641
7387    8.929312013686136
7388    8.933809479750368
7389    8.93829801200586
7390    8.942777605964084
7391    8.947248257145452
7392    8.951709961079304
7393    8.956162713303941
7394    8.960606509366613
7395    8.96504134482352
7396    8.969467215239833
7397    8.973884116189678
7398    8.97829204325615
7399    8.982690992031332
7400    8.987080958116268
7401    8.991461937120995
7402    8.995833924664536
7403    9.000196916374897
7404    9.004550907889096
7405    9.008895894853138
7406    9.01323187292203
7407    9.017558837759807
7408    9.021876785039497
7409    9.02618571044315
7410    9.030485609661849
7411    9.034776478395685
7412    9.0390583123538
7413    9.043331107254359
7414    9.047594858824555
7415    9.051849562800653
7416    9.056095214927941
7417    9.060331810960768
7418    9.064559346662541
7419    9.06877781780572
7420    9.07298722017184
7421    9.077187549551496
7422    9.081378801744355
7423    9.085560972559174
7424    9.089734057813773
7425    9.093898053335073
7426    9.098052954959082
7427    9.102198758530886
7428    9.106335459904695
7429    9.110463054943803
7430    9.114581539520614
7431    9.118690909516646
7432    9.12279116082253
7433    9.12688228933801
7434    9.13096429097196
7435    9.135037161642382
7436    9.139100897276405
7437    9.143155493810292
7438    9.147200947189445
7439    9.151237253368416
7440    9.155264408310895
7441    9.159282407989727
7442    9.163291248386917
7443    9.16729092549362
7444    9.171281435310162
7445    9.175262773846034
7446    9.179234937119896
7447    9.183197921159586
7448    9.187151722002122
7449    9.191096335693697
7450    9.195031758289707
7451    9.19895798585472
7452    9.202875014462517
7453    9.206782840196068
7454    9.210681459147542
7455    9.214570867418328
7456    9.218451061119014
7457    9.222322036369404
7458    9.22618378929853
7459    9.23003631604463
7460    9.233879612755189
7461    9.237713675586903
7462    9.241538500705708
7463    9.245354084286788
7464    9.249160422514553
7465    9.252957511582663
7466    9.256745347694034
7467    9.260523927060827
7468    9.264293245904467
7469    9.268053300455634
7470    9.271804086954269
7471    9.275545601649593
7472    9.27927784080009
7473    9.283000800673515
7474    9.286714477546916
7475    9.290418867706608
7476    9.294113967448213
7477    9.297799773076626
7478    9.301476280906034
7479    9.305143487259942
7480    9.308801388471137
7481    9.312449980881714
7482    9.316089260843093
7483    9.319719224715982
7484    9.323339868870427
7485    9.326951189685781
7486    9.330553183550718
7487    9.334145846863251
7488    9.337729176030718
7489    9.341303167469782
7490    9.34486781760646
7491    9.348423122876097
7492    9.351969079723395
7493    9.35550568460239
7494    9.359032933976476
7495    9.362550824318411
7496    9.366059352110305
7497    9.369558513843621
7498    9.373048306019209
7499    9.376528725147269
7500    9.379999767747389
7501    9.383461430348522
7502    9.386913709489002
7503    9.39035660171656
7504    9.393790103588294
7505    9.397214211670713
7506    9.4006289225397
7507    9.404034232780548
7508    9.407430138987948
7509    9.410816637765995
7510    9.414193725728182
7511    9.417561399497432
7512    9.420919655706065
7513    9.424268490995832
7514    9.427607902017892
7515    9.430937885432831
7516    9.434258437910676
7517    9.437569556130866
7518    9.440871236782286
7519    9.44416347656326
7520    9.447446272181539
7521    9.450719620354336
7522    9.453983517808302
7523    9.457237961279533
7524    9.460482947513595
7525    9.463718473265498
7526    9.466944535299714
7527    9.470161130390185
7528    9.473368255320313
7529    9.476565906882977
7530    9.479754081880525
7531    9.482932777124777
7532    9.486101989437046
7533    9.489261715648116
7534    9.492411952598257
7535    9.49555269713724
7536    9.498683946124316
7537    9.501805696428239
7538    9.504917944927257
7539    9.50802068850912
7540    9.51111392407109
7541    9.514197648519929
7542    9.517271858771904
7543    9.520336551752822
7544    9.523391724397978
7545    9.526437373652204
7546    9.529473496469853
7547    9.532500089814796
7548    9.535517150660446
7549    9.538524675989738
7550    9.541522662795147
7551    9.544511108078693
7552    9.547490008851922
7553    9.550459362135943
7554    9.553419164961394
7555    9.556369414368474
7556    9.55931010740694
7557    9.562241241136096
7558    9.565162812624804
7559    9.5680748189515
7560    9.57097725720417
7561    9.573870124480383
7562    9.57675341788727
7563    9.579627134541536
7564    9.582491271569467
7565    9.585345826106925
7566    9.588190795299353
7567    9.59102617630179
7568    9.593851966278843
7569    9.596668162404734
7570    9.599474761863263
7571    9.602271761847826
7572    9.60505915956143
7573    9.607836952216676
7574    9.610605137035767
7575    9.613363711250525
7576    9.61611267210237
7577    9.618852016842345
7578    9.621581742731108
7579    9.624301847038925
7580    9.627012327045701
7581    9.629713180040952
7582    9.63240440332382
7583    9.635085994203095
7584    9.637757949997173
7585    9.640420268034108
7586    9.643072945651577
7587    9.645715980196902
7588    9.648349369027054
7589    9.650973109508639
7590    9.653587199017919
7591    9.656191634940805
7592    9.658786414672859
7593    9.661371535619304
7594    9.663946995195019
7595    9.666512790824545
7596    9.669068919942085
7597    9.67161537999151
7598    9.674152168426362
7599    9.67667928270985
7600    9.679196720314865
7601    9.681704478723963
7602    9.68420255542939
7603    9.686690947933068
7604    9.689169653746609
7605    9.691638670391301
7606    9.69409799539813
7607    9.696547626307773
7608    9.698987560670593
7609    9.701417796046666
7610    9.70383833000575
7611    9.70624916012731
7612    9.708650284000521
7613    9.711041699224259
7614    9.713423403407104
7615    9.715795394167355
7616    9.71815766913302
7617    9.720510225941831
7618    9.722853062241224
7619    9.725186175688362
7620    9.727509563950138
7621    9.72982322470316
7622    9.732127155633767
7623    9.73442135443803
7624    9.736705818821749
7625    9.73898054650046
7626    9.741245535199441
7627    9.743500782653694
7628    9.745746286607977
7629    9.747982044816785
7630    9.750208055044363
7631    9.752424315064697
7632    9.754630822661527
7633    9.75682757562835
7634    9.75901457176841
7635    9.76119180889471
7636    9.763359284830015
7637    9.765516997406849
7638    9.767664944467498
7639    9.769803123864019
7640    9.771931533458229
7641    9.77405017112172
7642    9.776159034735857
7643    9.778258122191769
7644    9.780347431390375
7645    9.782426960242365
7646    9.784496706668213
7647    9.786556668598166
7648    9.788606843972268
7649    9.790647230740342
7650    9.792677826862
7651    9.794698630306646
7652    9.79670963905348
7653    9.798710851091489
7654    9.800702264419465
7655    9.802683877045997
7656    9.804655686989461
7657    9.806617692278062
7658    9.808569890949785
7659    9.810512281052434
7660    9.812444860643621
7661    9.814367627790764
7662    9.816280580571098
7663    9.818183717071669
7664    9.82007703538934
7665    9.821960533630794
7666    9.823834209912535
7667    9.825698062360884
7668    9.827552089111988
7669    9.829396288311822
7670    9.831230658116189
7671    9.833055196690715
7672    9.834869902210864
7673    9.83667477286193
7674    9.838469806839045
7675    9.840255002347172
7676    9.842030357601116
7677    9.843795870825522
7678    9.84555154025488
7679    9.847297364133516
7680    9.849033340715609
7681    9.850759468265181
7682    9.852475745056108
7683    9.854182169372109
7684    9.855878739506762
7685    9.857565453763497
7686    9.8592423104556
7687    9.860909307906217
7688    9.862566444448342
7689    9.86421371842485
7690    9.865851128188458
7691    9.867478672101761
7692    9.869096348537214
7693    9.870704155877142
7694    9.872302092513735
7695    9.873890156849058
7696    9.875468347295048
7697    9.877036662273515
7698    9.87859510021614
7699    9.88014365956449
7700    9.881682338770004
7701    9.883211136294001
7702    9.884730050607688
7703    9.886239080192144
7704    9.887738223538346
7705    9.889227479147149
7706    9.890706845529298
7707    9.892176321205422
7708    9.893635904706052
7709    9.8950855945716
7710    9.89652538935238
7711    9.897955287608594
7712    9.899375287910345
7713    9.900785388837635
7714    9.902185588980359
7715    9.90357588693832
7716    9.904956281321219
7717    9.906326770748663
7718    9.907687353850163
7719    9.909038029265133
7720    9.910378795642899
7721    9.911709651642695
7722    9.913030595933668
7723    9.914341627194867
7724    9.915642744115269
7725    9.91693394539375
7726    9.918215229739113
7727    9.919486595870076
7728    9.920748042515264
7729    9.921999568413241
7730    9.923241172312474
7731    9.924472852971363
7732    9.925694609158224
7733    9.926906439651304
7734    9.928108343238772
7735    9.929300318718726
7736    9.930482364899186
7737    9.931654480598109
7738    9.93281666464338
7739    9.933968915872812
7740    9.93511123313416
7741    9.936243615285099
7742    9.937366061193252
7743    9.938478569736171
7744    9.93958113980135
7745    9.940673770286217
7746    9.941756460098143
7747    9.942829208154436
7748    9.94389201338235
7749    9.944944874719077
7750    9.945987791111762
7751    9.947020761517482
7752    9.94804378490327
7753    9.949056860246102
7754    9.950059986532903
7755    9.951053162760546
7756    9.952036387935857
7757    9.95300966107561
7758    9.95397298120653
7759    9.954926347365298
7760    9.95586975859855
7761    9.95680321396287
7762    9.957726712524806
7763    9.958640253360862
7764    9.959543835557493
7765    9.96043745821112
7766    9.961321120428115
7767    9.962194821324823
7768    9.963058560027537
7769    9.963912335672525
7770    9.964756147406005
7771    9.965589994384171
7772    9.966413875773169
7773    9.967227790749124
7774    9.96803173849812
7775    9.968825718216205
7776    9.969609729109404
7777    9.970383770393706
7778    9.971147841295066
7779    9.971901941049419
7780    9.972646068902659
7781    9.973380224110663
7782    9.974104405939272
7783    9.974818613664308
7784    9.975522846571561
7785    9.976217103956799
7786    9.976901385125762
7787    9.977575689394174
7788    9.978240016087728
7789    9.978894364542095
7790    9.979538734102933
7791    9.980173124125866
7792    9.980797533976506
7793    9.981411963030444
7794    9.982016410673252
7795    9.982610876300482
7796    9.983195359317666
7797    9.983769859140322
7798    9.98433437519395
7799    9.984888906914039
7800    9.98543345374605
7801    9.98596801514544
7802    9.986492590577647
7803    9.987007179518095
7804    9.987511781452197
7805    9.988006395875349
7806    9.988491022292937
7807    9.988965660220337
7808    9.989430309182907
7809    9.989884968716
7810    9.99032963836496
7811    9.99076431768511
7812    9.991189006241779
7813    9.991603703610272
7814    9.992008409375893
7815    9.992403123133942
7816    9.992787844489696
7817    9.99316257305844
7818    9.993527308465442
7819    9.993882050345968
7820    9.994226798345279
7821    9.994561552118624
7822    9.994886311331252
7823    9.995201075658397
7824    9.995505844785301
7825    9.995800618407193
7826    9.9960853962293
7827    9.996360177966842
7828    9.99662496334504
7829    9.99687975209911
7830    9.997124543974262
7831    9.9973593387257
7832    9.997584136118633
7833    9.997798935928262
7834    9.998003737939786
7835    9.998198541948412
7836    9.998383347759324
7837    9.998558155187723
7838    9.998722964058802
7839    9.998877774207747
7840    9.999022585479752
7841    9.999157397730006
7842    9.999282210823694
7843    9.999397024636005
7844    9.999501839052124
7845    9.99959665396724
7846    9.999681469286532
7847    9.999756284925189
7848    9.999821100808395
7849    9.999875916871334
7850    9.999920733059188
7851    9.999955549327142
7852    9.999980365640381
7853    9.999995181974088
7854    9.999999998313445
7855    9.99999481465364
7856    9.999979630999851
7857    9.999954447367266
7858    9.999919263781063
7859    9.999874080276433
7860    9.999818896898557
7861    9.999753713702615
7862    9.999678530753792
7863    9.999593348127275
7864    9.999498165908241
7865    9.999392984191875
7866    9.999277803083357
7867    9.99915262269787
7868    9.999017443160593
7869    9.998872264606707
7870    9.998717087181388
7871    9.998551911039819
7872    9.998376736347167
7873    9.998191563278615
7874    9.997996392019333
7875    9.997791222764493
7876    9.99757605571926
7877    9.997350891098806
7878    9.997115729128295
7879    9.996870570042887
7880    9.996615414087742
7881    9.996350261518016
7882    9.996075112598863
7883    9.995789967605427
7884    9.99549482682286
7885    9.995189690546296
7886    9.994874559080875
7887    9.994549432741731
7888    9.994214311853984
7889    9.99386919675276
7890    9.993514087783169
7891    9.993148985300326
7892    9.992773889669328
7893    9.992388801265276
7894    9.991993720473253
7895    9.991588647688344
7896    9.99117358331562
7897    9.990748527770144
7898    9.990313481476973
7899    9.989868444871153
7900    9.98941341839772
7901    9.988948402511701
7902    9.988473397678113
7903    9.98798840437196
7904    9.987493423078234
7905    9.98698845429192
7906    9.98647349851798
7907    9.985948556271376
7908    9.985413628077046
7909    9.984868714469922
7910    9.984313815994915
7911    9.983748933206924
7912    9.983174066670832
7913    9.982589216961504
7914    9.98199438466379
7915    9.981389570372526
7916    9.980774774692524
7917    9.980149998238575
7918    9.979515241635463
7919    9.97887050551794
7920    9.978215790530744
7921    9.977551097328586
7922    9.976876426576165
7923    9.976191778948149
7924    9.975497155129181
7925    9.974792555813893
7926    9.974077981706882
7927    9.973353433522718
7928    9.972618911985952
7929    9.971874417831105
7930    9.971119951802672
7931    9.970355514655115
7932    9.969581107152877
7933    9.968796730070363
7934    9.968002384191948
7935    9.96719807031198
7936    9.966383789234772
7937    9.965559541774606
7938    9.96472532875573
7939    9.963881151012352
7940    9.963027009388655
7941    9.96216290473878
7942    9.96128883792683
7943    9.960404809826873
7944    9.959510821322935
7945    9.958606873309007
7946    9.957692966689034
7947    9.956769102376924
7948    9.95583528129654
7949    9.954891504381706
7950    9.953937772576198
7951    9.952974086833747
7952    9.952000448118039
7953    9.95101685740271
7954    9.950023315671356
7955    9.949019823917512
7956    9.948006383144673
7957    9.946982994366282
7958    9.945949658605725
7959    9.944906376896341
7960    9.943853150281404
7961    9.942789979814147
7962    9.94171686655774
7963    9.940633811585293
7964    9.939540815979864
7965    9.938437880834448
7966    9.937325007251978
7967    9.936202196345329
7968    9.935069449237313
7969    9.933926767060676
7970    9.932774150958098
7971    9.931611602082198
7972    9.930439121595523
7973    9.929256710670554
7974    9.9280643704897
7975    9.926862102245305
7976    9.925649907139634
7977    9.924427786384882
7978    9.923195741203175
7979    9.92195377282655
7980    9.920701882496978
7981    9.919440071466354
7982    9.918168340996482
7983    9.916886692359098
7984    9.915595126835846
7985    9.914293645718296
7986    9.912982250307925
7987    9.911660941916129
7988    9.910329721864217
7989    9.90898859148341
7990    9.907637552114835
7991    9.906276605109538
7992    9.904905751828457
7993    9.903524993642451
7994    9.90213433193228
7995    9.900733768088596
7996    9.899323303511972
7997    9.89790293961287
7998    9.896472677811653
7999    9.895032519538583
8000    9.893582466233816
8001    9.892122519347412
8002    9.890652680339308
8003    9.88917295067935
8004    9.887683331847267
8005    9.88618382533267
8006    9.88467443263508
8007    9.883155155263877
8008    9.881625994738345
8009    9.880086952587636
8010    9.878538030350802
8011    9.87697922957676
8012    9.875410551824311
8013    9.873831998662132
8014    9.872243571668779
8015    9.870645272432675
8016    9.869037102552124
8017    9.867419063635293
8018    9.865791157300217
8019    9.864153385174808
8020    9.862505748896838
8021    9.860848250113937
8022    9.859180890483609
8023    9.857503671673214
8024    9.855816595359968
8025    9.854119663230946
8026    9.852412876983085
8027    9.850696238323165
8028    9.848969748967827
8029    9.847233410643565
8030    9.84548722508671
8031    9.84373119404345
8032    9.841965319269818
8033    9.840189602531687
8034    9.838404045604772
8035    9.83660865027463
8036    9.834803418336662
8037    9.83298835159609
8038    9.83116345186799
8039    9.829328720977257
8040    9.827484160758623
8041    9.82562977305664
8042    9.823765559725711
8043    9.821891522630038
8044    9.82000766364366
8045    9.818113984650436
8046    9.816210487544048
8047    9.814297174227988
8048    9.812374046615574
8049    9.81044110662993
8050    9.808498356203994
8051    9.806545797280524
8052    9.804583431812075
8053    9.802611261761005
8054    9.800629289099493
8055    9.798637515809512
8056    9.79663594388283
8057    9.794624575321015
8058    9.792603412135445
8059    9.790572456347283
8060    9.788531709987474
8061    9.786481175096775
8062    9.784420853725715
8063    9.782350747934613
8064    9.780270859793584
8065    9.77818119138251
8066    9.776081744791053
8067    9.773972522118672
8068    9.771853525474583
8069    9.769724756977778
8070    9.767586218757037
8071    9.765437912950887
8072    9.763279841707641
8073    9.761112007185362
8074    9.758934411551893
8075    9.756747056984826
8076    9.75454994567151
8077    9.752343079809068
8078    9.750126461604355
8079    9.74790009327399
8080    9.745663977044348
8081    9.743418115151544
8082    9.741162509841432
8083    9.738897163369623
8084    9.736622078001465
8085    9.734337256012035
8086    9.732042699686167
8087    9.729738411318404
8088    9.727424393213045
8089    9.7251006476841
8090    9.72276717705532
8091    9.720423983660174
8092    9.71807106984185
8093    9.715708437953268
8094    9.713336090357062
8095    9.710954029425567
8096    9.70856225754086
8097    9.706160777094702
8098    9.70374959048857
8099    9.701328700133663
8100    9.698898108450864
8101    9.69645781787076
8102    9.69400783083365
8103    9.691548149789517
8104    9.689078777198043
8105    9.686599715528594
8106    9.68411096726024
8107    9.681612534881728
8108    9.679104420891482
8109    9.676586627797628
8110    9.674059158117949
8111    9.671522014379915
8112    9.668975199120679
8113    9.666418714887048
8114    9.663852564235505
8115    9.661276749732206
8116    9.658691273952961
8117    9.656096139483244
8118    9.653491348918198
8119    9.650876904862605
8120    9.648252809930913
8121    9.645619066747209
8122    9.642975677945248
8123    9.640322646168414
8124    9.637659974069729
8125    9.634987664311883
8126    9.632305719567173
8127    9.629614142517537
8128    9.62691293585457
8129    9.624202102279469
8130    9.621481644503064
8131    9.61875156524582
8132    9.61601186723781
8133    9.613262553218735
8134    9.610503625937907
8135    9.607735088154255
8136    9.604956942636315
8137    9.602169192162231
8138    9.599371839519758
8139    9.596564887506247
8140    9.593748338928641
8141    9.590922196603502
8142    9.588086463356966
8143    9.58524114202476
8144    9.582386235452216
8145    9.579521746494235
8146    9.576647678015298
8147    9.573764032889489
8148    9.570870814000445
8149    9.567968024241384
8150    9.565055666515091
8151    9.562133743733934
8152    9.55920225881983
8153    9.556261214704259
8154    9.553310614328273
8155    9.55035046064247
8156    9.547380756606998
8157    9.54440150519157
8158    9.54141270937543
8159    9.538414372147372
8160    9.535406496505741
8161    9.53238908545841
8162    9.529362142022784
8163    9.52632566922581
8164    9.523279670103964
8165    9.520224147703242
8166    9.51715910507916
8167    9.51408454529677
8168    9.511000471430629
8169    9.507906886564802
8170    9.50480379379289
8171    9.50169119621797
8172    9.498569096952647
8173    9.495437499119019
8174    9.492296405848686
8175    9.489145820282733
8176    9.485985745571753
8177    9.48281618487582
8178    9.479637141364487
8179    9.476448618216805
8180    9.473250618621298
8181    9.470043145775962
8182    9.466826202888262
8183    9.463599793175156
8184    9.460363919863042
8185    9.457118586187793
8186    9.453863795394751
8187    9.450599550738703
8188    9.447325855483886
8189    9.444042712904004
8190    9.440750126282197
8191    9.437448098911043
8192    9.434136634092585
8193    9.43081573513828
8194    9.427485405369017
8195    9.424145648115143
8196    9.420796466716405
8197    9.417437864521984
8198    9.414069844890479
8199    9.410692411189919
8200    9.407305566797731
8201    9.403909315100757
8202    9.400503659495254
8203    9.397088603386875
8204    9.393664150190672
8205    9.390230303331109
8206    9.386787066242023
8207    9.383334442366646
8208    9.379872435157617
8209    9.376401048076934
8210    9.372920284595976
8211    9.369430148195521
8212    9.3659306423657
8213    9.362421770606018
8214    9.358903536425338
8215    9.355375943341908
8216    9.351838994883314
8217    9.348292694586497
8218    9.344737045997771
8219    9.341172052672778
8220    9.337597718176507
8221    9.3340140460833
8222    9.330421039976825
8223    9.326818703450083
8224    9.323207040105418
8225    9.319586053554492
8226    9.315955747418284
8227    9.312316125327106
8228    9.308667190920584
8229    9.305008947847647
8230    9.301341399766526
8231    9.297664550344791
8232    9.293978403259278
8233    9.290282962196132
8234    9.286578230850804
8235    9.282864212928018
8236    9.279140912141786
8237    9.275408332215422
8238    9.271666476881501
8239    9.267915349881864
8240    9.26415495496766
8241    9.260385295899273
8242    9.256606376446356
8243    9.252818200387837
8244    9.24902077151189
8245    9.245214093615944
8246    9.241398170506669
8247    9.237573005999998
8248    9.23373860392109
8249    9.229894968104343
8250    9.226042102393404
8251    9.222180010641129
8252    9.218308696709606
8253    9.214428164470162
8254    9.210538417803322
8255    9.206639460598822
8256    9.202731296755639
8257    9.198813930181924
8258    9.194887364795045
8259    9.190951604521564
8260    9.187006653297248
8261    9.183052515067045
8262    9.179089193785085
8263    9.175116693414704
8264    9.171135017928393
8265    9.167144171307822
8266    9.16314415754385
8267    9.159134980636486
8268    9.155116644594896
8269    9.15108915343743
8270    9.147052511191577
8271    9.143006721893965
8272    9.1389517895904
8273    9.134887718335808
8274    9.13081451219426
8275    9.126732175238953
8276    9.122640711552236
8277    9.11854012522557
8278    9.11443042035953
8279    9.110311601063838
8280    9.106183671457304
8281    9.10204663566785
8282    9.097900497832526
8283    9.093745262097462
8284    9.089580932617887
8285    9.085407513558142
8286    9.081225009091643
8287    9.077033423400882
8288    9.072832760677466
8289    9.06862302512204
8290    9.064404220944347
8291    9.06017635236318
8292    9.055939423606425
8293    9.051693438910998
8294    9.047438402522884
8295    9.043174318697126
8296    9.038901191697802
8297    9.034619025798033
8298    9.030327825279997
8299    9.02602759443489
8300    9.021718337562932
8301    9.017400058973399
8302    9.013072762984555
8303    9.008736453923694
8304    9.004391136127134
8305    9.000036813940193
8306    8.995673491717183
8307    8.991301173821427
8308    8.986919864625252
8309    8.98252956850996
8310    8.978130289865845
8311    8.973722033092194
8312    8.969304802597255
8313    8.964878602798256
8314    8.960443438121409
8315    8.955999313001868
8316    8.951546231883757
8317    8.947084199220164
8318    8.942613219473118
8319    8.938133297113591
8320    8.93364443662152
8321    8.929146642485755
8322    8.924639919204091
8323    8.920124271283246
8324    8.91559970323888
8325    8.911066219595556
8326    8.906523824886744
8327    8.901972523654859
8328    8.89741232045119
8329    8.892843219835937
8330    8.888265226378211
8331    8.883678344656
8332    8.879082579256178
8333    8.874477934774523
8334    8.869864415815671
8335    8.865242026993137
8336    8.860610772929322
8337    8.855970658255474
8338    8.851321687611701
8339    8.846663865646976
8340    8.841997197019127
8341    8.837321686394818
8342    8.832637338449553
8343    8.827944157867693
8344    8.82324214934241
8345    8.818531317575706
8346    8.813811667278426
8347    8.809083203170212
8348    8.804345929979522
8349    8.799599852443645
8350    8.79484497530865
8351    8.790081303329401
8352    8.785308841269591
8353    8.780527593901672
8354    8.77573756600689
8355    8.770938762375266
8356    8.766131187805618
8357    8.761314847105513
8358    8.756489745091283
8359    8.751655886588047
8360    8.746813276429654
8361    8.741961919458701
8362    8.73710182052657
8363    8.732232984493344
8364    8.727355416227853
8365    8.722469120607682
8366    8.717574102519116
8367    8.712670366857166
8368    8.707757918525585
8369    8.702836762436812
8370    8.697906903512
8371    8.692968346681
8372    8.68802109688239
8373    8.683065159063402
8374    8.678100538179974
8375    8.673127239196738
8376    8.668145267086986
8377    8.663154626832679
8378    8.658155323424477
8379    8.653147361861672
8380    8.648130747152218
8381    8.643105484312748
8382    8.638071578368512
8383    8.633029034353418
8384    8.627977857309999
8385    8.622918052289455
8386    8.617849624351573
8387    8.612772578564776
8388    8.607686920006127
8389    8.602592653761278
8390    8.597489784924484
8391    8.592378318598627
8392    8.587258259895169
8393    8.582129613934155
8394    8.576992385844257
8395    8.571846580762681
8396    8.566692203835235
8397    8.561529260216306
8398    8.55635775506883
8399    8.551177693564314
8400    8.545989080882803
8401    8.54079192221294
8402    8.53558622275186
8403    8.530371987705262
8404    8.525149222287396
8405    8.519917931721016
8406    8.51467812123741
8407    8.509429796076398
8408    8.504172961486299
8409    8.498907622723939
8410    8.493633785054673
8411    8.488351453752331
8412    8.48306063409923
8413    8.477761331386215
8414    8.472453550912574
8415    8.467137297986088
8416    8.461812577923
8417    8.45647939604805
8418    8.451137757694408
8419    8.4457876682037
8420    8.440429132926042
8421    8.435062157219951
8422    8.429686746452397
8423    8.424302905998807
8424    8.418910641243016
8425    8.413509957577274
8426    8.408100860402286
8427    8.40268335512714
8428    8.397257447169325
8429    8.391823141954776
8430    8.386380444917782
8431    8.380929361501044
8432    8.375469897155632
8433    8.370002057341031
8434    8.364525847525071
8435    8.359041273183948
8436    8.35354833980226
8437    8.348047052872928
8438    8.342537417897228
8439    8.337019440384818
8440    8.33149312585366
8441    8.325958479830062
8442    8.320415507848686
8443    8.314864215452497
8444    8.309304608192775
8445    8.30373669162915
8446    8.29816047132952
8447    8.292575952870113
8448    8.286983141835435
8449    8.281382043818313
8450    8.275772664419842
8451    8.270155009249383
8452    8.264529083924614
8453    8.25889489407145
8454    8.253252445324069
8455    8.247601743324942
8456    8.241942793724759
8457    8.236275602182458
8458    8.23060017436525
8459    8.224916515948557
8460    8.219224632616022
8461    8.21352453005955
8462    8.207816213979234
8463    8.202099690083381
8464    8.196374964088518
8465    8.190642041719382
8466    8.184900928708887
8467    8.179151630798135
8468    8.173394153736444
8469    8.16762850328128
8470    8.161854685198284
8471    8.156072705261293
8472    8.150282569252276
8473    8.14448428296136
8474    8.138677852186847
8475    8.132863282735162
8476    8.12704058042086
8477    8.121209751066669
8478    8.115370800503403
8479    8.10952373457001
8480    8.103668559113549
8481    8.097805279989213
8482    8.091933903060275
8483    8.086054434198095
8484    8.080166879282169
8485    8.074271244200032
8486    8.068367534847317
8487    8.062455757127747
8488    8.056535916953095
8489    8.050608020243185
8490    8.044672072925938
8491    8.038728080937284
8492    8.032776050221214
8493    8.026815986729769
8494    8.020847896423009
8495    8.014871785269019
8496    8.008887659243904
8497    8.002895524331805
8498    7.996895386524851
8499    7.990887251823166
8500    7.984871126234903
8501    7.978847015776181
8502    7.972814926471097
8503    7.966774864351763
8504    7.960726835458226
8505    7.954670845838509
8506    7.948606901548617
8507    7.942535008652487
8508    7.936455173222011
8509    7.930367401337012
8510    7.924271699085283
8511    7.918168072562515
8512    7.912056527872325
8513    7.905937071126275
8514    7.899809708443815
8515    7.893674445952293
8516    7.887531289786992
8517    7.881380246091061
8518    7.875221321015529
8519    7.8690545207193425
8520    7.862879851369294
8521    7.856697319140035
8522    7.850506930214123
8523    7.844308690781936
8524    7.838102607041711
8525    7.831888685199522
8526    7.8256669314693115
8527    7.819437352072821
8528    7.81319995323962
8529    7.806954741207126
8530    7.800701722220543
8531    7.794440902532875
8532    7.788172288404969
8533    7.78189588610542
8534    7.7756117019106235
8535    7.769319742104783
8536    7.763020012979848
8537    7.7567125208355385
8538    7.750397271979364
8539    7.744074272726563
8540    7.737743529400134
8541    7.73140504833081
8542    7.725058835857094
8543    7.718704898325186
8544    7.712343242089009
8545    7.7059738735102465
8546    7.699596798958251
8547    7.693212024810089
8548    7.686819557450552
8549    7.6804194032721
8550    7.6740115686748736
8551    7.667596060066727
8552    7.661172883863163
8553    7.654742046487339
8554    7.648303554370118
8555    7.641857413949982
8556    7.635403631673068
8557    7.628942213993147
8558    7.622473167371659
8559    7.615996498277638
8560    7.6095122131877435
8561    7.603020318586281
8562    7.596520820965134
8563    7.590013726823786
8564    7.583499042669356
8565    7.576976775016515
8566    7.57044693038752
8567    7.563909515312236
8568    7.557364536328069
8569    7.55081199997998
8570    7.544251912820533
8571    7.537684281409804
8572    7.53110911231542
8573    7.524526412112541
8574    7.517936187383888
8575    7.511338444719674
8576    7.504733190717628
8577    7.498120431983031
8578    7.4915001751286265
8579    7.484872426774657
8580    7.478237193548899
8581    7.4715944820865685
8582    7.4649442990303685
8583    7.458286651030502
8584    7.451621544744608
8585    7.444948986837776
8586    7.43826898398259
8587    7.431581542859041
8588    7.424886670154567
8589    7.418184372564031
8590    7.4114746567897525
8591    7.404757529541434
8592    7.39803299753619
8593    7.391301067498579
8594    7.384561746160516
8595    7.37781504026131
8596    7.371060956547691
8597    7.364299501773729
8598    7.357530682700867
8599    7.350754506097948
8600    7.343970978741133
8601    7.337180107413942
8602    7.330381898907267
8603    7.3235763600193025
8604    7.3167634975555895
8605    7.309943318328975
8606    7.303115829159665
8607    7.2962810368751345
8608    7.289438948310163
8609    7.282589570306862
8610    7.275732909714598
8611    7.268868973390019
8612    7.261997768197082
8613    7.255119301006984
8614    7.248233578698177
8615    7.241340608156408
8616    7.2344403962746355
8617    7.227532949953055
8618    7.22061827609914
8619    7.213696381627551
8620    7.206767273460179
8621    7.1998309585261255
8622    7.192887443761723
8623    7.185936736110479
8624    7.178978842523083
8625    7.172013769957456
8626    7.165041525378656
8627    7.158062115758916
8628    7.15107554807767
8629    7.144081829321471
8630    7.137080966484025
8631    7.13007296656622
8632    7.123057836576042
8633    7.116035583528623
8634    7.1090062144461985
8635    7.101969736358165
8636    7.094926156300987
8637    7.087875481318233
8638    7.0808177184606
8639    7.07375287478584
8640    7.06668095735878
8641    7.059601973251364
8642    7.052515929542564
8643    7.04542283331841
8644    7.038322691672021
8645    7.031215511703528
8646    7.024101300520096
8647    7.016980065235963
8648    7.009851812972348
8649    7.002716550857505
8650    6.99557428602668
8651    6.988425025622166
8652    6.981268776793209
8653    6.974105546696045
8654    6.966935342493926
8655    6.959758171357047
8656    6.952574040462564
8657    6.9453829569946315
8658    6.938184928144321
8659    6.930979961109648
8660    6.923768063095605
8661    6.9165492413140734
8662    6.909323502983866
8663    6.902090855330744
8664    6.894851305587343
8665    6.88760486099321
8666    6.880351528794776
8667    6.873091316245401
8668    6.8658242306052815
8669    6.858550279141491
8670    6.851269469128007
8671    6.843981807845623
8672    6.836687302581988
8673    6.829385960631636
8674    6.822077789295889
8675    6.814762795882912
8676    6.807440987707717
8677    6.800112372092102
8678    6.79277695636467
8679    6.78543474786086
8680    6.778085753922866
8681    6.770729981899686
8682    6.763367439147073
8683    6.755998133027599
8684    6.748622070910554
8685    6.741239260171987
8686    6.733849708194735
8687    6.726453422368337
8688    6.719050410089064
8689    6.711640678759952
8690    6.704224235790723
8691    6.696801088597801
8692    6.689371244604364
8693    6.681934711240238
8694    6.674491495941947
8695    6.6670416061527265
8696    6.659585049322457
8697    6.652121832907694
8698    6.644651964371637
8699    6.637175451184183
8700    6.629692300821834
8701    6.622202520767721
8702    6.614706118511652
8703    6.607203101550015
8704    6.599693477385815
8705    6.5921772535287015
8706    6.584654437494883
8707    6.577125036807162
8708    6.569589058994967
8709    6.56204651159426
8710    6.5544974021475735
8711    6.546941738204046
8712    6.5393795273193245
8713    6.531810777055621
8714    6.5242354949816725
8715    6.516653688672785
8716    6.509065365710752
8717    6.501470533683883
8718    6.493869200187036
8719    6.486261372821528
8720    6.478647059195175
8721    6.471026266922317
8722    6.463399003623731
8723    6.455765276926666
8724    6.448125094464876
8725    6.440478463878528
8726    6.432825392814241
8727    6.425165888925109
8728    6.417499959870625
8729    6.409827613316716
8730    6.402148856935712
8731    6.394463698406401
8732    6.386772145413922
8733    6.379074205649817
8734    6.371369886812053
8735    6.363659196604932
8736    6.3559421427391305
8737    6.3482187329317314
8738    6.340488974906127
8739    6.332752876392062
8740    6.325010445125663
8741    6.317261688849345
8742    6.30950661531185
8743    6.301745232268282
8744    6.293977547480005
8745    6.286203568714705
8746    6.278423303746347
8747    6.270636760355223
8748    6.262843946327859
8749    6.25504486945706
8750    6.247239537541924
8751    6.239427958387773
8752    6.231610139806167
8753    6.223786089614956
8754    6.215955815638175
8755    6.208119325706081
8756    6.200276627655192
8757    6.192427729328193
8758    6.1845726385739805
8759    6.176711363247631
8760    6.1688439112104465
8761    6.160970290329866
8762    6.153090508479494
8763    6.14520457353914
8764    6.137312493394725
8765    6.129414275938313
8766    6.121509929068151
8767    6.113599460688569
8768    6.105682878710022
8769    6.0977601910491215
8770    6.089831405628535
8771    6.081896530377038
8772    6.07395557322953
8773    6.066008542126956
8774    6.058055445016346
8775    6.050096289850781
8776    6.042131084589444
8777    6.034159837197527
8778    6.02618255564626
8779    6.018199247912956
8780    6.010209921980904
8781    6.0022145858394165
8782    5.994213247483858
8783    5.986205914915551
8784    5.978192596141814
8785    5.970173299175993
8786    5.962148032037371
8787    5.9541168027512
8788    5.946079619348735
8789    5.938036489867148
8790    5.929987422349566
8791    5.921932424845039
8792    5.913871505408597
8793    5.905804672101142
8794    5.897731932989493
8795    5.889653296146417
8796    5.881568769650535
8797    5.873478361586358
8798    5.865382080044325
8799    5.857279933120701
8800    5.849171928917617
8801    5.841058075543105
8802    5.832938381111005
8803    5.824812853740996
8804    5.816681501558633
8805    5.808544332695253
8806    5.800401355288024
8807    5.792252577479909
8808    5.784098007419712
8809    5.775937653261992
8810    5.7677715231670845
8811    5.759599625301149
8812    5.751421967836069
8813    5.743238558949485
8814    5.735049406824834
8815    5.726854519651257
8816    5.71865390562362
8817    5.71044757294257
8818    5.702235529814425
8819    5.694017784451208
8820    5.685794345070696
8821    5.677565219896313
8822    5.669330417157184
8823    5.6610899450880945
8824    5.652843811929548
8825    5.6445920259276585
8826    5.6363345953342
8827    5.628071528406631
8828    5.619802833408001
8829    5.611528518606992
8830    5.603248592277947
8831    5.594963062700776
8832    5.586671938160996
8833    5.578375226949755
8834    5.570072937363753
8835    5.561765077705264
8836    5.553451656282175
8837    5.545132681407893
8838    5.536808161401391
8839    5.528478104587174
8840    5.520142519295328
8841    5.5118014138614235
8842    5.503454796626549
8843    5.495102675937351
8844    5.486745060145936
8845    5.478381957609902
8846    5.470013376692383
8847    5.461639325761942
8848    5.453259813192617
8849    5.4448748473639474
8850    5.4364844366608835
8851    5.4280885894738224
8852    5.419687314198638
8853    5.4112806192365905
8854    5.402868512994375
8855    5.394451003884083
8856    5.3860281003232515
8857    5.377599810734767
8858    5.369166143546906
8859    5.360727107193363
8860    5.352282710113161
8861    5.34383296075068
8862    5.335377867555697
8863    5.326917438983291
8864    5.318451683493877
8865    5.309980609553237
8866    5.301504225632429
8867    5.293022540207822
8868    5.284535561761131
8869    5.276043298779319
8870    5.267545759754649
8871    5.259042953184642
8872    5.250534887572135
8873    5.242021571425178
8874    5.233503013257072
8875    5.224979221586404
8876    5.216450204936948
8877    5.207915971837709
8878    5.199376530822946
8879    5.190831890432085
8880    5.182282059209752
8881    5.173727045705806
8882    5.165166858475246
8883    5.156601506078258
8884    5.148030997080178
8885    5.139455340051546
8886    5.130874543568001
8887    5.1222886162103265
8888    5.113697566564476
8889    5.105101403221487
8890    5.096500134777504
8891    5.087893769833826
8892    5.079282316996801
8893    5.070665784877869
8894    5.062044182093589
8895    5.05341751726555
8896    5.0447857990203975
8897    5.036149035989883
8898    5.027507236810752
8899    5.018860410124802
8900    5.010208564578846
8901    5.001551708824759
8902    4.9928898515193785
8903    4.984223001324548
8904    4.975551166907146
8905    4.966874356938993
8906    4.958192580096881
8907    4.9495058450626175
8908    4.940814160522921
8909    4.932117535169461
8910    4.923415977698892
8911    4.914709496812755
8912    4.905998101217516
8913    4.8972817996246
8914    4.888560600750292
8915    4.8798345133157905
8916    4.871103546047167
8917    4.86236770767542
8918    4.85362700693637
8919    4.844881452570701
8920    4.836131053324
8921    4.827375817946647
8922    4.818615755193865
8923    4.809850873825743
8924    4.80108118260715
8925    4.792306690307758
8926    4.78352740570209
8927    4.774743337569415
8928    4.765954494693785
8929    4.7571608858640735
8930    4.748362519873872
8931    4.739559405521546
8932    4.730751551610195
8933    4.721938966947701
8934    4.713121660346634
8935    4.704299640624285
8936    4.695472916602701
8937    4.686641497108592
8938    4.6778053909733615
8939    4.668964607033145
8940    4.6601191541287115
8941    4.651269041105495
8942    4.642414276813643
8943    4.6335548701079
8944    4.624690829847657
8945    4.615822164896985
8946    4.606948884124533
8947    4.598070996403581
8948    4.589188510612
8949    4.580301435632306
8950    4.5714097803515585
8951    4.562513553661395
8952    4.553612764458076
8953    4.54470742164237
8954    4.535797534119605
8955    4.526883110799701
8956    4.517964160597064
8957    4.509040692430625
8958    4.500112715223887
8959    4.491180237904808
8960    4.48224326940585
8961    4.473301818664011
8962    4.464355894620727
8963    4.455405506221919
8964    4.446450662417962
8965    4.437491372163729
8966    4.428527644418492
8967    4.419559488145965
8968    4.410586912314333
8969    4.401609925896158
8970    4.392628537868406
8971    4.383642757212498
8972    4.3746525929142
8973    4.365658053963657
8974    4.356659149355439
8975    4.347655888088436
8976    4.33864827916589
8977    4.329636331595443
8978    4.320620054389025
8979    4.311599456562913
8980    4.302574547137688
8981    4.2935453351382895
8982    4.284511829593914
8983    4.275474039538049
8984    4.266431974008518
8985    4.257385642047368
8986    4.248335052700916
8987    4.239280215019781
8988    4.230221138058783
8989    4.221157830876984
8990    4.212090302537722
8991    4.203018562108508
8992    4.193942618661067
8993    4.184862481271372
8994    4.175778159019544
8995    4.166689660989907
8996    4.1575969962709385
8997    4.1485001739553375
8998    4.139399203139907
8999    4.1302940929256025
9000    4.121184852417565
9001    4.11207149072502
9002    4.10295401696131
9003    4.093832440243941
9004    4.084706769694472
9005    4.07557701443856
9006    4.066443183605987
9007    4.05730528633057
9008    4.048163331750205
9009    4.039017329006829
9010    4.029867287246478
9011    4.020713215619174
9012    4.011555123278974
9013    4.002393019384002
9014    3.993226913096343
9015    3.984056813582087
9016    3.9748827300113665
9017    3.9657046715582474
9018    3.9565226474007704
9019    3.9473366667209926
9020    3.9381467387048765
9021    3.9289528725423333
9022    3.9197550774272623
9023    3.9105533625574393
9024    3.901347737134581
9025    3.892138210364293
9026    3.8829247914561362
9027    3.873707489623511
9028    3.864486314083703
9029    3.855261274057919
9030    3.8460323787711825
9031    3.836799637452371
9032    3.8275630593342584
9033    3.8183226536534063
9034    3.809078429650201
9035    3.7998303965689
9036    3.7905785636575198
9037    3.781322940167875
9038    3.7720635353556213
9039    3.7628003584801473
9040    3.753533418804628
9041    3.744262725595986
9042    3.7349882881249474
9043    3.725710115665932
9044    3.716428217497094
9045    3.707142602900365
9046    3.697853281161342
9047    3.68856026156933
9048    3.6792635534173805
9049    3.6699631660021836
9050    3.66065910862411
9051    3.6513513905872497
9052    3.6420400211993034
9053    3.6327250097716224
9054    3.6234063656192506
9055    3.614084098060816
9056    3.604758216418584
9057    3.595428730018419
9058    3.5860956481898403
9059    3.5767589802659128
9060    3.567418735583286
9061    3.5580749234822378
9062    3.5487275533065628
9063    3.539376634403613
9064    3.5300221761243407
9065    3.5206641878231864
9066    3.5113026788581214
9067    3.5019376585906867
9068    3.4925691363858844
9069    3.483197121612221
9070    3.4738216236417423
9071    3.46444265184993
9072    3.4550602156157546
9073    3.4456743243216343
9074    3.4362849873534933
9075    3.426892214100652
9076    3.417496013955865
9077    3.408096396315366
9078    3.3986933705787545
9079    3.3892869461490385
9080    3.379877132432677
9081    3.370463938839463
9082    3.361047374782575
9083    3.351627449678609
9084    3.3422041729474725
9085    3.332777554012425
9086    3.3233476023001183
9087    3.3139143272404854
9088    3.304477738266802
9089    3.2950378448156386
9090    3.285594656326922
9091    3.2761481822438228
9092    3.266698432012797
9093    3.2572454150836294
9094    3.247789140909317
9095    3.2383296189461186
9096    3.2288668586535874
9097    3.2194008694944665
9098    3.209931660934728
9099    3.2004592424436122
9100    3.1909836234935214
9101    3.1815048135600557
9102    3.1720228221220585
9103    3.1625376586615035
9104    3.1530493326635534
9105    3.1435578536165165
9106    3.134063231011905
9107    3.1245654743443234
9108    3.1150645931115113
9109    3.1055605968143825
9110    3.096053494956915
9111    3.0865432970461946
9112    3.077030012592451
9113    3.0675136511089507
9114    3.057994222112039
9115    3.048471735121176
9116    3.0389461996588323
9117    3.0294176252505247
9118    3.0198860214248624
9119    3.0103513977134293
9120    3.0008137636508496
9121    2.99127312877474
9122    2.9817295026257673
9123    2.9721828947475406
9124    2.9626333146866495
9125    2.9530807719927075
9126    2.94352527621824
9127    2.933966836918725
9128    2.9244054636526338
9129    2.914841165981323
9130    2.905273953469072
9131    2.895703835683127
9132    2.8861308221935875
9133    2.8765549225734652
9134    2.866976146398644
9135    2.8573945032479324
9136    2.847810002702956
9137    2.8382226543481965
9138    2.828632467771037
9139    2.8190394525616447
9140    2.809443618313018
9141    2.799844974621024
9142    2.790243531084289
9143    2.7806392973042375
9144    2.7710322828851384
9145    2.761422497433987
9146    2.7518099505605513
9147    2.7421946518774116
9148    2.7325766109998484
9149    2.7229558375459018
9150    2.7133323411363275
9151    2.703706131394655
9152    2.694077217947077
9153    2.6844456104224883
9154    2.6748113184525297
9155    2.665174351671476
9156    2.655534719716275
9157    2.645892432226593
9158    2.6362474988446993
9159    2.6265999292155096
9160    2.6169497329866265
9161    2.6072969198082276
9162    2.5976414993331103
9163    2.587983481216727
9164    2.578322875117078
9165    2.5686596906947683
9166    2.5589939376129656
9167    2.5493256255374552
9168    2.539654764136532
9169    2.5299813630810384
9170    2.520305432044411
9171    2.5106269807025607
9172    2.500946018733922
9173    2.49126255581949
9174    2.4815766016427094
9175    2.471888165889517
9176    2.4621972582483824
9177    2.452503888410194
9178    2.442808066068305
9179    2.43310980091857
9180    2.423409102659238
9181    2.413705980991004
9182    2.404000445616974
9183    2.3942925062427154
9184    2.3845821725761502
9185    2.3748694543275937
9186    2.3651543612097985
9187    2.355436902937839
9188    2.3457170892291557
9189    2.3359949298035954
9190    2.3262704343833
9191    2.316543612692747
9192    2.3068144744587915
9193    2.2970830294105546
9194    2.2873492872794614
9195    2.2776132577992896
9196    2.2678749507060494
9197    2.2581343757380474
9198    2.248391542635841
9199    2.2386464611422956
9200    2.2288991410024765
9201    2.2191495919636846
9202    2.209397823775503
9203    2.199643846189682
9204    2.1898876689601803
9205    2.18012930184321
9206    2.170368754597119
9207    2.160606036982437
9208    2.150841158761916
9209    2.1410741297004146
9210    2.131304959564945
9211    2.1215336581247106
9212    2.111760235150995
9213    2.10198470041722
9214    2.092207063698903
9215    2.082427334773714
9216    2.0726455234213637
9217    2.0628616394236445
9218    2.0530756925644758
9219    2.043287692629786
9220    2.033497649407556
9221    2.0237055726878634
9222    2.0139114722627665
9223    2.004115357926348
9224    1.9943172394747561
9225    1.984517126706091
9226    1.9747150294204472
9227    1.964910957419956
9228    1.9551049205086706
9229    1.945296928492628
9230    1.9354869911798014
9231    1.9256751183801626
9232    1.9158613199055659
9233    1.9060456055697914
9234    1.8962279851885873
9235    1.8864084685795566
9236    1.8765870655621966
9237    1.866763785957945
9238    1.8569386395900631
9239    1.847111636283679
9240    1.8372827858658298
9241    1.827452098165348
9242    1.8176195830129027
9243    1.8077852502410434
9244    1.7979491096840843
9245    1.7881111711781656
9246    1.7782714445612076
9247    1.7684299396729701
9248    1.7585866663549405
9249    1.7487416344503737
9250    1.7388948538043356
9251    1.7290463342635882
9252    1.7191960856766337
9253    1.709344117893754
9254    1.699490440766899
9255    1.6896350641497275
9256    1.67977799789765
9257    1.6699192518677144
9258    1.6600588359186663
9259    1.650196759910903
9260    1.6403330337065347
9261    1.6304676671692697
9262    1.6206006701644557
9263    1.6107320525591242
9264    1.6008618242218742
9265    1.5909899950229163
9266    1.581116574834113
9267    1.571241573528867
9268    1.5613650009821605
9269    1.5514868670706006
9270    1.5416071816723032
9271    1.5317259546669348
9272    1.5218431959357572
9273    1.5119589153615105
9274    1.5020731228284743
9275    1.492185828222423
9276    1.482297041430685
9277    1.4724067723420298
9278    1.4625150308467068
9279    1.4526218268364925
9280    1.4427271702045728
9281    1.4328310708455851
9282    1.4229335386556639
9283    1.4130345835323224
9284    1.4031342153744975
9285    1.3932324440825916
9286    1.383329279558358
9287    1.3734247317049426
9288    1.3635188104269271
9289    1.3536115256302153
9290    1.3437028872220906
9291    1.3337929051111728
9292    1.323881589207479
9293    1.3139689494223057
9294    1.3040549956682752
9295    1.2941397378593755
9296    1.2842231859108455
9297    1.2743053497392194
9298    1.2643862392623668
9299    1.2544658643993805
9300    1.2445442350706168
9301    1.2346213611977397
9302    1.224697252703604
9303    1.2147719195122997
9304    1.2048453715491951
9305    1.1949176187408193
9306    1.1849886710149244
9307    1.1750585383004395
9308    1.165127230527532
9309    1.1551947576274908
9310    1.1452611295327708
9311    1.1353263561770344
9312    1.1253904474950365
9313    1.1154534134226668
9314    1.1055152638969945
9315    1.0955760088561506
9316    1.0856356582393711
9317    1.075694221987042
9318    1.0657517100405802
9319    1.0558081323424797
9320    1.0458634988363524
9321    1.0359178194668137
9322    1.0259711041795414
9323    1.016023362921233
9324    1.006074605639664
9325    0.9961248422835731
9326    0.9861740828027054
9327    0.9762223371478547
9328    0.9662696152707481
9329    0.9563159271240893
9330    0.9463612826616005
9331    0.936405691837908
9332    0.9264491646085841
9333    0.9164917109301903
9334    0.9065333407601621
9335    0.8965740640568509
9336    0.8866138907795681
9337    0.8766528308884685
9338    0.8666908943446108
9339    0.8567280911099135
9340    0.8467644311472141
9341    0.8367999244201542
9342    0.8268345808932218
9343    0.8168684105317953
9344    0.8069014233020261
9345    0.7969336291708833
9346    0.7869650381061952
9347    0.7769956600765349
9348    0.7670255050512614
9349    0.7570545830005645
9350    0.7470829038953477
9351    0.7371104777072717
9352    0.7271373144087968
9353    0.7171634239730682
9354    0.7071888163739757
9355    0.6972135015861076
9356    0.687237489584814
9357    0.677260790346088
9358    0.6672834138466103
9359    0.6573053700637922
9360    0.6473266689756589
9361    0.6373473205608926
9362    0.6273673347988767
9363    0.6173867216695785
9364    0.607405491153592
9365    0.5974236532321828
9366    0.5874412178871703
9367    0.5774581951009709
9368    0.5674745948566424
9369    0.5574904271377663
9370    0.5475057019285096
9371    0.5375204292135787
9372    0.5275346189782811
9373    0.5175482812084087
9374    0.5075614258902803
9375    0.49757406301078616
9376    0.48758620255727037
9377    0.477597854517575
9378    0.46760902888008266
9379    0.45761973563360037
9380    0.4476299847674028
9381    0.43763978627127553
9382    0.4276491501353985
9383    0.41765808635040697
9384    0.4076666049073461
9385    0.397674715797732
9386    0.38768242901343536
9387    0.3776897545467242
9388    0.3676967023903077
9389    0.3577032825372195
9390    0.3477095049808608
9391    0.3377153797150438
9392    0.3277209167338753
9393    0.31772612603179967
9394    0.3077310176036421
9395    0.2977356014444926
9396    0.2877398875497488
9397    0.27774388591515914
9398    0.26774760653670665
9399    0.25775105941067
9400    0.24775425453357763
9401    0.23775720190226918
9402    0.2277599115137786
9403    0.21776239336537775
9404    0.20776465745461942
9405    0.19776671377922098
9406    0.18776857233710742
9407    0.177770243126455
9408    0.1677717361455742
9409    0.15777306139295352
9410    0.14777422886730235
9411    0.13777524856743464
9412    0.12777613049231207
9413    0.1177768846410874
9414    0.10777752101298792
9415    0.09777804960737642
9416    0.08777848042370569
9417    0.07777882346157959
9418    0.06777908872063654
9419    0.057779286200592646
9420    0.04777942590128512
9421    0.037779517822555675
9422    0.027779571964293797
9423    0.017779598326480038
9424    0.00777960690906943
9425    -0.0022203922879652028
9426    -0.012220389264589968
9427    -0.02222037402082649
9428    -0.032220336556708605
9429    -0.04222026687223907
9430    -0.0522201549675062
9431    -0.062219990842622704
9432    -0.07221976449777132
9433    -0.08221946593314369
9434    -0.092219085149057
9435    -0.10221861214591058
9436    -0.11221803692414278
9437    -0.12221734948434741
9438    -0.1322165398272305
9439    -0.142215597953567
9440    -0.15221451386431742
9441    -0.16221327756058443
9442    -0.1722118790435696
9443    -0.18221030831469012
9444    -0.19220855537553524
9445    -0.20220661022782327
9446    -0.21220446287351788
9447    -0.22220210331476734
9448    -0.2321995215539497
9449    -0.2421967075936122
9450    -0.25219365143658723
9451    -0.2621903430859496
9452    -0.2721867725449729
9453    -0.28218292981724646
9454    -0.29217880490663145
9455    -0.30217438781721806
9456    -0.31216966855344214
9457    -0.3221646371200414
9458    -0.3321592835220125
9459    -0.3421535977647279
9460    -0.3521475698538918
9461    -0.36214118979549736
9462    -0.37213444759594333
9463    -0.38212733326197273
9464    -0.39211983680071855
9465    -0.4021119482196424
9466    -0.4121036575266515
9467    -0.42209495473005526
9468    -0.4320858298385216
9469    -0.44207627286119416
9470    -0.45206627380764847
9471    -0.46205582268784895
9472    -0.4720449095122652
9473    -0.482033524291829
9474    -0.49202165703789097
9475    -0.5020092977623368
9476    -0.5119964364775446
9477    -0.5219830631963407
9478    -0.5319691679321172
9479    -0.54195474069877
9480    -0.5519397715107451
9481    -0.561924250382977
9482    -0.5719081673310051
9483    -0.5818915123709315
9484    -0.5918742755193763
9485    -0.6018564467935948
9486    -0.6118380162114344
9487    -0.621818973791291
9488    -0.6317993095522257
9489    -0.6417790135139213
9490    -0.651758075696639
9491    -0.6617364861213354
9492    -0.6717142348096184
9493    -0.681691311783705
9494    -0.6916677070665367
9495    -0.7016434106817188
9496    -0.7116184126535664
9497    -0.721592703007043
9498    -0.7315662717678768
9499    -0.7415391089625174
9500    -0.7515112046180932
9501    -0.7614825487625269
9502    -0.7714531314244931
9503    -0.7814229426333744
9504    -0.7913919724193781
9505    -0.8013602108134932
9506    -0.8113276478474465
9507    -0.8212942735538195
9508    -0.8312600779659874
9509    -0.8412250511181644
9510    -0.8511891830453426
9511    -0.8611524637834087
9512    -0.8711148833691006
9513    -0.8810764318399639
9514    -0.8910370992344687
9515    -0.9009968755919665
9516    -0.9109557509526459
9517    -0.9209137153576502
9518    -0.9308707588490337
9519    -0.9408268714697182
9520    -0.9507820432636097
9521    -0.9607362642755547
9522    -0.970689524551298
9523    -0.9806418141375974
9524    -0.9905931230821645
9525    -1.0005434414337087
9526    -1.0104927592418773
9527    -1.0204410665573707
9528    -1.0303883534319005
9529    -1.0403346099181447
9530    -1.050279826069866
9531    -1.0602239919418661
9532    -1.0701670975899453
9533    -1.080109133071016
9534    -1.0900500884430613
9535    -1.099989953765091
9536    -1.109928719097259
9537    -1.119866374500818
9538    -1.129802910038078
9539    -1.139738315772522
9540    -1.1496725817687456
9541    -1.1596056980925007
9542    -1.1695376548106367
9543    -1.1794684419912154
9544    -1.189398049703468
9545    -1.1993264680177522
9546    -1.2092536870056685
9547    -1.2191796967400161
9548    -1.229104487294751
9549    -1.239028048745101
9550    -1.2489503711675232
9551    -1.2588714446396607
9552    -1.2687912592404584
9553    -1.2787098050501202
9554    -1.2886270721500659
9555    -1.2985430506230469
9556    -1.3084577305530853
9557    -1.31837110202552
9558    -1.3282831551269452
9559    -1.3381938799453255
9560    -1.348103266569955
9561    -1.3580113050914129
9562    -1.3679179856016788
9563    -1.3778232981940906
9564    -1.3877272329633015
9565    -1.397629780005395
9566    -1.4075309294178426
9567    -1.4174306712994604
9568    -1.427328995750525
9569    -1.4372258928727306
9570    -1.4471213527691456
9571    -1.457015365544328
9572    -1.4669079213042666
9573    -1.4767990101564235
9574    -1.486688622209676
9575    -1.4965767475744298
9576    -1.5064633763625785
9577    -1.516348498687459
9578    -1.526232104663967
9579    -1.5361141844085153
9580    -1.5459947280389892
9581    -1.5558737256748645
9582    -1.5657511674371607
9583    -1.575627043448403
9584    -1.5855013438327326
9585    -1.5953740587158682
9586    -1.6052451782250607
9587    -1.6151146924892084
9588    -1.6249825916387985
9589    -1.63484886580595
9590    -1.6447135051243542
9591    -1.6545764997293901
9592    -1.6644378397580821
9593    -1.6742975153490551
9594    -1.684155516642653
9595    -1.6940118337808916
9596    -1.7038664569074198
9597    -1.7137193761676337
9598    -1.7235705817086313
9599    -1.7334200636791737
9600    -1.7432678122297964
9601    -1.75311381751277
9602    -1.7629580696820546
9603    -1.7728005588934161
9604    -1.782641275304367
9605    -1.7924802090742085
9606    -1.8023173503639724
9607    -1.8121526893365365
9608    -1.8219862161565799
9609    -1.8318179209905412
9610    -1.8416477940067342
9611    -1.851475825375304
9612    -1.8613020052681857
9613    -1.8711263238592168
9614    -1.8809487713240973
9615    -1.8907693378403463
9616    -1.9005880135874147
9617    -1.9104047887466453
9618    -1.9202196535012293
9619    -1.9300325980363195
9620    -1.9398436125389726
9621    -1.949652687198192
9622    -1.9594598122048694
9623    -1.969264977751898
9624    -1.9790681740341305
9625    -1.9888693912483362
9626    -1.998668619593316
9627    -2.008465849269861
9628    -2.0182610704807065
9629    -2.0280542734306493
9630    -2.0378454483265056
9631    -2.0476345853770654
9632    -2.057421674793211
9633    -2.067206706787853
9634    -2.0769896715759777
9635    -2.0867705593745867
9636    -2.0965493604028103
9637    -2.1063260648818654
9638    -2.116100663035014
9639    -2.1258731450876756
9640    -2.135643501267387
9641    -2.1454117218037574
9642    -2.155177796928585
9643    -2.1649417168758127
9644    -2.174703471881487
9645    -2.1844630521838693
9646    -2.1942204480233998
9647    -2.2039756496426475
9648    -2.2137286472864295
9649    -2.2234794312017483
9650    -2.233227991637839
9651    -2.2429743188461067
9652    -2.2527184030802423
9653    -2.2624602345961797
9654    -2.272199803652054
9655    -2.2819371005083138
9656    -2.2916721154276805
9657    -2.3014048386751056
9658    -2.311135260517884
9659    -2.3208633712256113
9660    -2.330589161070144
9661    -2.34031262032571
9662    -2.3500337392688677
9663    -2.359752508178464
9664    -2.3694689173357495
9665    -2.379182957024315
9666    -2.3888946175301395
9667    -2.3986038891415276
9668    -2.408310762149226
9669    -2.4180152268463813
9670    -2.4277172735284935
9671    -2.437416892493535
9672    -2.4471140740419033
9673    -2.456808808476385
9674    -2.4665010861022623
9675    -2.476190897227277
9676    -2.4858782321615833
9677    -2.4955630812178646
9678    -2.5052454347112905
9679    -2.514925282959472
9680    -2.5246026162825808
9681    -2.5342774250032836
9682    -2.5439496994467894
9683    -2.5536194299407917
9684    -2.563286606815576
9685    -2.572951220403984
9686    -2.5826132610413697
9687    -2.592272719065709
9688    -2.601929584817563
9689    -2.611583848640031
9690    -2.6212355008788686
9691    -2.630884531882441
9692    -2.6405309320016825
9693    -2.6501746915902133
9694    -2.6598158010042905
9695    -2.6694542506027705
9696    -2.6790900307472225
9697    -2.688723131801867
9698    -2.6983535441336217
9699    -2.7079812581120386
9700    -2.717606264109424
9701    -2.727228552500789
9702    -2.736848113663811
9703    -2.746464937978948
9704    -2.7560790158293926
9705    -2.7656903376010336
9706    -2.7752988936825687
9707    -2.7849046744654573
9708    -2.7945076703438874
9709    -2.8041078717148795
9710    -2.8137052689782505
9711    -2.82329985253657
9712    -2.832891612795272
9713    -2.842480540162597
9714    -2.852066625049637
9715    -2.861649857870272
9716    -2.871230229041287
9717    -2.8808077289823304
9718    -2.890382348115867
9719    -2.8999540768672962
9720    -2.9095229056649083
9721    -2.919088824939839
9722    -2.928651825126188
9723    -2.938211896660974
9724    -2.947769029984091
9725    -2.9573232155384224
9726    -2.966874443769803
9727    -2.97642270512697
9728    -2.9859679900616793
9729    -2.995510289028648
9730    -3.0050495924855936
9731    -3.0145858908931804
9732    -3.0241191747151275
9733    -3.033649434418169
9734    -3.043176660472012
9735    -3.052700843349448
9736    -3.0622219735263116
9737    -3.0717400414814406
9738    -3.081255037696784
9739    -3.0907669526573627
9740    -3.1002757768512303
9741    -3.109781500769579
9742    -3.119284114906703
9743    -3.128783609759955
9744    -3.138279975829858
9745    -3.147773203620047
9746    -3.157263283637311
9747    -3.166750206391538
9748    -3.1762339623958225
9749    -3.1857145421664264
9750    -3.1951919362227357
9751    -3.204666135087376
9752    -3.2141371292861654
9753    -3.2236049093480754
9754    -3.2330694658053454
9755    -3.2425307891934363
9756    -3.251988870050991
9757    -3.2614436989199462
9758    -3.2708952663454745
9759    -3.2803435628760256
9760    -3.289788579063271
9761    -3.299230305462211
9762    -3.3086687326311375
9763    -3.31810385113159
9764    -3.3275356515284686
9765    -3.3369641243899895
9766    -3.346389260287647
9767    -3.355811049796323
9768    -3.3652294834942458
9769    -3.3746445519629487
9770    -3.384056245787381
9771    -3.3934645555558665
9772    -3.4028694718600616
9773    -3.4122709852950694
9774    -3.4216690864593757
9775    -3.4310637659548973
9776    -3.440455014386923
9777    -3.4498428223642206
9778    -3.459227180498999
9779    -3.4686080794068697
9780    -3.4779855097069494
9781    -3.4873594620218262
9782    -3.4967299269775154
9783    -3.506096895203568
9784    -3.515460357333035
9785    -3.5248203040024206
9786    -3.5341767258517955
9787    -3.5435296135247567
9788    -3.552878957668383
9789    -3.562224748933347
9790    -3.571566977973859
9791    -3.5809056354477073
9792    -3.590240712016203
9793    -3.5995721983442843
9794    -3.6089000851004847
9795    -3.6182243629568838
9796    -3.6275450225892216
9797    -3.636862054676856
9798    -3.646175449902722
9799    -3.6554851989534423
9800    -3.6647912925192836
9801    -3.6740937212941223
9802    -3.6833924759755456
9803    -3.6926875472648164
9804    -3.701978925866831
9805    -3.7112666024902285
9806    -3.720550567847333
9807    -3.7298308126541957
9808    -3.73910732763054
9809    -3.7483801034998687
9810    -3.7576491309894227
9811    -3.766914400830142
9812    -3.776175903756775
9813    -3.7854336305078347
9814    -3.794687571825563
9815    -3.8039377184560363
9816    -3.813184061149124
9817    -3.822426590658452
9818    -3.831665297741508
9819    -3.8409001731596013
9820    -3.850131207677826
9821    -3.8593583920651637
9822    -3.868581717094431
9823    -3.87780117354232
9824    -3.887016752189342
9825    -3.8962284438199357
9826    -3.905436239222426
9827    -3.914640129188987
9828    -3.923840104515745
9829    -3.9330361560027423
9830    -3.942228274453894
9831    -3.9514164506771
9832    -3.9606006754842014
9833    -3.9697809396909407
9834    -3.978957234117071
9835    -3.9881295495863154
9836    -3.9972978769263263
9837    -4.006462206968792
9838    -4.015622530549387
9839    -4.024778838507801
9840    -4.033931121687695
9841    -4.043079370936805
9842    -4.052223577106896
9843    -4.061363731053732
9844    -4.070499823637175
9845    -4.079631845721151
9846    -4.088759788173603
9847    -4.09788364186661
9848    -4.107003397676331
9849    -4.11611904648298
9850    -4.1252305791709265
9851    -4.134337986628654
9852    -4.143441259748722
9853    -4.152540389427877
9854    -4.161635366566989
9855    -4.170726182071095
9856    -4.179812826849352
9857    -4.188895291815131
9858    -4.197973567885982
9859    -4.207047645983599
9860    -4.216117517033922
9861    -4.225183171967093
9862    -4.23424460171743
9863    -4.243301797223518
9864    -4.252354749428178
9865    -4.2614034492784265
9866    -4.270447887725582
9867    -4.279488055725221
9868    -4.288523944237144
9869    -4.297555544225482
9870    -4.306582846658632
9871    -4.315605842509312
9872    -4.324624522754491
9873    -4.333638878375509
9874    -4.342648900358026
9875    -4.3516545796919885
9876    -4.360655907371734
9877    -4.369652874395951
9878    -4.378645471767641
9879    -4.3876336904942255
9880    -4.3966175215875
9881    -4.405596956063604
9882    -4.414571984943119
9883    -4.423542599251017
9884    -4.4325087900167
9885    -4.441470548273947
9886    -4.450427865061016
9887    -4.459380731420606
9888    -4.46832913839982
9889    -4.477273077050269
9890    -4.486212538428029
9891    -4.495147513593609
9892    -4.50407799361205
9893    -4.513003969552889
9894    -4.521925432490119
9895    -4.530842373502292
9896    -4.539754783672485
9897    -4.5486626540882575
9898    -4.557565975841755
9899    -4.566464740029656
9900    -4.575358937753213
9901    -4.584248560118199
9902    -4.593133598235005
9903    -4.602014043218613
9904    -4.610889886188546
9905    -4.6197611182689755
9906    -4.628627730588688
9907    -4.63748971428104
9908    -4.646347060484064
9909    -4.65519976034043
9910    -4.664047804997409
9911    -4.672891185606971
9912    -4.681729893325753
9913    -4.690563919315015
9914    -4.699393254740749
9915    -4.7082178907736205
9916    -4.7170378185890085
9917    -4.725853029366956
9918    -4.734663514292268
9919    -4.743469264554475
9920    -4.752270271347798
9921    -4.761066525871245
9922    -4.769858019328579
9923    -4.778644742928275
9924    -4.787426687883627
9925    -4.796203845412706
9926    -4.804976206738322
9927    -4.813743763088133
9928    -4.822506505694598
9929    -4.831264425794942
9930    -4.840017514631265
9931    -4.848765763450475
9932    -4.857509163504342
9933    -4.866247706049434
9934    -4.874981382347226
9935    -4.883710183664058
9936    -4.892434101271096
9937    -4.901153126444442
9938    -4.909867250465085
9939    -4.918576464618871
9940    -4.927280760196602
9941    -4.935980128493999
9942    -4.944674560811665
9943    -4.953364048455181
9944    -4.962048582735076
9945    -4.970728154966787
9946    -4.9794027564707575
9947    -4.988072378572387
9948    -4.996737012602067
9949    -5.005396649895138
9950    -5.014051281791974
9951    -5.022700899637963
9952    -5.031345494783454
9953    -5.039985058583872
9954    -5.048619582399664
9955    -5.05724905759628
9956    -5.06587347554426
9957    -5.074492827619201
9958    -5.083107105201724
9959    -5.0917162996775645
9960    -5.100320402437544
9961    -5.108919404877533
9962    -5.117513298398539
9963    -5.126102074406677
9964    -5.134685724313181
9965    -5.143264239534373
9966    -5.1518376114917555
9967    -5.160405831611971
9968    -5.168968891326768
9969    -5.177526782073105
9970    -5.186079495293107
9971    -5.194627022434031
9972    -5.203169354948366
9973    -5.211706484293794
9974    -5.220238401933157
9975    -5.228765099334552
9976    -5.237286567971299
9977    -5.245802799321901
9978    -5.254313784870139
9979    -5.262819516105032
9980    -5.2713199845208605
9981    -5.27981518161713
9982    -5.288305098898657
9983    -5.296789727875542
9984    -5.305269060063124
9985    -5.313743086982088
9986    -5.322211800158424
9987    -5.330675191123388
9988    -5.339133251413605
9989    -5.34758597257103
9990    -5.3560333461429135
9991    -5.364475363681898
9992    -5.372912016745979
9993    -5.381343296898478
9994    -5.389769195708127
9995    -5.39818970474903
9996    -5.4066048156006925
9997    -5.4150145198479755
9998    -5.42341880908119
9999    -5.431817674896063
10000    -5.440211108893699
