1    8.414709848078964    1.000000
3    1.4112000805986722    1.000000
5    -9.589242746631383    1.000000
8    9.893582466233816    1.000000
10    -5.440211108893699    1.000000
12    -5.365729180004349    1.000000
14    9.906073556948702    1.000000
16    -2.879033166650653    1.000000
18    -7.509872467716762    1.000000
21    8.36655638536056    1.000000
24    -9.055783620066238    1.000000
27    9.56375928404503    1.000000
30    -9.880316240928618    1.000000
32    5.514266812416905    1.000000
34    5.290826861200238    1.000000
36    -9.917788534431159    1.000000
38    2.9636857870938536    1.000000
40    7.451131604793489    1.000000
43    -8.317747426285983    1.000000
46    9.017883476488091    1.000000
49    -9.537526527594718    1.000000
52    9.866275920404853    1.000000
54    -5.5878904885161615    1.000000
56    -5.215510020869118    1.000000
58    9.928726480845372    1.000000
60    -3.048106211022167    1.000000
62    -7.391806966492229    1.000000
65    8.268286794901034    1.000000
68    -8.979276806892912    1.000000
71    9.510546532543747    1.000000
74    -9.851462604682474    1.000000
76    5.661076368981803    1.000000
78    5.139784559875352    1.000000
80    -9.938886539233751    1.000000
82    3.1322878243308514    1.000000
84    7.331903200732922    1.000000
87    -8.218178366308226    1.000000
90    8.93996663600558    1.000000
93    -9.482821412699472    1.000000
96    9.835877454343448    1.000000
98    -5.733818719904229    1.000000
100    -5.063656411097588    1.000000
102    9.948267913584063    1.000000
104    -3.216224031625309    1.000000
106    -7.2714250008085255    1.000000
109    8.16742606636317    1.000000
112    -8.899956043668332    1.000000
115    9.454353340247703    1.000000
118    -9.819521690440835    1.000000
120    5.806111842123143    1.000000
122    4.987131538963942    1.000000
124    -9.956869868891793    1.000000
126    3.299908256737821    1.000000
128    7.210377105017316    1.000000
131    -8.116033871367005    1.000000
134    8.859248164599483    1.000000
137    -9.425144545582508    1.000000
140    9.802396594403115    1.000000
142    -5.877950071674065    1.000000
144    -4.910215938984693    1.000000
146    9.964691731217739    1.000000
148    -3.383333943242765    1.000000
150    -7.148764296291645    1.000000
153    8.064005807754864    1.000000
156    -8.817846188147811    1.000000
159    9.395197317131482    1.000000
162    -9.784503507933795    1.000000
164    5.949327780232086    1.000000
166    4.832915637282564    1.000000
168    -9.971732887740798    1.000000
170    3.466494554970303    1.000000
172    7.0865914018232266    1.000000
175    -8.011345951780408    1.000000
178    8.775753358042689    1.000000
181    -9.36451400117644    1.000000
184    9.765843832906294    1.000000
186    -6.0202393755528325    1.000000
188    -4.755236690120583    1.000000
190    9.977992786806002    1.000000
192    -3.5493835765184625    1.000000
194    -7.023863292684921    1.000000
197    7.9580584291964716    1.000000
200    -8.732972972139946    1.000000
203    9.333097001669604    1.000000
206    -9.7464190312541    1.000000
208    6.090679301910604    1.000000
210    4.677185183427589    1.000000
212    -9.983470937967718    1.000000
214    3.631994513763607    1.000000
216    6.960584883449115    1.000000
219    -7.904147414931814    1.000000
222    8.689508382163492    1.000000
225    -9.300948780045253    1.000000
228    9.726230624856242    1.000000
230    -6.160642040533644    1.000000
232    -4.598767232321427    1.000000
234    9.988166912028083    1.000000
236    -3.714320894369226    1.000000
238    -6.896761131802671    1.000000
241    7.849617132764033    1.000000
244    -8.645362993442719    1.000000
247    9.268071855026882    1.000000
250    -9.705280195418053    1.000000
253    9.948237286710674    1.000000
255    -5.063916349244908    1.000000
257    -5.733571748155426    1.000000
259    9.835931839466808    1.000000
261    -2.4528120908194286    1.000000
263    -7.7944718549886325    1.000000
266    8.600540264645696    1.000000
269    -9.234468802429866    1.000000
272    9.683569384347242    1.000000
275    -9.938853259197261    1.000000
277    5.140043136735693    1.000000
279    5.660827877060441    1.000000
281    -9.85151436328885    1.000000
283    2.53852519790234    1.000000
285    7.738715902084317    1.000000
288    -8.555043707508206    1.000000
291    9.200142254959646    1.000000
294    -9.661099892625296    1.000000
297    9.92869055025318    1.000000
299    -5.215767216183704    1.000000
301    -5.5876404958908905    1.000000
303    9.866325048439105    1.000000
305    -2.6240394186166385    1.000000
307    -7.682353642374471    1.000000
310    8.508876886558594    1.000000
313    -9.16509490200547    1.000000
316    9.637873480674221    1.000000
319    -9.917749956098326    1.000000
321    5.291082654818533    1.000000
323    5.51401533867395    1.000000
325    -9.8803627345417    1.000000
327    2.7093480531616545    1.000000
329    7.625389491684938    1.000000
332    -8.462043418838514    1.000000
335    9.129329489429683    1.000000
338    -9.613891968218608    1.000000
341    9.906032333897738    1.000000
343    -5.365983551885637    1.000000
345    -5.439958173735323    1.000000
347    9.893626321783087    1.000000
349    -2.79444441784382    1.000000
351    -7.567827912998033    1.000000
354    8.414546973619526    1.000000
357    -9.092848819352604    1.000000
360    9.589157234143066    1.000000
363    -9.893538601694429    1.000000
365    5.440464039108651    1.000000
367    5.365474803247321    1.000000
369    -9.906114770998197    1.000000
371    2.8793218456003196    1.000000
373    7.509673416102894    1.000000
376    -8.366391272115635    1.000000
379    9.055655749932978    1.000000
382    -9.563671216345018    1.000000
385    9.88026973833747    1.000000
387    -5.5145182811491456    1.000000
389    -5.290571062774264    1.000000
391    9.917827103751872    1.000000
393    -2.963973686521434    1.000000
395    -7.450930557242139    1.000000
398    8.317580087191734    1.000000
401    -9.017753195144051    1.000000
404    9.53743591158287    1.000000
407    -9.866226783405292    1.000000
409    5.588140476063819    1.000000
411    5.215252820815293    1.000000
413    -9.928762402415506    1.000000
415    3.048393308371545    1.000000
417    7.391603938754916    1.000000
420    -8.26811724306801    1.000000
423    8.979144124545272    1.000000
426    -9.510453375319576    1.000000
429    9.851410837124249    1.000000
431    -5.661324855759047    1.000000
433    -5.13952597834458    1.000000
435    9.938919810238955    1.000000
437    -3.132574097108751    1.000000
439    -7.3316982087163    1.000000
442    8.218006615020341    1.000000
445    -8.93983156304963    1.000000
448    9.482725721561588    1.000000
451    -9.835823060282404    1.000000
453    5.734065686442813    1.000000
455    5.063396468349013    1.000000
457    -9.948298531417644    1.000000
459    3.2165094574030553    1.000000
461    7.2712180605731485    1.000000
464    -8.16725212907666    1.000000
467    8.899818590686664    1.000000
470    -9.454255122693237    1.000000
473    9.819464674138594    1.000000
475    -5.806357269073929    1.000000
477    -4.986870255363352    1.000000
479    9.956897831154928    1.000000
481    -3.3001928131531    1.000000
483    -7.210168232776373    1.000000
486    8.115857761709371    1.000000
489    -8.859108342361154    1.000000
492    9.425043809306533    1.000000
495    -9.802336960326743    1.000000
497    5.878193939808537    1.000000
499    4.909953335002932    1.000000
501    -9.964717035719659    1.000000
503    3.3836176080013773    1.000000
505    7.148553508409695    1.000000
508    -8.063827539523807    1.000000
511    8.817704007607503    1.000000
514    -9.395094070026406    1.000000
517    9.78444126075546    1.000000
519    -5.949570070443855    1.000000
521    -4.83265173349392    1.000000
523    9.971755532498971    1.000000
525    -3.466777305847905    1.000000
527    -7.086378714814911    1.000000
530    8.011165538942745    1.000000
533    -8.77560883033985    1.000000
536    9.364408251331382    1.000000
539    -9.765778977502883    1.000000
541    6.020480068859135    1.000000
543    4.754971507201182    1.000000
545    -9.978012770046275    1.000000
547    3.549665391362312    1.000000
549    7.0236487232136735    1.000000
552    -7.957875885887046    1.000000
555    8.73282610859792    1.000000
558    -9.33298875736977    1.000000
561    9.746351572706857    1.000000
563    -6.090918379453792    1.000000
565    -4.676918742153772    1.000000
567    9.983488258124456    1.000000
569    -3.6322753704942956    1.000000
571    -6.960368448325855    1.000000
574    7.903962755452384    1.000000
577    -8.68935919428863    1.000000
580    9.300838049771285    1.000000
583    -9.726160568450355    1.000000
585    6.16087948358266    1.000000
587    4.598499553568124    1.000000
589    -9.988181567744302    1.000000
591    3.7146007709824134    1.000000
593    6.896542847984486    1.000000
596    -7.849430371582153    1.000000
599    8.64521149292347    1.000000
602    -9.267958647454188    1.000000
605    9.705207546642246    1.000000
608    -9.948206650797498    1.000000
610    5.06417628279074    1.000000
612    5.733324771196631    1.000000
614    -9.835986215652435    1.000000
616    2.4531043247334874    1.000000
618    7.794283006736524    1.000000
621    -8.600386463351706    1.000000
624    9.234353126427939    1.000000
627    -9.683494148893342    1.000000
630    9.938819970129513    1.000000
632    -5.14030170892537    1.000000
634    -5.660579379995189    1.000000
636    9.851566112943335    1.000000
638    -2.538816765877605    1.000000
640    -7.738524981557708    1.000000
643    8.554887617489378    1.000000
646    -9.200024119591381    1.000000
649    9.661022076387795    1.000000
652    -9.928654610638965    1.000000
654    5.216024406758817    1.000000
656    5.587390498188231    1.000000
658    -9.866374167508006    1.000000
660    2.624330297809573    1.000000
662    7.682160664531459    1.000000
665    -8.508718520044145    1.000000
668    9.164974316526443    1.000000
671    -9.637793089749803    1.000000
674    9.917711368753412    1.000000
676    -5.291338443628917    1.000000
678    -5.513763859920506    1.000000
680    9.880409219176677    1.000000
682    -2.7096382207826837    1.000000
684    -7.625194471644794    1.000000
687    8.461882788236016    1.000000
690    -9.12920646328743    1.000000
693    9.613809008905674    1.000000
696    -9.905991101845336    1.000000
698    5.366237918890952    1.000000
700    5.439705233633756    1.000000
702    -9.893670168342195    1.000000
704    2.79473385115912    1.000000
706    7.567630866040036    1.000000
709    -8.414384091513941    1.000000
712    9.09272336218588    1.000000
715    -9.589071712941251    1.000000
718    9.893494728164958    1.000000
720    -5.440716964379952    1.000000
722    -5.365220421614781    1.000000
724    9.906155976046184    1.000000
726    -2.8796105219335977    1.000000
728    -7.50947435766512    1.000000
731    8.36622615126832    1.000000
734    -9.055527871571002    1.000000
737    9.563583139954668    1.000000
740    -9.880223226768296    1.000000
742    5.514769744870444    1.000000
744    5.290315259540842    1.000000
746    -9.917865664060434    1.000000
748    2.964261583255706    1.000000
750    7.450729502920266    1.000000
753    -8.317412740539446    1.000000
756    9.017622905605737    1.000000
759    -9.537345286904527    1.000000
762    9.866177637440469    1.000000
764    -5.58839045853363    1.000000
766    -5.21499561602246    1.000000
768    9.928798314963556    1.000000
770    -3.048680402950903    1.000000
772    -7.3914009043009825    1.000000
775    8.267947683721898    1.000000
778    -8.979011434038442    1.000000
781    9.510360209453426    1.000000
784    -9.851359060614225    1.000000
786    5.6615733373919435    1.000000
788    5.139267392143616    1.000000
790    -9.93895307221284    1.000000
792    3.132860367040136    1.000000
794    7.331493210037496    1.000000
797    -8.217834856264904    1.000000
800    8.939696481970214    1.000000
803    -9.48263002180692    1.000000
806    9.835768657283722    1.000000
808    -5.734312647770956    1.000000
810    -5.063136520999422    1.000000
812    9.948329140211381    1.000000
814    -3.2167948802580177    1.000000
816    -7.2710111137305455    1.000000
819    8.167078184368716    1.000000
822    -8.899681129617889    1.000000
825    9.45415689654786    1.000000
828    -9.819407648913579    1.000000
830    5.8066026907485835    1.000000
832    4.986608967231283    1.000000
834    -9.956925784370405    1.000000
836    3.300477366569554    1.000000
838    7.209959353983679    1.000000
841    -8.115681644677002    1.000000
844    8.858968512072712    1.000000
847    -9.424943064466191    1.000000
850    9.802277317343165    1.000000
852    -5.878437802601598    1.000000
854    -4.9096907265595835    1.000000
856    9.964742331166821    1.000000
858    -3.383901269685357    1.000000
860    -7.148342714031983    1.000000
863    8.063649263965292    1.000000
866    -8.817561819054704    1.000000
869    9.394990814384172    1.000000
872    -9.784379004686176    1.000000
874    5.949812355249355    1.000000
876    4.832387825313932    1.000000
878    -9.971778168195991    1.000000
880    3.4670600535753078    1.000000
882    7.08616602136733    1.000000
885    -8.010985118825479    1.000000
888    8.775464294662774    1.000000
891    -9.364302492977055    1.000000
894    9.765714113225483    1.000000
896    -6.020720756694737    1.000000
898    -4.754706319961021    1.000000
900    9.978032744219705    1.000000
902    -3.5499472029806434    1.000000
904    -7.023434147360162    1.000000
907    7.957693335346439    1.000000
910    -8.732679237120532    1.000000
913    9.332880504589218    1.000000
916    -9.746284105303276    1.000000
918    6.091157451462273    1.000000
920    4.676652296630121    1.000000
922    -9.98350556920938    1.000000
924    3.632556223924401    1.000000
926    6.960152006877833    1.000000
929    -7.903778088790765    1.000000
932    8.6892099985179    1.000000
935    -9.300727311045812    1.000000
938    9.726090503206482    1.000000
940    -6.161116921033394    1.000000
942    -4.598231870636247    1.000000
944    9.988196214384441    1.000000
946    -3.71488064422021    1.000000
948    -6.896324557899539    1.000000
951    7.849243603267638    1.000000
954    -8.645059984548475    1.000000
957    9.267845431459863    1.000000
960    -9.705134889047493    1.000000
963    9.948176005844566    1.000000
965    -5.064436211734845    1.000000
967    -5.733077789028065    1.000000
969    9.836040582900274    1.000000
971    -2.453396556418455    1.000000
973    -7.794094151401889    1.000000
976    8.6002326542427    1.000000
979    -9.234237442034923    1.000000
982    9.683418904640227    1.000000
985    -9.93878667203054    1.000000
987    5.140560276444147    1.000000
989    5.660330877786267    1.000000
991    -9.851617853645877    1.000000
993    2.5391083315458927    1.000000
995    7.738334053999244    1.000000
998    -8.554731519696876    1.000000
1001    9.199905975863219    1.000000
1004    -9.660944251371497    1.000000
1007    9.92861866200276    1.000000
1009    -5.21628159259422    1.000000
1011    -5.58714049540841    1.000000
1013    9.86642327761151    1.000000
1015    -2.624621174617824    1.000000
1017    -7.681967679707804    1.000000
1020    8.508560145797974    1.000000
1023    -9.164853722719366    1.000000
1026    9.637712690067694    1.000000
1029    -9.917672772396454    1.000000
1031    5.291594227631156    1.000000
1033    5.513512376156807    1.000000
1035    -9.8804556948335    1.000000
1037    2.709928385941512    1.000000
1039    7.6249994446757725    1.000000
1042    -8.461722149944357    1.000000
1045    9.129083428849631    1.000000
1048    -9.613726040856847    1.000000
1051    9.90594986079154    1.000000
1053    -5.366492281020062    1.000000
1055    -5.439452288589227    1.000000
1057    9.893714005911104    1.000000
1059    -2.795023281934896    1.000000
1061    -7.567433812205466    1.000000
1064    8.414221201762356    1.000000
1067    -9.092597896756763    1.000000
1070    9.588986183026018    1.000000
1073    -9.893450845645447    1.000000
1075    5.44096988470737    1.000000
1077    5.364966035106962    1.000000
1079    -9.906197172092625    1.000000
1081    2.8798991956502253    1.000000
1083    7.509275292403622    1.000000
1086    -8.366061022818766    1.000000
1089    9.055399984980433    1.000000
1092    -9.563495054874062    1.000000
1095    9.88017670622114    1.000000
1097    -5.515021203580568    1.000000
1099    -5.290059451500206    1.000000
1101    9.917904215356813    1.000000
1103    -2.9645494772964054    1.000000
1105    -7.4505284418280455    1.000000
1108    8.31724538632928    1.000000
1111    -9.01749260787327    1.000000
1114    9.537254653559767    1.000000
1117    -9.866128482510428    1.000000
1119    5.588640435925373    1.000000
1121    5.214738406490854    1.000000
1123    -9.928834218489484    1.000000
1125    3.0489674947599807    1.000000
1127    7.3911978631306186    1.000000
1130    -8.26777811686285    1.000000
1133    8.978878735372545    1.000000
1136    -9.510267034945384    1.000000
1139    9.851307275152447    1.000000
1141    -5.661821813880273    1.000000
1143    -5.139008801272689    1.000000
1145    9.938986325155376    1.000000
1147    -3.133146634124748    1.000000
1149    -7.331288204696694    1.000000
1152    8.217663090042066    1.000000
1155    -8.939561392767459    1.000000
1158    9.482534313435556    1.000000
1161    -9.835714245347456    1.000000
1163    5.734559603888431    1.000000
1165    5.062876569049047    1.000000
1167    -9.948359739965252    1.000000
1169    3.2170803001899357    1.000000
1171    7.270804160280906    1.000000
1174    -8.166904232239494    1.000000
1177    8.899543660462136    1.000000
1180    -9.45405866181166    1.000000
1183    9.819350614765847    1.000000
1185    -5.806848107146881    1.000000
1187    -4.9863476745679725    1.000000
1189    9.956953728538206    1.000000
1191    -3.3007619169869242    1.000000
1193    -7.2097504686394265    1.000000
1196    8.11550552027006    1.000000
1199    -8.858828673734283    1.000000
1202    9.424842311061571    1.000000
1205    -9.80221766545243    1.000000
1207    5.87868166005303    1.000000
1209    4.909428113654888    1.000000
1211    -9.964767617559202    1.000000
1213    3.384184928294446    1.000000
1215    7.148131913158699    1.000000
1218    -8.063470981079485    1.000000
1221    8.817419622489547    1.000000
1224    -9.394887550204883    1.000000
1227    9.784316739726002    1.000000
1229    -5.95005463464837    1.000000
1231    -4.832123912742838    1.000000
1233    9.971800794831832    1.000000
1235    -3.467342798152256    1.000000
1237    -7.085953321480677    1.000000
1240    8.010804691428774    1.000000
1243    -8.77531975101159    1.000000
1246    9.364196726113553    1.000000
1249    -9.765649240074158    1.000000
1251    6.020961439059417    1.000000
1253    4.7544411284003445    1.000000
1255    -9.978052709326276    1.000000
1257    3.5502290113732013    1.000000
1259    7.023219565124583    1.000000
1262    -7.9575107775748215    1.000000
1265    8.732532357707914    1.000000
1268    -9.332772243328044    1.000000
1271    9.746216629043428    1.000000
1273    -6.091396517935827    1.000000
1275    -4.676385846856881    1.000000
1277    9.983522871222469    1.000000
1279    -3.6328370740536675    1.000000
1281    -6.959935559105248    1.000000
1284    7.903593414947125    1.000000
1287    -8.689060794851443    1.000000
1290    9.300616563868935    1.000000
1293    -9.726020429124683    1.000000
1295    6.161354352885635    1.000000
1297    4.597964183526039    1.000000
1299    -9.988210851948484    1.000000
1301    3.7151605140823607    1.000000
1303    6.8961062615480255    1.000000
1306    -7.8490568278206565    1.000000
1309    8.644908468317862    1.000000
1312    -9.267732207044013    1.000000
1315    9.705062222633854    1.000000
1318    -9.948145351851903    1.000000
1320    5.064696136076989    1.000000
1322    5.732830801649954    1.000000
1324    -9.836094941210282    1.000000
1326    2.453688785874064    1.000000
1328    7.793905288984901    1.000000
1331    -8.600078837318815    1.000000
1334    9.234121749250919    1.000000
1337    -9.683343651587965    1.000000
1340    9.938753364900368    1.000000
1342    -5.140818839291788    1.000000
1344    -5.660082370433906    1.000000
1346    9.85166958539643    1.000000
1348    -2.539399894906939    1.000000
1350    -7.738143119409095    1.000000
1353    8.554575414130841    1.000000
1356    -9.199787823775269    1.000000
1359    9.660866417576472    1.000000
1362    -9.928582704344599    1.000000
1364    5.216538773689684    1.000000
1366    5.586890487551655    1.000000
1368    -9.86647237874957    1.000000
1370    2.6249120490411295    1.000000
1372    7.681774687903683    1.000000
1375    -8.508401763820228    1.000000
1378    9.164733120584357    1.000000
1381    -9.63763228162797    1.000000
1384    9.917634167027485    1.000000
1386    -5.291850006825019    1.000000
1388    -5.513260887383076    1.000000
1390    9.880502161512133    1.000000
1392    -2.710218548637879    1.000000
1394    -7.624804410778051    1.000000
1397    8.461561503963683    1.000000
1400    -9.1289603861164    1.000000
1403    9.613643064072201    1.000000
1406    -9.905908610736386    1.000000
1408    5.366746638272738    1.000000
1410    5.439199338601964    1.000000
1412    -9.893757834489772    1.000000
1414    2.795312710170884    1.000000
1416    7.567236751494507    1.000000
1419    -8.414058304364918    1.000000
1422    9.092472423065365    1.000000
1425    -9.588900644397448    1.000000
1428    9.893406954135934    1.000000
1430    -5.441222800090677    1.000000
1432    -5.364711643724094    1.000000
1434    9.906238359137483    1.000000
1436    -2.8801878667499414    1.000000
1438    -7.5090762203185815    1.000000
1441    8.365895886767124    1.000000
1444    -9.055272090161383    1.000000
1447    9.563406961103281    1.000000
1450    -9.880130176696047    1.000000
1452    5.515272657279292    1.000000
1454    5.2898036386525895    1.000000
1456    -9.917942757640969    1.000000
1458    2.9648373686432725    1.000000
1460    7.450327373965665    1.000000
1463    -8.31707802456138    1.000000
1466    9.017362301946774    1.000000
1469    -9.537164011548677    1.000000
1472    9.866079318615212    1.000000
1474    -5.588890408238818    1.000000
1476    -5.214481192220709    1.000000
1478    9.928870112993257    1.000000
1480    -3.049254583798515    1.000000
1482    -7.3909948152440075    1.000000
1485    8.26760854249102    1.000000
1488    -8.978746028547704    1.000000
1491    9.51017385179553    1.000000
1494    -9.851255480738962    1.000000
1496    5.662070285223805    1.000000
1498    5.138750205732037    1.000000
1500    -9.939019569066533    1.000000
1502    3.1334328983623245    1.000000
1504    7.331083192694085    1.000000
1507    -8.217491316351985    1.000000
1510    8.939426295441482    1.000000
1513    -9.482438596447585    1.000000
1516    9.835659824473652    1.000000
1518    -5.734806554795013    1.000000
1520    -5.06261661249813    1.000000
1522    9.948390330679228    1.000000
1524    -3.217365717198551    1.000000
1526    -7.270597200224418    1.000000
1529    8.166730272689152    1.000000
1532    -8.899406183219526    1.000000
1535    9.453960418484726    1.000000
1538    -9.819293571695445    1.000000
1540    5.807093518268601    1.000000
1542    4.986086377373658    1.000000
1544    -9.9569816636583    1.000000
1546    3.3010464644049504    1.000000
1548    7.209541576743801    1.000000
1551    -8.115329388488705    1.000000
1554    8.858688827345997    1.000000
1557    -9.424741549092767    1.000000
1560    9.8021580046546    1.000000
1562    -5.878925512162609    1.000000
1564    -4.9091654962890825    1.000000
1566    9.964792894896776    1.000000
1568    -3.384468583828387    1.000000
1570    -7.147921105790037    1.000000
1573    8.063292690866547    1.000000
1576    -8.817277417912159    1.000000
1579    9.394784277488627    1.000000
1582    -9.784254465874996    1.000000
1584    5.9502969086406745    1.000000
1586    4.831859995780881    1.000000
1588    -9.971823412406481    1.000000
1590    3.467625539578493    1.000000
1592    7.085740615155145    1.000000
1595    -8.010624256752795    1.000000
1598    8.775175199386434    1.000000
1601    -9.364090950740975    1.000000
1604    9.76558435804896    1.000000
1606    -6.021202115952957    1.000000
1608    -4.754175932519393    1.000000
1610    9.978072665365971    1.000000
1612    -3.5505108165397297    1.000000
1614    -7.02300497650713    1.000000
1617    7.957328212572357    1.000000
1620    -8.732385470360203    1.000000
1623    9.33266397358635    1.000000
1626    -9.746149143927363    1.000000
1628    6.09163557887424    1.000000
1630    4.676119392834294    1.000000
1632    -9.983540164163712    1.000000
1634    3.6331179208818405    1.000000
1636    6.9597191050082925    1.000000
1639    -7.903408733921631    1.000000
1642    8.68891158328939    1.000000
1645    -9.300505808240754    1.000000
1648    9.725950346205025    1.000000
1650    -6.16159177913916    1.000000
1652    -4.597696492237744    1.000000
1654    9.988225480436421    1.000000
1656    -3.715440380568612    1.000000
1658    -6.895887958930143    1.000000
1661    7.848870045241378    1.000000
1664    -8.644756944231784    1.000000
1667    9.267618974206744    1.000000
1670    -9.704989547401404    1.000000
1673    9.94811468881954    1.000000
1675    -5.064956055816934    1.000000
1677    -5.732583809062524    1.000000
1679    9.836149290582407    1.000000
1681    -2.4539810131000515    1.000000
1683    -7.793716419485732    1.000000
1686    8.599925012580194    1.000000
1689    -9.234006048076035    1.000000
1692    9.68326838973662    1.000000
1695    -9.938720048739027    1.000000
1697    5.14107739746806    1.000000
1699    5.659833857938329    1.000000
1701    -9.85172130819495    1.000000
1703    2.539691455960477    1.000000
1705    7.737952177787431    1.000000
1708    -8.554419300791418    1.000000
1711    9.199669663327635    1.000000
1714    -9.66078857500279    1.000000
1717    9.928546737664512    1.000000
1719    -5.216795950044973    1.000000
1721    -5.586640474618192    1.000000
1723    9.866521470922146    1.000000
1725    -2.6252029210792256    1.000000
1727    -7.6815816891192705    1.000000
1730    8.508243374111046    1.000000
1733    -9.164612510121515    1.000000
1736    9.6375518644307    1.000000
1739    -9.91759555264654    1.000000
1741    5.292105781210271    1.000000
1743    5.513009393599543    1.000000
1745    -9.88054861921253    1.000000
1747    2.7105087088715174    1.000000
1749    7.624609369951807    1.000000
1752    -8.461400850294138    1.000000
1755    9.128837335087844    1.000000
1758    -9.613560078551805    1.000000
1761    9.905867351679913    1.000000
1763    -5.367000990648747    1.000000
1765    -5.438946383672199    1.000000
1767    9.893801654078159    1.000000
1769    -2.7956021358668215    1.000000
1771    -7.567039683907335    1.000000
1774    8.413895399321778    1.000000
1777    -9.092346941111801    1.000000
1780    9.588815097055614    1.000000
1783    -9.89336305363646    1.000000
1785    5.441475710529643    1.000000
1787    5.36445724746641    1.000000
1789    -9.906279537180717    1.000000
1791    2.8804765352324817    1.000000
1793    7.508877141410177    1.000000
1796    -8.36573074311354    1.000000
1799    9.055144187113973    1.000000
1802    -9.563318858642402    1.000000
1805    9.880083638193058    1.000000
1807    -5.515524105966389    1.000000
1809    -5.289547820998222    1.000000
1811    9.917981290912868    1.000000
1813    -2.9651252572960454    1.000000
1815    -7.450126299333306    1.000000
1818    8.3169106552359    1.000000
1821    -9.01723198782636    1.000000
1824    9.537073360871336    1.000000
1827    -9.866030145754866    1.000000
1829    5.58914037547374    1.000000
1831    5.214223973212259    1.000000
1833    -9.928905998474846    1.000000
1835    3.049541670066248    1.000000
1837    7.3907917606413305    1.000000
1840    -8.267438960606563    1.000000
1843    8.978613313564038    1.000000
1846    -9.510080660003956    1.000000
1849    9.851203677373821    1.000000
1851    -5.662318751422317    1.000000
1853    -5.138491605521896    1.000000
1855    9.939052803946284    1.000000
1857    -3.1337191597526077    1.000000
1859    -7.33087817402985    1.000000
1862    8.21731953519482    1.000000
1865    -8.939291189992412    1.000000
1868    9.48234287084309    1.000000
1871    -9.835605394662359    1.000000
1873    5.735053500490483    1.000000
1875    5.062356651346902    1.000000
1877    -9.948420912353278    1.000000
1879    3.2176511312836036    1.000000
1881    7.270390233561266    1.000000
1884    -8.166556305717851    1.000000
1887    8.899268697890184    1.000000
1890    -9.453862166567147    1.000000
1893    9.819236519702429    1.000000
1895    -5.8073389241135205    1.000000
1897    -4.985825075648576    1.000000
1899    9.957009589730664    1.000000
1901    -3.3013310088233747    1.000000
1903    -7.209332678296997    1.000000
1906    8.115153249333096    1.000000
1909    -8.858548972907979    1.000000
1912    9.424640778559867    1.000000
1915    -9.802098334949724    1.000000
1917    5.879169358930114    1.000000
1919    4.908902874462407    1.000000
1921    -9.964818163179523    1.000000
1923    3.3847522362869227    1.000000
1925    7.147710291926186    1.000000
1928    -8.063114393326641    1.000000
1931    8.81713520532267    1.000000
1934    -9.394680996235499    1.000000
1937    9.784192183133214    1.000000
1939    -5.950539177226052    1.000000
1941    -4.8315960744283    1.000000
1943    9.971846020919909    1.000000
1945    -3.467908277853759    1.000000
1947    -7.085527902390929    1.000000
1950    8.010443814797707    1.000000
1953    -8.775030639787428    1.000000
1956    9.363985166859415    1.000000
1959    -9.765519467149952    1.000000
1961    6.0214427873751415    1.000000
1963    4.753910732318408    1.000000
1965    -9.978092612338768    1.000000
1967    3.550792618479974    1.000000
1969    7.022790381508    1.000000
1972    -7.957145640339209    1.000000
1975    8.732238575077528    1.000000
1978    -9.33255569536423    1.000000
1981    9.746081649955151    1.000000
1983    -6.091874634277294    1.000000
1985    -4.6758529345626005    1.000000
1987    9.98355744803309    1.000000
1989    -3.6333987644086645    1.000000
1991    -6.9595026445871655    1.000000
1994    7.903224045714451    1.000000
1997    -8.68876236383188    1.000000
2000    9.300395044161371    1.000000
2003    -9.725880254447569    1.000000
2005    6.161829199793759    1.000000
2007    4.597428796771604    1.000000
2009    -9.988240099848236    1.000000
2011    3.715720243678709    1.000000
2013    6.895669650046092    1.000000
2016    -7.848683255529973    1.000000
2019    8.644605412290366    1.000000
2022    -9.267505732948154    1.000000
2025    9.704916863350201    1.000000
2028    -9.948084016747504    1.000000
2030    5.065215970954443    1.000000
2032    5.7323368112659985    1.000000
2034    -9.8362036310166    1.000000
2036    2.4542732380961496    1.000000
2038    7.793527542904552    1.000000
2041    -8.599771180026975    1.000000
2044    9.233890338510374    1.000000
2047    -9.683193119086264    1.000000
2050    9.938686723546553    1.000000
2052    -5.141335950972729    1.000000
2054    -5.659585340299762    1.000000
2056    9.851773022041385    1.000000
2058    -2.539983014706244    1.000000
2060    -7.737761229134431    1.000000
2063    8.554263179678747    1.000000
2066    -9.199551494520426    1.000000
2069    9.660710723650526    1.000000
2072    -9.928510761962531    1.000000
2074    5.21705312165985    1.000000
2076    5.586390456608251    1.000000
2078    -9.86657055412919    1.000000
2080    2.625493790731846    1.000000
2082    7.681388683354745    1.000000
2085    -8.50808497667058    1.000000
2088    9.164491891330954    1.000000
2091    -9.637471438475963    1.000000
2094    9.917556929253653    1.000000
2096    -5.292361550786683    1.000000
2098    -5.512757894806439    1.000000
2100    9.880595067934651    1.000000
2102    -2.7107988666421656    1.000000
2104    -7.624414322197218    1.000000
2107    8.461240188935871    1.000000
2110    -9.128714275764079    1.000000
2113    9.613477084295745    1.000000
2116    -9.90582608362215    1.000000
2118    5.367255338147859    1.000000
2120    5.438693423800163    1.000000
2122    -9.893845464676227    1.000000
2124    2.7958915590224462    1.000000
2126    7.56684260944413    1.000000
2129    -8.41373248663308    1.000000
2132    9.092221450896186    1.000000
2135    -9.588729541000598    1.000000
2138    9.893319144147064    1.000000
2140    -5.441728616024038    1.000000
2142    -5.3642028463341385    1.000000
2144    9.906320706222296    1.000000
2146    -2.880765201097585    1.000000
2148    -7.50867805567859    1.000000
2151    8.365565591858168    1.000000
2154    -9.055016275838312    1.000000
2157    9.56323074749151    1.000000
2160    -9.880037090712214    1.000000
2162    5.515775549641625    1.000000
2164    5.289291998537338    1.000000
2166    -9.918019815172476    1.000000
2168    2.965413143254462    1.000000
2170    7.449925217931152    1.000000
2173    -8.316743278352991    1.000000
2176    9.01710166551215    1.000000
2179    -9.536982701527828    1.000000
2182    9.865980963929438    1.000000
2184    -5.589390337629908    1.000000
2186    -5.213966749465737    1.000000
2188    9.928941874934214    1.000000
2190    -3.049828753562916    1.000000
2192    -7.390588699322772    1.000000
2195    8.26726937120963    1.000000
2198    -8.978480590421666    1.000000
2201    9.509987459570743    1.000000
2204    -9.851151865057068    1.000000
2206    5.662567212475581    1.000000
2208    5.138233000642499    1.000000
2210    -9.939086029794597    1.000000
2212    3.1340054182953363    1.000000
2214    7.33067314870418    1.000000
2217    -8.21714774657072    1.000000
2220    8.939156076420367    1.000000
2223    -9.482247136622162    1.000000
2226    9.835550955913632    1.000000
2228    -5.735300440974609    1.000000
2230    -5.062096685595602    1.000000
2232    9.948451484987377    1.000000
2234    -3.2179365424448343    1.000000
2236    -7.2701832602916445    1.000000
2239    8.166382331325746    1.000000
2242    -8.899131204474239    1.000000
2245    9.453763906059015    1.000000
2248    -9.819179458786849    1.000000
2250    5.807584324681413    1.000000
2252    4.985563769392964    1.000000
2254    -9.95703750675527    1.000000
2256    3.3016155502419395    1.000000
2258    7.209123773299199    1.000000
2261    -8.11497710280339    1.000000
2264    8.858409110420356    1.000000
2267    -9.42453999946297    1.000000
2270    9.802038656337857    1.000000
2272    -5.879413200355323    1.000000
2274    -4.9086402481751    1.000000
2276    9.96484342240742    1.000000
2278    -3.385035885669795    1.000000
2280    -7.147499471567341    1.000000
2283    8.062936088459926    1.000000
2286    -8.816992984721205    1.000000
2289    9.394577706445592    1.000000
2292    -9.784129891500712    1.000000
2294    5.950781440404283    1.000000
2296    4.831332148685334    1.000000
2298    -9.971868620372101    1.000000
2300    3.4681910129778    1.000000
2302    7.08531518318822    1.000000
2305    -8.010263365563672    1.000000
2308    8.774886072214713    1.000000
2311    -9.363879374468969    1.000000
2314    9.76545456737719    1.000000
2316    -6.021683453325746    1.000000
2318    -4.753645527797629    1.000000
2320    9.978112550244655    1.000000
2322    -3.551074417193676    1.000000
2324    -7.022575780127384    1.000000
2327    7.956963060875548    1.000000
2330    -8.732091671860026    1.000000
2333    9.332447408661784    1.000000
2336    -9.746014147126846    1.000000
2338    6.092113684144769    1.000000
2340    4.675586472042042    1.000000
2342    -9.983574722830587    1.000000
2344    3.6336796046338837    1.000000
2346    6.959286177842065    1.000000
2349    -7.903039350325755    1.000000
2352    8.688613136479049    1.000000
2355    -9.300284271630886    1.000000
2358    9.725810153852382    1.000000
2360    -6.1620666148492145    1.000000
2362    -4.597161097127864    1.000000
2364    9.988254710183917    1.000000
2366    -3.7160001034123984    1.000000
2368    -6.8954513348960695    1.000000
2371    7.848496458686609    1.000000
2374    -8.644453872493752    1.000000
2377    9.267392483268347    1.000000
2380    -9.704844170480316    1.000000
2383    9.948053335635825    1.000000
2385    -5.065475881489283    1.000000
2387    -5.7320898082606    1.000000
2389    9.836257962512812    1.000000
2391    -2.454565460862094    1.000000
2393    -7.793338659241535    1.000000
2396    8.599617339659298    1.000000
2399    -9.233774620554044    1.000000
2402    9.683117839636962    1.000000
2405    -9.938653389322972    1.000000
2407    5.1415944998055565    1.000000
2409    5.659336817518432    1.000000
2411    -9.851824726935693    1.000000
2413    2.540274571143974    1.000000
2415    7.737570273450266    1.000000
2418    -8.554107050792975    1.000000
2421    9.199433317353753    1.000000
2424    -9.660632863519746    1.000000
2427    9.928474777238694    1.000000
2429    -5.217310288534087    1.000000
2431    -5.586140433522057    1.000000
2433    9.866619628370659    1.000000
2435    -2.6257846579987274    1.000000
2437    -7.681195670610278    1.000000
2440    8.507926571498968    1.000000
2443    -9.164371264212786    1.000000
2446    9.637391003763828    1.000000
2449    -9.91751829684886    1.000000
2451    5.292617315554021    1.000000
2453    5.51250639100399    1.000000
2455    -9.880641507678453    1.000000
2457    2.71108902194956    1.000000
2459    7.6242192675144596    1.000000
2462    -8.461079519889028    1.000000
2465    9.128591208145215    1.000000
2468    -9.613394081304088    1.000000
2471    9.905784806563146    1.000000
2473    -5.3675096807698415    1.000000
2475    -5.438440458986081    1.000000
2477    9.893889266283935    1.000000
2479    -2.7961809796374935    1.000000
2481    -7.566645528105071    1.000000
2484    8.413569566298976    1.000000
2487    -9.09209595241863    1.000000
2490    9.588643976232474    1.000000
2493    -9.893275225667788    1.000000
2495    5.441981516573631    1.000000
2497    5.363948440327513    1.000000
2499    -9.906361866262177    1.000000
2501    2.8810538643449886    1.000000
2503    7.508478963124005    1.000000
2506    -8.365400433001158    1.000000
2509    9.054888356334523    1.000000
2512    -9.563142627650679    1.000000
2515    9.879990534253556    1.000000
2517    -5.516026988304777    1.000000
2519    -5.28903617127017    1.000000
2521    9.918058330419758    1.000000
2523    -2.96570102651826    1.000000
2525    -7.449724129759382    1.000000
2528    8.316575893912809    1.000000
2531    -9.016971335004262    1.000000
2534    9.536892033518235    1.000000
2537    -9.86593177313897    1.000000
2539    5.5896402947071    1.000000
2541    5.213709520981377    1.000000
2543    -9.928977742371334    1.000000
2545    3.0501158342882597    1.000000
2547    7.390385631288521    1.000000
2550    -8.267099774300384    1.000000
2553    8.978347859120712    1.000000
2556    -9.509894250495972    1.000000
2559    9.851100043788747    1.000000
2561    -5.662815668383372    1.000000
2563    -5.137974391094083    1.000000
2565    9.939119246611437    1.000000
2567    -3.1342916739902513    1.000000
2569    -7.330468116717259    1.000000
2572    8.21697595047985    1.000000
2575    -8.939020954725473    1.000000
2578    9.482151393784886    1.000000
2581    -9.835496508227514    1.000000
2583    5.735547376247172    1.000000
2585    5.061836715244466    1.000000
2587    -9.948482048581498    1.000000
2589    3.2182219506819845    1.000000
2591    7.269976280415736    1.000000
2594    -8.166208349512996    1.000000
2597    8.898993702971811    1.000000
2600    -9.453665636960418    1.000000
2603    9.819122388948758    1.000000
2605    -5.80782971997206    1.000000
2607    -4.985302458607062    1.000000
2609    9.957065414732098    1.000000
2611    -3.3019000886603855    1.000000
2613    -7.208914861750601    1.000000
2616    8.11480094889975    1.000000
2619    -8.858269239883256    1.000000
2622    9.42443921180216    1.000000
2625    -9.801978968819052    1.000000
2627    5.879657036438015    1.000000
2629    4.908377617427399    1.000000
2631    -9.96486867258044    1.000000
2633    3.385319531976745    1.000000
2635    7.14728864471369    1.000000
2638    -8.062757776266567    1.000000
2641    8.816850756107899    1.000000
2644    -9.394474408119002    1.000000
2647    9.784067590977548    1.000000
2649    -5.951023698175143    1.000000
2651    -4.831068218552223    1.000000
2653    9.971891210763035    1.000000
2655    -3.4684737449503587    1.000000
2657    -7.085102457547212    1.000000
2660    8.010082909050855    1.000000
2663    -8.774741496668415    1.000000
2666    9.363773573569736    1.000000
2669    -9.765389658730736    1.000000
2671    6.021924113804555    1.000000
2673    4.753380318957297    1.000000
2675    -9.978132479083609    1.000000
2677    3.5513562126805795    1.000000
2679    7.022361172365481    1.000000
2682    -7.956780474181536    1.000000
2685    8.73194476070783    1.000000
2688    -9.332339113479112    1.000000
2691    9.745946635442516    1.000000
2693    -6.092352728476451    1.000000
2695    -4.675320005272863    1.000000
2697    9.983591988556192    1.000000
2699    -3.6339604415572437    1.000000
2701    -6.959069704773186    1.000000
2704    7.902854647755708    1.000000
2707    -8.688463901231032    1.000000
2710    9.300173490649398    1.000000
2713    -9.725740044419524    1.000000
2715    6.162304024305311    1.000000
2717    4.596893393306766    1.000000
2719    -9.98826931144345    1.000000
2721    3.716279959769425    1.000000
2723    6.895233013480274    1.000000
2726    -7.848309654711457    1.000000
2729    8.644302324842078    1.000000
2732    -9.26727922516743    1.000000
2735    9.704771468791812    1.000000
2738    -9.948022645484526    1.000000
2740    5.0657357874212146    1.000000
2742    5.731842800046555    1.000000
2744    -9.836312285070994    1.000000
2746    2.454857681397619    1.000000
2748    7.793149768496849    1.000000
2751    -8.599463491477303    1.000000
2754    9.233658894207151    1.000000
2757    -9.683042551388786    1.000000
2760    9.938620046068314    1.000000
2762    -5.141853043966309    1.000000
2764    -5.659088289594566    1.000000
2766    9.851876422877824    1.000000
2768    -2.540566125273401    1.000000
2770    -7.7373793107351085    1.000000
2773    8.553950914134235    1.000000
2776    -9.199315131827715    1.000000
2779    9.660554994610521    1.000000
2782    -9.928438783493029    1.000000
2784    5.217567450667448    1.000000
2786    5.585890405359835    1.000000
2788    -9.866668693646508    1.000000
2790    2.626075522879605    1.000000
2792    7.681002650886048    1.000000
2795    -8.507768158596358    1.000000
2798    9.16425062876712    1.000000
2801    -9.637310560294365    1.000000
2804    9.917479655432196    1.000000
2806    -5.292873075512052    1.000000
2808    -5.512254882192425    1.000000
2810    9.880687938443891    1.000000
2812    -2.711379174793436    1.000000
2814    -7.624024205903711    1.000000
2817    8.460918843153753    1.000000
2820    -9.128468132231365    1.000000
2823    9.613311069576914    1.000000
2826    -9.90574352050293    1.000000
2828    5.367764018514465    1.000000
2830    5.438187489230187    1.000000
2832    -9.893933058901244    1.000000
2834    2.7964703977117016    1.000000
2836    7.566448439890338    1.000000
2839    -8.413406638319612    1.000000
2842    9.091970445679252    1.000000
2845    -9.588558402751321    1.000000
2848    9.89323129819867    1.000000
2850    -5.442234412178195    1.000000
2852    -5.363694029446765    1.000000
2854    9.906403017300327    1.000000
2856    -2.88134252497443    1.000000
2858    -7.508279863746597    1.000000
2861    8.365235266542657    1.000000
2864    -9.054760428602718    1.000000
2867    9.563054499119993    1.000000
2870    -9.87994396881713    1.000000
2872    5.5162784219556125    1.000000
2874    5.288780339196946    1.000000
2876    -9.918096836654676    1.000000
2878    2.9659889070871803    1.000000
2880    7.449523034818184    1.000000
2883    -8.316408501915502    1.000000
2886    9.016840996302813    1.000000
2889    -9.53680135684264    1.000000
2892    9.865882573383505    1.000000
2894    -5.589890246705084    1.000000
2896    -5.213452287759414    1.000000
2898    9.929013600786169    1.000000
2900    -3.050402912242018    1.000000
2902    -7.390182556538758    1.000000
2905    8.266930169878968    1.000000
2908    -8.978215119661293    1.000000
2911    9.50980103277973    1.000000
2914    -9.851048213568909    1.000000
2916    5.663064119145464    1.000000
2918    5.137715776876882    1.000000
2920    -9.939152454396782    1.000000
2922    3.134577926837091    1.000000
2924    7.33026307806927    1.000000
2927    -8.216804146922358    1.000000
2930    8.938885824907848    1.000000
2933    -9.482055642331348    1.000000
2936    9.835442051604057    1.000000
2938    -5.735794306307947    1.000000
2940    -5.06157674029373    1.000000
2942    9.948512603135612    1.000000
2944    -3.218507355994794    1.000000
2946    -7.26976929393373    1.000000
2949    8.166034360279758    1.000000
2952    -8.898856193383029    1.000000
2955    9.453567359271442    1.000000
2958    -9.819065310188204    1.000000
2960    5.808075109985234    1.000000
2962    4.9850411432911015    1.000000
2964    -9.957093313661119    1.000000
2966    3.3021846240784534    1.000000
2968    7.208705943651391    1.000000
2971    -8.114624787622338    1.000000
2974    8.858129361296808    1.000000
2977    -9.42433841557753    1.000000
2980    9.801919272393366    1.000000
2982    -5.879900867177969    1.000000
2984    -4.908114982219544    1.000000
2986    9.964893913698562    1.000000
2988    -3.3856031752075157    1.000000
2990    -7.147077811365427    1.000000
2993    8.062579456746725    1.000000
2996    -8.81670851948288    1.000000
2999    9.394371101255823    1.000000
3002    -9.784005281563775    1.000000
3004    5.951265950538415    1.000000
3006    4.830804284029207    1.000000
3008    -9.971913792092693    1.000000
3010    3.4687564737711774    1.000000
3012    7.084889725468099    1.000000
3015    -8.009902445259419    1.000000
3018    8.774596913148669    1.000000
3021    -9.363667764161807    1.000000
3024    9.765324741210648    1.000000
3026    -6.022164768811352    1.000000
3028    -4.753115105797656    1.000000
3030    9.978152398855613    1.000000
3032    -3.551638004940431    1.000000
3034    -7.022146558222484    1.000000
3037    7.95659788025734    1.000000
3040    -8.73179784162107    1.000000
3043    9.33223080981631    1.000000
3046    -9.745879114902218    1.000000
3048    6.09259176727212    1.000000
3050    4.675053534255306    1.000000
3052    -9.983609245209886    1.000000
3054    3.6342412751784905    1.000000
3056    6.958853225380723    1.000000
3059    -7.902669938004478    1.000000
3062    8.688314658087963    1.000000
3065    -9.300062701217012    1.000000
3068    9.725669926149065    1.000000
3070    -6.1625414281618305    1.000000
3072    -4.596625685308554    1.000000
3074    9.988283903626822    1.000000
3076    -3.716559812749534    1.000000
3078    -6.895014685798904    1.000000
3081    7.8481228436046875    1.000000
3084    -8.64415076933548    1.000000
3087    9.267165958645501    1.000000
3090    -9.704698758284756    1.000000
3093    9.947991946293637    1.000000
3095    -5.065995688750004    1.000000
3097    -5.731595786624088    1.000000
3099    9.836366598691093    1.000000
3101    -2.4551498997024583    1.000000
3103    -7.792960870670668    1.000000
3106    8.599309635481129    1.000000
3109    -9.233543159469795    1.000000
3112    9.682967254341804    1.000000
3115    -9.938586693782613    1.000000
3117    5.142111583454754    1.000000
3119    5.658839756528386    1.000000
3121    -9.851928109867734    1.000000
3123    2.540857677094263    1.000000
3125    7.737188340989135    1.000000
3128    -8.553794769702673    1.000000
3131    9.19919693794243    1.000000
3134    -9.660477116922927    1.000000
3137    9.92840278072557    1.000000
3139    -5.217824608059698    1.000000
3141    -5.5856403721218175    1.000000
3143    9.866717749956694    1.000000
3145    -2.626366385374216    1.000000
3147    -7.680809624182228    1.000000
3150    8.507609737962891    1.000000
3153    -9.164129984994062    1.000000
3156    9.637230108067655    1.000000
3159    -9.917441005003697    1.000000
3161    5.293128830660545    1.000000
3163    5.512003368371975    1.000000
3165    -9.880734360230926    1.000000
3167    2.711669325173531    1.000000
3169    7.623829137365148    1.000000
3172    -8.460758158730195    1.000000
3175    9.128345048022638    1.000000
3178    -9.613228049114296    1.000000
3181    9.905702225441544    1.000000
3183    -5.368018351381498    1.000000
3185    -5.437934514532711    1.000000
3187    9.893976842528115    1.000000
3189    -2.7967598132448077    1.000000
3191    -7.566251344800108    1.000000
3194    8.413243702695137    1.000000
3197    -9.091844930678162    1.000000
3200    9.58847282055722    1.000000
3203    -9.893187361739749    1.000000
3205    5.442487302837497    1.000000
3207    5.3634396136921225    1.000000
3209    -9.906444159336704    1.000000
3211    2.881631182985647    1.000000
3213    7.508080757546551    1.000000
3216    -8.365070092482817    1.000000
3219    9.054632492643018    1.000000
3222    -9.56296636189953    1.000000
3225    9.879897394402976    1.000000
3227    -5.516529850593906    1.000000
3229    -5.288524502317906    1.000000
3231    9.918135333877203    1.000000
3233    -2.9662767849609595    1.000000
3235    -7.449321933107739    1.000000
3238    8.316241102361227    1.000000
3241    -9.016710649407923    1.000000
3244    9.536710671501123    1.000000
3247    -9.865833364663093    1.000000
3249    5.590140193623636    1.000000
3251    5.2131950498000785    1.000000
3253    -9.929049450178686    1.000000
3255    3.050689987423929    1.000000
3257    7.389979475073667    1.000000
3260    -8.266760557945542    1.000000
3263    8.978082372043529    1.000000
3266    -9.509707806422107    1.000000
3269    9.850996374397603    1.000000
3271    -5.663312564761631    1.000000
3273    -5.13745715799113    1.000000
3275    9.939185653150593    1.000000
3277    -3.1348641768355954    1.000000
3279    -7.330058032760404    1.000000
3282    8.216632335898407    1.000000
3285    -8.938750686967621    1.000000
3288    9.48195988226164    1.000000
3291    -9.835387586043309    1.000000
3293    5.736041231156708    1.000000
3295    5.061316760743629    1.000000
3297    -9.94854314864969    1.000000
3299    3.2187927583830027    1.000000
3301    7.269562300845818    1.000000
3304    -8.165860363626193    1.000000
3307    8.898718675708015    1.000000
3310    -9.453469072992181    1.000000
3313    9.819008222505243    1.000000
3315    -5.808320494720716    1.000000
3317    -4.984779823445326    1.000000
3319    9.957121203542307    1.000000
3321    -3.3024691564958863    1.000000
3323    -7.2084970190017605    1.000000
3326    8.114448618971315    1.000000
3329    -8.857989474661133    1.000000
3332    9.424237610789174    1.000000
3335    -9.80185956706085    1.000000
3337    5.880144692574962    1.000000
3339    4.907852342551772    1.000000
3341    -9.964919145761767    1.000000
3343    3.385886815361851    1.000000
3345    7.146866971522741    1.000000
3348    -8.062401129900561    1.000000
3351    8.816566274846275    1.000000
3354    -9.394267785856146    1.000000
3357    9.783942963259454    1.000000
3359    -5.951508197493881    1.000000
3361    -4.8305403451165265    1.000000
3363    9.97193636436105    1.000000
3365    -3.4690391994399983    1.000000
3367    -7.084676986951074    1.000000
3370    8.009721974189528    1.000000
3373    -8.774452321655604    1.000000
3376    9.363561946245285    1.000000
3379    -9.765259814816986    1.000000
3381    6.0224054183459135    1.000000
3383    4.752849888318942    1.000000
3385    -9.978172309560648    1.000000
3387    3.551919793972972    1.000000
3389    7.021931937698588    1.000000
3392    -7.956415279103128    1.000000
3395    8.731650914599884    1.000000
3398    -9.332122497673476    1.000000
3401    9.745811585506015    1.000000
3403    -6.09283080053156    1.000000
3405    -4.674787058989611    1.000000
3407    9.983626492791652    1.000000
3409    -3.634522105497366    1.000000
3411    -6.958636739664876    1.000000
3414    7.902485221072236    1.000000
3417    -8.688165407049976    1.000000
3420    9.299951903333824    1.000000
3423    -9.72559979904106    1.000000
3425    6.162778826418562    1.000000
3427    4.59635797313347    1.000000
3429    -9.988298486734019    1.000000
3431    3.716839662352473    1.000000
3433    6.8947963518521584    1.000000
3436    -7.8479360253664705    1.000000
3439    8.643999205974097    1.000000
3442    -9.267052683702662    1.000000
3445    9.704626038959217    1.000000
3448    -9.94796123806319    1.000000
3450    5.066255585475415    1.000000
3452    5.7313487679934205    1.000000
3454    -9.836420903373062    1.000000
3456    2.4554421157763477    1.000000
3458    7.792771965763163    1.000000
3461    -8.599155771670919    1.000000
3464    9.233427416342085    1.000000
3467    -9.682891948496083    1.000000
3470    9.938553332465894    1.000000
3472    -5.1423701182706525    1.000000
3474    -5.658591218320121    1.000000
3476    9.85197978790537    1.000000
3478    -2.5411492266062923    1.000000
3480    -7.736997364212518    1.000000
3483    8.553638617498432    1.000000
3486    -9.199078735697999    1.000000
3489    9.660399230457026    1.000000
3492    -9.928366768936348    1.000000
3494    5.2180817607106045    1.000000
3496    5.5853903338082285    1.000000
3498    -9.86676679730117    1.000000
3500    2.626657245482294    1.000000
3502    7.680616590498993    1.000000
3505    -8.50745130959871    1.000000
3508    9.164009332893722    1.000000
3511    -9.637149647083767    1.000000
3514    9.917402345563398    1.000000
3516    -5.293384580999267    1.000000
3518    -5.511751849542865    1.000000
3520    9.880780773039517    1.000000
3522    -2.71195947308958    1.000000
3524    -7.623634061898949    1.000000
3527    8.460597466618497    1.000000
3530    -9.12822195551915    1.000000
3533    9.61314501991631    1.000000
3536    -9.905660921379026    1.000000
3538    5.368272679370709    1.000000
3540    5.43768153489388    1.000000
3542    -9.894020617164506    1.000000
3544    2.7970492262365485    1.000000
3546    7.56605424283456    1.000000
3549    -8.413080759425698    1.000000
3552    9.091719407415479    1.000000
3555    -9.588387229650243    1.000000
3558    9.893143416291068    1.000000
3560    -5.442740188551308    1.000000
3562    -5.363185193063821    1.000000
3564    9.906485292371276    1.000000
3566    -2.8819198383783777    1.000000
3568    -7.507881644524049    1.000000
3571    8.364904910821789    1.000000
3574    -9.054504548455531    1.000000
3577    9.562878215989373    1.000000
3580    -9.879850811011135    1.000000
3582    5.5167812742194275    1.000000
3584    5.288268660633278    1.000000
3586    -9.918173822087292    1.000000
3588    2.966564660139336    1.000000
3590    7.449120824628226    1.000000
3593    -8.31607369525013    1.000000
3596    9.016580294319713    1.000000
3599    -9.536619977493771    1.000000
3602    9.865784146977772    1.000000
3604    -5.590390135462529    1.000000
3606    -5.212937807103607    1.000000
3608    9.929085290548857    1.000000
3610    -3.0509770598337336    1.000000
3612    -7.389776386893437    1.000000
3615    8.26659093850026    1.000000
3618    -8.977949616267546    1.000000
3621    9.50961457142318    1.000000
3624    -9.850944526274873    1.000000
3626    5.663561005231648    1.000000
3628    5.137198534437063    1.000000
3630    -9.939218842872847    1.000000
3632    3.135150423985506    1.000000
3634    7.3298529807908475    1.000000
3637    -8.216460517408148    1.000000
3640    8.938615540904909    1.000000
3643    -9.481864113575842    1.000000
3646    9.835333111545323    1.000000
3648    -5.736288150793231    1.000000
3650    -5.061056776594403    1.000000
3652    9.948573685123709    1.000000
3654    -3.219078157846353    1.000000
3656    -7.269355301152181    1.000000
3659    8.165686359552456    1.000000
3662    -8.898581149946896    1.000000
3665    9.453370778122723    1.000000
3668    -9.818951125899929    1.000000
3670    5.8085658741782815    1.000000
3672    4.984518499069969    1.000000
3674    -9.957149084375638    1.000000
3676    3.302753685912425    1.000000
3678    7.208288087801899    1.000000
3681    -8.114272442946833    1.000000
3684    8.857849579976364    1.000000
3687    -9.424136797437184    1.000000
3690    9.801799852821564    1.000000
3692    -5.880388512628773    1.000000
3694    -4.9075896984243235    1.000000
3696    9.964944368770025    1.000000
3698    -3.3861704524394907    1.000000
3700    -7.146656125185827    1.000000
3703    8.062222795728237    1.000000
3706    -8.816424022198216    1.000000
3709    9.394164461920067    1.000000
3712    -9.783880636064639    1.000000
3714    5.951750439041317    1.000000
3716    4.83027640181442    1.000000
3718    -9.971958927568085    1.000000
3720    3.4693219219565665    1.000000
3722    7.084464241996332    1.000000
3725    -8.009541495841347    1.000000
3728    8.77430772218935    1.000000
3731    -9.36345611982026    1.000000
3734    9.765194879549806    1.000000
3736    -6.0226460624080245    1.000000
3738    -4.7525846665214    1.000000
3740    9.978192211198698    1.000000
3742    -3.5522015797779476    1.000000
3744    -7.0217173107939885    1.000000
3747    7.956232670719063    1.000000
3750    -8.731503979644403    1.000000
3753    9.332014177050711    1.000000
3756    -9.745744047253968    1.000000
3758    6.093069828254556    1.000000
3760    4.67452057947602    1.000000
3762    -9.983643731301477    1.000000
3764    3.6348029325136166    1.000000
3766    6.958420247625842    1.000000
3769    -7.902300496959145    1.000000
3772    8.688016148117208    1.000000
3775    -9.29984109699994    1.000000
3778    9.725529663095578    1.000000
3780    -6.163016219075286    1.000000
3782    -4.596090256781759    1.000000
3784    9.988313060765028    1.000000
3786    -3.7171195085779862    1.000000
3788    -6.894578011640235    1.000000
3791    7.847749199996974    1.000000
3794    -8.643847634758071    1.000000
3797    9.266939400339023    1.000000
3800    -9.704553310815255    1.000000
3803    9.947930520793205    1.000000
3805    -5.066515477597208    1.000000
3807    -5.731101744154782    1.000000
3809    9.836475199116853    1.000000
3811    -2.4557343296190206    1.000000
3813    -7.792583053774508    1.000000
3816    8.599001900046812    1.000000
3819    -9.233311664824125    1.000000
3822    9.682816633851692    1.000000
3825    -9.93851996211819    1.000000
3827    5.142628648413772    1.000000
3829    5.658342674969995    1.000000
3831    -9.852031456990689    1.000000
3833    2.541440773809225    1.000000
3835    7.7368063804054295    1.000000
3838    -8.553482457521655    1.000000
3841    9.198960525094527    1.000000
3844    -9.660321335212897    1.000000
3847    9.928330748125399    1.000000
3849    -5.218338908619935    1.000000
3851    -5.585140290419294    1.000000
3853    9.86681583567989    1.000000
3855    -2.6269481032035764    1.000000
3857    -7.6804235498365205    1.000000
3860    8.507292873503964    1.000000
3863    -9.163888672466213    1.000000
3866    9.637069177342774    1.000000
3869    -9.917363677111332    1.000000
3871    5.293640326527985    1.000000
3873    5.5115003257053266    1.000000
3875    -9.88082717686962    1.000000
3877    2.712249618541321    1.000000
3879    7.6234389795052895    1.000000
3882    -8.460436766818805    1.000000
3885    9.128098854721008    1.000000
3888    -9.613061981983034    1.000000
3891    9.90561960831541    1.000000
3893    -5.3685270024818665    1.000000
3895    -5.437428550313927    1.000000
3897    9.894064382810377    1.000000
3899    -2.79733863668666    1.000000
3901    -7.565857133993876    1.000000
3904    8.412917808511443    1.000000
3907    -9.09159387589131    1.000000
3910    9.588301630030472    1.000000
3913    -9.893099461852664    1.000000
3915    5.4429930693193995    1.000000
3917    5.362930767562087    1.000000
3919    -9.906526416404    1.000000
3921    2.8822084911523604    1.000000
3923    7.507682524679267    1.000000
3926    -8.36473972155972    1.000000
3929    9.054376596040383    1.000000
3932    -9.5627900613896    1.000000
3935    9.879804218641654    1.000000
3937    -5.5170326928319495    1.000000
3939    -5.288012814143296    1.000000
3941    9.91821230128492    1.000000
3943    -2.966852532622048    1.000000
3945    -7.448919709379832    1.000000
3948    8.315906280582368    1.000000
3951    -9.016449931038295    1.000000
3954    9.536529274820662    1.000000
3957    -9.865734920327592    1.000000
3959    5.590640072221534    1.000000
3961    5.2126805596702335    1.000000
3963    -9.929121121896646    1.000000
3965    3.051264129471171    1.000000
3967    7.389573291998249    1.000000
3970    -8.266421311543274    1.000000
3973    8.977816852333461    1.000000
3976    -9.509521327783037    1.000000
3979    9.850892669200764    1.000000
3981    -5.663809440555289    1.000000
3983    -5.136939906214917    1.000000
3985    9.939252023563514    1.000000
3987    -3.1354366682865615    1.000000
3989    -7.329647922160783    1.000000
3992    8.216288691451737    1.000000
3995    -8.93848038671984    1.000000
3998    9.481768336274044    1.000000
4001    -9.835278628110146    1.000000
4003    5.736535065217293    1.000000
4005    5.060796787846282    1.000000
4007    -9.948604212557633    1.000000
4009    3.219363554384585    1.000000
4011    7.269148294853016    1.000000
4014    -8.165512348058709    1.000000
4017    8.898443616099796    1.000000
4020    -9.453272474663157    1.000000
4023    9.818894020372305    1.000000
4025    -5.808811248357708    1.000000
4027    -4.984257170165271    1.000000
4029    9.957176956161087    1.000000
4031    -3.30303821232781    1.000000
4033    -7.208079150051994    1.000000
4036    8.114096259549061    1.000000
4039    -8.857709677242626    1.000000
4042    9.424035975521651    1.000000
4045    -9.801740129675556    1.000000
4047    5.880632327339182    1.000000
4049    4.907327049837437    1.000000
4051    -9.96496958272332    1.000000
4053    3.3864540864401786    1.000000
4055    7.1464452723548755    1.000000
4058    -8.062044454229918    1.000000
4061    8.816281761538828    1.000000
4064    -9.39406112944768    1.000000
4067    9.783818299979387    1.000000
4069    -5.951992675180504    1.000000
4071    -4.830012454123129    1.000000
4073    9.971981481713783    1.000000
4075    -3.4696046413206245    1.000000
4077    -7.084251490604063    1.000000
4080    8.00936101021504    1.000000
4083    -8.774163114750042    1.000000
4086    9.363350284886831    1.000000
4089    -9.76512993540917    1.000000
4091    6.022886700997467    1.000000
4093    4.75231944040527    1.000000
4095    -9.978212103769746    1.000000
4097    3.552483362355101    1.000000
4099    7.021502677508882    1.000000
4102    -7.956050055105314    1.000000
4105    8.731357036754762    1.000000
4108    -9.331905847948114    1.000000
4111    9.745676500146137    1.000000
4113    -6.093308850440888    1.000000
4115    -4.674254095714778    1.000000
4117    9.983660960739345    1.000000
4119    -3.6350837562269875    1.000000
4121    -6.958203749263815    1.000000
4124    7.902115765665378    1.000000
4127    -8.687866881289802    1.000000
4130    9.299730282215455    1.000000
4133    -9.725459518312684    1.000000
4135    6.163253606131787    1.000000
4137    4.595822536253662    1.000000
4139    -9.98832762571984    1.000000
4141    3.717399351425819    1.000000
4143    6.894359665163332    1.000000
4146    -7.847562367496369    1.000000
4149    8.643696055687535    1.000000
4152    -9.266826108554682    1.000000
4155    9.704480573852942    1.000000
4158    -9.947899794483718    1.000000
4160    5.066775365115151    1.000000
4162    5.730854715108393    1.000000
4164    -9.836529485922416    1.000000
4166    2.456026541230212    1.000000
4168    7.792394134704871    1.000000
4171    -8.598848020608944    1.000000
4174    9.233195904916021    1.000000
4177    -9.682741310408701    1.000000
4180    9.938486582739534    1.000000
4182    -5.142887173883878    1.000000
4184    -5.658094126478235    1.000000
4186    9.852083117123646    1.000000
4188    -2.5417323187027954    1.000000
4190    -7.736615389568043    1.000000
4193    8.553326289772484    1.000000
4196    -9.198842306132128    1.000000
4199    9.660243431190606    1.000000
4202    -9.928294718292756    1.000000
4204    5.218596051787454    1.000000
4206    5.584890241955244    1.000000
4208    -9.866864865092811    1.000000
4210    2.627238958537798    1.000000
4212    7.680230502194984    1.000000
4215    -8.507134429678793    1.000000
4218    9.163768003711642    1.000000
4221    -9.636988698844746    1.000000
4224    9.917324999647537    1.000000
4226    -5.293896067246467    1.000000
4228    -5.5112487968595865    1.000000
4230    9.88087357172119    1.000000
4232    -2.7125397615284887    1.000000
4234    -7.623243890184349    1.000000
4237    8.460276059331267    1.000000
4240    -9.12797574562833    1.000000
4243    9.612978935314539    1.000000
4246    -9.905578286250735    1.000000
4248    5.368781320714742    1.000000
4250    5.437175560793078    1.000000
4252    -9.89410813946569    1.000000
4254    2.797628044594881    1.000000
4256    7.565660018278235    1.000000
4259    -8.412754849952524    1.000000
4262    9.091468336105773    1.000000
4265    -9.588216021697983    1.000000
4268    9.893055498424578    1.000000
4270    -5.44324594514154    1.000000
4272    -5.362676337187156    1.000000
4274    9.906567531434844    1.000000
4276    -2.882497141307331    1.000000
4278    -7.507483398012389    1.000000
4281    8.364574524696765    1.000000
4284    -9.054248635397682    1.000000
4287    9.562701898100292    1.000000
4290    -9.879757617294569    1.000000
4292    5.517284106431243    1.000000
4294    5.28775696284819    1.000000
4296    -9.918250771470042    1.000000
4298    2.9671404024088353    1.000000
4300    7.448718587362739    1.000000
4303    -8.315738858358092    1.000000
4306    9.016319559563792    1.000000
4309    -9.53643856348188    1.000000
4312    9.865685684712595    1.000000
4314    -5.590890003900424    1.000000
4316    -5.21242330750019    1.000000
4318    9.929156944222019    1.000000
4320    -3.0515511963359785    1.000000
4322    -7.38937019038829    1.000000
4325    8.26625167707474    1.000000
4328    -8.977684080241396    1.000000
4331    9.509428075501765    1.000000
4334    -9.850840803175327    1.000000
4336    5.664057870732328    1.000000
4338    5.136681273324926    1.000000
4340    -9.939285195222558    1.000000
4342    3.135722909738502    1.000000
4344    7.329442856870401    1.000000
4347    -8.216116858029334    1.000000
4350    8.938345224412535    1.000000
4353    -9.481672550356336    1.000000
4356    9.835224135737828    1.000000
4358    -5.736781974428669    1.000000
4360    -5.060536794499509    1.000000
4362    9.94863473095144    1.000000
4364    -3.219648947997439    1.000000
4366    -7.268941281948504    1.000000
4369    8.165338329145104    1.000000
4372    -8.89830607416684    1.000000
4375    9.453174162613571    1.000000
4378    -9.81883690592243    1.000000
4380    5.80905661725877    1.000000
4382    4.983995836731467    1.000000
4384    -9.957204818898628    1.000000
4386    3.3033227357417836    1.000000
4388    7.207870205752236    1.000000
4391    -8.113920068778153    1.000000
4394    8.857569766460049    1.000000
4397    -9.423935145042662    1.000000
4400    9.801680397622883    1.000000
4402    -5.880876136705965    1.000000
4404    -4.907064396791349    1.000000
4406    9.964994787621627    1.000000
4408    -3.3867377173636566    1.000000
4410    -7.146234413030077    1.000000
4413    8.061866105405763    1.000000
4416    -8.816139492868245    1.000000
4419    9.393957788439078    1.000000
4422    -9.783755955003757    1.000000
4424    5.952234905911222    1.000000
4426    4.829748502042891    1.000000
4428    -9.972004026798121    1.000000
4430    3.469887357531914    1.000000
4432    7.084038732774461    1.000000
4435    -8.009180517310769    1.000000
4438    8.77401849933781    1.000000
4441    -9.363244441445095    1.000000
4444    9.765064982395135    1.000000
4446    -6.023127334114018    1.000000
4448    -4.752054209970792    1.000000
4450    9.978231987273768    1.000000
4452    -3.552765141704177    1.000000
4454    -7.021288037843462    1.000000
4457    7.9558674322620435    1.000000
4460    -8.731210085931092    1.000000
4463    9.33179751036578    1.000000
4466    -9.745608944182585    1.000000
4468    6.093547867090338    1.000000
4470    4.673987607706123    1.000000
4472    -9.983678181105237    1.000000
4474    3.635364576637223    1.000000
4476    6.957987244578995    1.000000
4479    -7.9019310271910985    1.000000
4482    8.687717606567883    1.000000
4485    -9.299619458980471    1.000000
4488    9.725389364692438    1.000000
4490    -6.163490987587852    1.000000
4492    -4.595554811549424    1.000000
4494    9.988342181598435    1.000000
4496    -3.7176791908957183    1.000000
4498    -6.894141312421649    1.000000
4501    7.847375527864825    1.000000
4504    -8.643544468762625    1.000000
4507    9.26671280834974    1.000000
4510    -9.704407828072345    1.000000
4513    9.947869059134751    1.000000
4515    -5.067035248029006    1.000000
4517    -5.7306076808544795    1.000000
4519    9.836583763789703    1.000000
4521    -2.456318750609656    1.000000
4523    -7.792205208554426    1.000000
4526    8.598694133357457    1.000000
4529    -9.233080136617879    1.000000
4532    9.682665978167176    1.000000
4535    -9.938453194329952    1.000000
4537    5.143145694680734    1.000000
4539    5.6578455728450665    1.000000
4541    -9.852134768304193    1.000000
4543    2.54202386128674    1.000000
4545    7.7364243917005355    1.000000
4548    -8.553170114251056    1.000000
4551    9.198724078810907    1.000000
4554    -9.660165518390228    1.000000
4557    9.928258679438448    1.000000
4559    -5.218853190212928    1.000000
4561    -5.584640188416304    1.000000
4563    9.866913885539892    1.000000
4565    -2.6275298114846946    1.000000
4567    -7.680037447574563    1.000000
4570    8.50697597812334    1.000000
4573    -9.163647326630121    1.000000
4576    9.636908211589764    1.000000
4579    -9.917286313172045    1.000000
4581    5.294151803154482    1.000000
4583    5.510997263005871    1.000000
4585    -9.88091995759419    1.000000
4587    2.712829902050821    1.000000
4589    7.623048793936304    1.000000
4592    -8.460115344156026    1.000000
4595    9.127852628241223    1.000000
4598    -9.612895879910905    1.000000
4601    9.90553695518504    1.000000
4603    -5.369035634069101    1.000000
4605    -5.436922566331566    1.000000
4607    9.894151887130404    1.000000
4609    -2.7979174499609476    1.000000
4611    -7.565462895687813    1.000000
4614    8.412591883749082    1.000000
4617    -9.091342788058984    1.000000
4620    9.588130404652855    1.000000
4623    -9.893011526006852    1.000000
4625    5.4434988160175015    1.000000
4627    5.362421901939257    1.000000
4629    -9.906608637463767    1.000000
4631    2.8827857888430284    1.000000
4633    7.507284264523596    1.000000
4636    -8.364409320233072    1.000000
4639    9.054120666527549    1.000000
4642    -9.562613726121526    1.000000
4645    9.879711006969927    1.000000
4647    -5.517535515017079    1.000000
4649    -5.287501106748196    1.000000
4651    9.91828923264263    1.000000
4653    -2.9674282694994347    1.000000
4655    -7.448517458577127    1.000000
4658    8.315571428577453    1.000000
4661    -9.016189179896319    1.000000
4664    9.53634784347751    1.000000
4667    -9.865636440132826    1.000000
4669    5.591139930498976    1.000000
4671    5.21216605059371    1.000000
4673    -9.929192757524946    1.000000
4675    3.0518382604278957    1.000000
4677    7.38916708206374    1.000000
4680    -8.266082035094813    1.000000
4683    8.977551299991468    1.000000
4686    -9.509334814579447    1.000000
4689    9.850788928198607    1.000000
4691    -5.664306295762538    1.000000
4693    -5.136422635767324    1.000000
4695    9.939318357849952    1.000000
4697    -3.1360091483410675    1.000000
4699    -7.329237784919886    1.000000
4702    8.215945017141093    1.000000
4705    -8.938210053983115    1.000000
4708    9.481576755822802    1.000000
4711    -9.83516963442842    1.000000
4713    5.737028878427132    1.000000
4715    5.060276796554316    1.000000
4717    -9.948665240305106    1.000000
4719    3.2199343386846553    1.000000
4721    7.268734262438836    1.000000
4724    -8.165164302811805    1.000000
4727    8.898168524148153    1.000000
4730    -9.453075841974057    1.000000
4733    9.818779782550354    1.000000
4735    -5.80930198088125    1.000000
4737    -4.983734498768795    1.000000
4739    9.957232672588233    1.000000
4741    -3.3036072561540872    1.000000
4743    -7.207661254902818    1.000000
4746    8.113743870634273    1.000000
4749    -8.857429847628753    1.000000
4752    9.423834306000314    1.000000
4755    -9.8016206566636    1.000000
4757    5.8811199407289    1.000000
4759    4.906801739286301    1.000000
4761    -9.965019983464922    1.000000
4763    3.387021345209667    1.000000
4765    7.146023547211623    1.000000
4768    -8.061687749255936    1.000000
4771    8.815997216186597    1.000000
4774    -9.393854438894353    1.000000
4777    9.783693601137802    1.000000
4779    -5.952477131233251    1.000000
4781    -4.8294845455739495    1.000000
4783    9.972026562821076    1.000000
4785    -3.47017007059018    1.000000
4787    -7.083825968507722    1.000000
4790    8.0090000171287    1.000000
4793    -8.773873875952784    1.000000
4796    9.363138589495145    1.000000
4799    -9.765000020507761    1.000000
4801    6.023367961757462    1.000000
4803    4.751788975218208    1.000000
4805    -9.978251861710753    1.000000
4807    3.553046917824919    1.000000
4809    7.021073391797923    1.000000
4812    -7.955684802189421    1.000000
4815    8.731063127173531    1.000000
4818    -9.331689164303809    1.000000
4821    9.745541379363376    1.000000
4823    -6.093786878202693    1.000000
4825    -4.673721115450301    1.000000
4827    9.983695392399143    1.000000
4829    -3.635645393744068    1.000000
4831    -6.957770733571576    1.000000
4834    7.901746281536477    1.000000
4837    -8.687568323951593    1.000000
4840    9.29950862729509    1.000000
4843    -9.725319202234905    1.000000
4845    6.163728363443261    1.000000
4847    4.595287082669289    1.000000
4849    -9.988356728400804    1.000000
4851    3.7179590269874296    1.000000
4853    6.893922953415382    1.000000
4856    -7.847188681102512    1.000000
4859    8.643392873983485    1.000000
4862    -9.266599499724304    1.000000
4865    9.704335073473523    1.000000
4868    -9.947838314746333    1.000000
4870    5.067295126338537    1.000000
4872    5.730360641393265    1.000000
4874    -9.83663803271866    1.000000
4876    2.4566109577570874    1.000000
4878    7.792016275323345    1.000000
4881    -8.598540238292491    1.000000
4884    9.232964359929802    1.000000
4887    -9.682590637127182    1.000000
4890    9.938419796889477    1.000000
4892    -5.143404210804108    1.000000
4894    -5.657597014070716    1.000000
4896    9.85218641053228    1.000000
4898    -2.5423154015607934    1.000000
4900    -7.736233386803075    1.000000
4903    8.553013930957515    1.000000
4906    -9.198605843130967    1.000000
4909    9.66008759681183    1.000000
4912    -9.92822263156251    1.000000
4914    5.219110323896124    1.000000
4916    5.584390129802701    1.000000
4918    -9.866962897021086    1.000000
4920    2.6278206620440026    1.000000
4922    7.679844385975427    1.000000
4925    -8.506817518837751    1.000000
4928    9.16352664122176    1.000000
4931    -9.636827715577894    1.000000
4934    9.917247617684897    1.000000
4936    -5.294407534251796    1.000000
4938    -5.510745724144414    1.000000
4940    9.880966334488575    1.000000
4942    -2.713120040108053    1.000000
4944    -7.62285369076133    1.000000
4947    8.459954621293235    1.000000
4950    -9.1277295025598    1.000000
4953    9.612812815772202    1.000000
4956    -9.90549561511836    1.000000
4958    5.369289942544713    1.000000
4960    5.436669566929621    1.000000
4962    -9.894195625804482    1.000000
4964    2.798206852784596    1.000000
4966    7.565265766222789    1.000000
4969    -8.41242890990127    1.000000
4972    9.091217231751056    1.000000
4975    -9.588044778895163    1.000000
4978    9.892967544599523    1.000000
4980    -5.443751681947053    1.000000
4982    -5.362167461818621    1.000000
4984    9.906649734490731    1.000000
4986    -2.883074433759191    1.000000
4988    -7.507085124213068    1.000000
4991    8.364244108168789    1.000000
4994    -9.053992689430101    1.000000
4997    9.562525545453386    1.000000
5000    -9.87966438766777    1.000000
5002    5.51778691858923    1.000000
5004    5.287245245843542    1.000000
5006    -9.918327684802646    1.000000
5008    2.9677161338935854    1.000000
5010    7.448316323023185    1.000000
5013    -8.315403991240602    1.000000
5016    9.016058792035999    1.000000
5019    -9.53625711480763    1.000000
5022    9.86558718658833    1.000000
5024    -5.591389852016956    1.000000
5026    -5.211908788951031    1.000000
5028    9.929228561805393    1.000000
5030    -3.0521253217466637    1.000000
5032    -7.388963967024789    1.000000
5035    8.265912385603643    1.000000
5038    -8.977418511583803    1.000000
5041    9.509241545016165    1.000000
5044    -9.850737044270655    1.000000
5046    5.6645547156456955    1.000000
5048    5.136163993542347    1.000000
5050    -9.939351511445667    1.000000
5052    3.1362953840939976    1.000000
5054    7.329032706309422    1.000000
5057    -8.215773168787171    1.000000
5060    8.938074875431704    1.000000
5063    -9.481480952673529    1.000000
5066    9.835115124181966    1.000000
5068    -5.737275777212462    1.000000
5070    -5.060016794010939    1.000000
5072    9.948695740618593    1.000000
5074    -3.220219726445976    1.000000
5076    -7.268527236324199    1.000000
5079    8.164990269058967    1.000000
5082    -8.89803096604386    1.000000
5085    9.4529775127447    1.000000
5088    -9.818722650256131    1.000000
5090    5.809547339224919    1.000000
5092    4.983473156277495    1.000000
5094    -9.957260517229885    1.000000
5096    3.3038917735644633    1.000000
5098    7.207452297503928    1.000000
5101    -8.113567665117579    1.000000
5104    8.857289920748874    1.000000
5107    -9.423733458394697    1.000000
5110    9.80156090679776    1.000000
5112    -5.881363739407767    1.000000
5114    -4.906539077322531    1.000000
5116    9.96504517025318    1.000000
5118    -3.387304969977951    1.000000
5120    -7.1458126748997035    1.000000
5123    8.061509385780596    1.000000
5126    -8.815854931494007    1.000000
5129    9.393751080813605    1.000000
5132    -9.783631238381583    1.000000
5134    5.9527193511463725    1.000000
5136    4.82922058471654    1.000000
5138    -9.972049089782631    1.000000
5140    3.4704527804951644    1.000000
5142    7.083613197804037    1.000000
5145    -8.008819509668998    1.000000
5148    8.773729244595094    1.000000
5151    -9.363032729037078    1.000000
5154    9.764935049747107    1.000000
5156    -6.02360858392758    1.000000
5158    -4.7515237361477585    1.000000
5160    9.978271727080678    1.000000
5162    -3.5533286907170707    1.000000
5164    -7.02085873937246    1.000000
5167    7.95550216488761    1.000000
5170    -8.730916160482208    1.000000
5173    9.3315808097623    1.000000
5176    -9.745473805688567    1.000000
5178    6.094025883777733    1.000000
5180    4.673454618947552    1.000000
5182    -9.983712594621041    1.000000
5184    3.6359262075472674    1.000000
5186    6.957554216241755    1.000000
5189    -7.901561528701682    1.000000
5192    8.687419033441063    1.000000
5195    -9.299397787159414    1.000000
5198    9.72524903094015    1.000000
5200    -6.163965733697802    1.000000
5202    -4.595019349613498    1.000000
5204    9.988371266126933    1.000000
5206    -3.7182388597006986    1.000000
5208    -6.893704588144734    1.000000
5211    7.847001827209599    1.000000
5214    -8.643241271350245    1.000000
5217    9.266486182678474    1.000000
5220    -9.704262310056547    1.000000
5223    9.947807561318495    1.000000
5225    -5.067555000043509    1.000000
5227    -5.730113596724975    1.000000
5229    9.836692292709241    1.000000
5231    -2.45690316267224    1.000000
5233    -7.791827335011797    1.000000
5236    8.598386335414187    1.000000
5239    -9.232848574851896    1.000000
5242    9.682515287288796    1.000000
5245    -9.938386390418136    1.000000
5247    5.14366272225376    1.000000
5249    5.657348450155406    1.000000
5251    -9.852238043807864    1.000000
5253    2.5426069395246906    1.000000
5255    7.73604237487584    1.000000
5258    -8.552857739892007    1.000000
5261    9.19848759909242    1.000000
5264    -9.66000966645548    1.000000
5267    9.928186574664975    1.000000
5269    -5.219367452836809    1.000000
5271    -5.5841400661146645    1.000000
5273    9.867011899536344    1.000000
5275    -2.6281115102154566    1.000000
5277    -7.679651317397756    1.000000
5280    8.50665905182217    1.000000
5283    -9.163405947486662    1.000000
5286    9.636747210809213    1.000000
5289    -9.917208913186121    1.000000
5291    5.294663260538177    1.000000
5293    5.51049418027544    1.000000
5295    -9.881012702404304    1.000000
5297    2.7134101756999214    1.000000
5299    7.622658580659606    1.000000
5302    -8.45979389074303    1.000000
5305    9.127606368584173    1.000000
5308    -9.61272974289851    1.000000
5311    9.905454266050736    1.000000
5313    -5.369544246141348    1.000000
5315    -5.43641656258747    1.000000
5317    9.89423935548788    1.000000
5319    -2.7984962530655646    1.000000
5321    -7.565068629883348    1.000000
5324    8.412265928409235    1.000000
5327    -9.0910916671821    1.000000
5330    9.58795914442499    1.000000
5333    -9.892923554202634    1.000000
5335    5.4440045429299655    1.000000
5337    5.361913016825481    1.000000
5339    -9.906690822515703    1.000000
5341    2.8833630760555553    1.000000
5343    7.50688597708099    1.000000
5346    -8.364078888504066    1.000000
5349    9.05386470410545    1.000000
5352    -9.562437356095952    1.000000
5355    9.879617759388136    1.000000
5357    -5.518038317147467    1.000000
5359    -5.286989380134467    1.000000
5361    9.918366127950058    1.000000
5363    -2.968003995591026    1.000000
5365    -7.448115180701088    1.000000
5368    8.315236546347695    1.000000
5371    -9.01592839598295    1.000000
5374    9.536166377472325    1.000000
5377    -9.865537924079156    1.000000
5379    5.591639768454142    1.000000
5381    5.2116515225723825    1.000000
5383    -9.929264357063332    1.000000
5385    3.0524123802920196    1.000000
5387    7.388760845271618    1.000000
5390    -8.265742728601388    1.000000
5393    8.977285715018517    1.000000
5396    -9.509148266812007    1.000000
5399    9.850685151391513    1.000000
5401    -5.664803130381575    1.000000
5403    -5.1359053466502305    1.000000
5405    9.939384656009672    1.000000
5407    -3.136581616997032    1.000000
5409    -7.328827621039201    1.000000
5412    8.21560131296772    1.000000
5415    -8.937939688758425    1.000000
5418    9.481385140908602    1.000000
5421    -9.835060604998521    1.000000
5423    5.737522670784432    1.000000
5425    5.059756786869617    1.000000
5427    -9.948726231891882    1.000000
5429    3.22050511128114    1.000000
5431    7.268320203604783    1.000000
5434    -8.16481622788675    1.000000
5437    8.897893399854086    1.000000
5440    -9.452879174925595    1.000000
5443    9.81866550903981    1.000000
5445    -5.809792692289557    1.000000
5447    -4.983211809257802    1.000000
5449    9.95728835282355    1.000000
5451    -3.3041762879726506    1.000000
5453    -7.207243333555753    1.000000
5456    8.113391452228232    1.000000
5459    -8.85714998582053    1.000000
5462    9.423632602225904    1.000000
5465    -9.801501148025418    1.000000
5467    5.881607532742348    1.000000
5469    4.906276410900276    1.000000
5471    -9.965070347986382    1.000000
5473    3.3875885916682527    1.000000
5475    7.1456017960945175    1.000000
5478    -8.06133101497991    1.000000
5481    8.81571263879061    1.000000
5484    -9.393647714196923    1.000000
5487    9.783568866735152    1.000000
5489    -5.952961565650363    1.000000
5491    -4.828956619470906    1.000000
5493    9.972071607682764    1.000000
5495    -3.470735487246611    1.000000
5497    -7.083400420663599    1.000000
5500    8.008638994931824    1.000000
5503    -8.773584605264878    1.000000
5506    9.362926860070996    1.000000
5509    -9.764870070113231    1.000000
5511    6.023849200624153    1.000000
5513    4.751258492759685    1.000000
5515    -9.978291583383527    1.000000
5517    3.553610460380377    1.000000
5519    7.02064408056727    1.000000
5522    -7.955319520356777    1.000000
5525    8.730769185857255    1.000000
5528    -9.331472446741353    1.000000
5531    9.745406223158222    1.000000
5533    -6.094264883815241    1.000000
5535    -4.6731881181981185    1.000000
5537    9.983729787770923    1.000000
5539    -3.636207018046566    1.000000
5541    -6.9573376925897294    1.000000
5544    7.901376768686876    1.000000
5547    -8.687269735036434    1.000000
5550    9.299286938573543    1.000000
5553    -9.725178850808236    1.000000
5555    6.164203098351258    1.000000
5557    4.5947516123822965    1.000000
5559    -9.988385794776807    1.000000
5561    3.7185186890352693    1.000000
5563    6.893486216609897    1.000000
5566    -7.846814966186258    1.000000
5569    8.64308966086305    1.000000
5572    -9.266372857212357    1.000000
5575    9.704189537821481    1.000000
5578    -9.947776798851264    1.000000
5580    5.067814869143683    1.000000
5582    5.729866546849835    1.000000
5584    -9.836746543761397    1.000000
5586    2.4571953653548495    1.000000
5588    7.791638387619957    1.000000
5591    -8.598232424722683    1.000000
5594    9.232732781384264    1.000000
5597    -9.682439928652084    1.000000
5600    9.938352974915965    1.000000
5602    -5.143921229029459    1.000000
5604    -5.657099881099368    1.000000
5606    9.852289668130894    1.000000
5608    -2.542898475178166    1.000000
5610    -7.735851355919002    1.000000
5613    8.552701541054669    1.000000
5616    -9.198369346695374    1.000000
5619    9.659931727321256    1.000000
5622    -9.928150508745874    1.000000
5624    5.219624577034749    1.000000
5626    5.58388999735242    1.000000
5628    -9.867060893085629    1.000000
5630    2.6284023559987935    1.000000
5632    7.679458241841722    1.000000
5635    -8.506500577076743    1.000000
5638    9.163285245424946    1.000000
5641    -9.636666697283793    1.000000
5644    9.917170199675757    1.000000
5646    -5.2949189820133915    1.000000
5648    -5.510242631399179    1.000000
5650    9.88105906134133    1.000000
5652    -2.713700308826163    1.000000
5654    -7.622463463631309    1.000000
5657    8.459633152505564    1.000000
5660    -9.127483226314453    1.000000
5663    9.612646661289904    1.000000
5666    -9.905412907982203    1.000000
5668    5.369798544858775    1.000000
5670    5.436163553305348    1.000000
5672    -9.89428307618056    1.000000
5674    2.7987856508035907    1.000000
5676    7.564871486669662    1.000000
5679    -8.412102939273126    1.000000
5682    9.090966094352233    1.000000
5685    -9.58787350124241    1.000000
5688    9.892879554816222    1.000000
5690    -5.444257398966008    1.000000
5692    -5.361658566960065    1.000000
5694    9.90673190153864    1.000000
5696    -2.883651715731858    1.000000
5698    -7.506686823127535    1.000000
5701    8.363913661239058    1.000000
5704    -9.053736710553718    1.000000
5707    9.562349158049301    1.000000
5710    -9.879571122131074    1.000000
5712    5.518289710691562    1.000000
5714    5.286733509621197    1.000000
5716    -9.918404562084827    1.000000
5718    2.9682918545914947    1.000000
5720    7.447914031611025    1.000000
5723    -8.31506909389888    1.000000
5726    9.015797991737285    1.000000
5729    -9.536075631471677    1.000000
5732    9.865488652605341    1.000000
5734    -5.591889679810304    1.000000
5736    -5.2113942514580005    1.000000
5738    9.929300143298724    1.000000
5740    -3.0526994360637025    1.000000
5742    -7.388557716804414    1.000000
5745    8.265573064088201    1.000000
5748    -8.977152910295734    1.000000
5751    9.509054979967054    1.000000
5754    -9.85063324956123    1.000000
5756    5.665051539969947    1.000000
5758    5.135646695091209    1.000000
5760    -9.939417791541935    1.000000
5762    3.1368678470499116    1.000000
5764    7.328622529109404    1.000000
5767    -8.215429449682905    1.000000
5770    8.937804493963402    1.000000
5773    -9.481289320528115    1.000000
5776    9.835006076878136    1.000000
5778    -5.737769559142817    1.000000
5780    -5.059496775130585    1.000000
5782    9.948756714124942    1.000000
5784    -3.22079049318989    1.000000
5786    -7.268113164280774    1.000000
5789    8.16464217929531    1.000000
5792    -8.897755825578955    1.000000
5795    9.452780828516827    1.000000
5798    -9.818608358901445    1.000000
5800    5.810038040074942    1.000000
5802    4.982950457709952    1.000000
5804    -9.957316179369204    1.000000
5806    3.304460799378393    1.000000
5808    7.207034363058486    1.000000
5811    -8.113215231966393    1.000000
5814    8.857010042843857    1.000000
5817    -9.423531737494022    1.000000
5820    9.801441380346628    1.000000
5822    -5.881851320732414    1.000000
5824    -4.906013740019776    1.000000
5826    9.965095516664503    1.000000
5828    -3.387872210280313    1.000000
5830    -7.145390910796249    1.000000
5833    8.061152636854034    1.000000
5836    -8.81557033807653    1.000000
5839    9.393544339044402    1.000000
5842    -9.783506486198567    1.000000
5844    5.953203774745005    1.000000
5846    4.828692649837285    1.000000
5848    -9.972094116521454    1.000000
5850    3.471018190844263    1.000000
5852    7.083187637086603    1.000000
5855    -8.008458472917344    1.000000
5858    8.77343995796226    1.000000
5861    -9.362820982596988    1.000000
5864    9.764805081606195    1.000000
5866    -6.024089811846962    1.000000
5868    -4.750993245054229    1.000000
5870    9.97831143061928    1.000000
5872    -3.553892226814581    1.000000
5874    -7.020429415382547    1.000000
5877    7.955136868597086    1.000000
5880    -8.730622203298813    1.000000
5883    9.331364075241062    1.000000
5886    -9.745338631772398    1.000000
5888    6.094503878314999    1.000000
5890    4.672921613202243    1.000000
5892    -9.983746971848765    1.000000
5894    3.6364878252417085    1.000000
5896    6.957121162615696    1.000000
5899    -7.901192001492235    1.000000
5902    8.687120428737838    1.000000
5905    -9.299176081537576    1.000000
5908    9.725108661839224    1.000000
5910    -6.164440457403415    1.000000
5912    -4.5944838709759255    1.000000
5914    9.988400314350416    1.000000
5916    -3.7187985149908904    1.000000
5918    -6.893267838811075    1.000000
5921    7.846628098032657    1.000000
5924    -8.642938042522033    1.000000
5927    9.266259523326054    1.000000
5930    -9.704116756768393    1.000000
5933    9.947746027344664    1.000000
5935    -5.068074733638825    1.000000
5937    -5.729619491768068    1.000000
5939    9.836800785875079    1.000000
5941    -2.4574875658046493    1.000000
5943    -7.791449433147995    1.000000
5946    8.59807850621812    1.000000
5949    -9.232616979527016    1.000000
5952    9.682364561217112    1.000000
5955    -9.93831955038299    1.000000
5957    5.14417973113097    1.000000
5959    5.656851306902825    1.000000
5961    -9.852341283501326    1.000000
5963    2.5431900085209556    1.000000
5965    7.735660329932735    1.000000
5968    -8.552545334445643    1.000000
5971    9.198251085939935    1.000000
5974    -9.659853779409225    1.000000
5977    9.92811443380524    1.000000
5979    -5.219881696489709    1.000000
5981    -5.583639923516193    1.000000
5983    9.867109877668891    1.000000
5985    -2.6286931993937475    1.000000
5987    -7.679265159307504    1.000000
5990    8.506342094601608    1.000000
5993    -9.163164535036714    1.000000
5996    9.636586175001707    1.000000
5999    -9.917131477153836    1.000000
6001    5.295174698677209    1.000000
6003    5.509991077515862    1.000000
6005    -9.88110541129962    1.000000
6007    2.7139904394865138    1.000000
6009    7.6222683396766175    1.000000
6012    -8.459472406580984    1.000000
6015    9.127360075750754    1.000000
6018    -9.612563570946456    1.000000
6021    9.905371540912798    1.000000
6023    -5.370052838696762    1.000000
6025    -5.43591053908348    1.000000
6027    9.894326787882484    1.000000
6029    -2.7990750459984093    1.000000
6031    -7.564674336581914    1.000000
6034    8.411939942493088    1.000000
6037    -9.090840513261568    1.000000
6040    9.587787849347501    1.000000
6043    -9.892835546440327    1.000000
6045    5.444510250054954    1.000000
6047    5.361404112222607    1.000000
6049    -9.90677297155951    1.000000
6051    2.88394035278784    1.000000
6053    7.5064876623528916    1.000000
6056    -8.36374842637391    1.000000
6059    9.053608708775016    1.000000
6062    -9.562260951313517    1.000000
6065    9.879524475896622    1.000000
6067    -5.518541099221284    1.000000
6069    -5.286477634303967    1.000000
6071    9.91844298720692    1.000000
6073    -2.96857971089473    1.000000
6075    -7.447712875753176    1.000000
6078    8.31490163389431    1.000000
6081    -9.015667579299128    1.000000
6084    9.535984876805767    1.000000
6087    -9.865439372166936    1.000000
6089    5.592139586085217    1.000000
6091    5.211136975608118    1.000000
6093    -9.929335920511539    1.000000
6095    3.0529864890614538    1.000000
6097    7.388354581623357    1.000000
6100    -8.265403392064238    1.000000
6103    8.977020097415572    1.000000
6106    -9.508961684481395    1.000000
6109    9.850581338779856    1.000000
6111    -5.665299944410591    1.000000
6113    -5.135388038865518    1.000000
6115    9.939450918042429    1.000000
6117    -3.137154074252376    1.000000
6119    -7.328417430520218    1.000000
6122    8.215257578932873    1.000000
6125    -8.937669291046756    1.000000
6128    9.481193491532148    1.000000
6131    -9.834951539820855    1.000000
6133    5.738016442287396    1.000000
6135    5.0592367587940785    1.000000
6137    -9.948787187317743    1.000000
6139    3.221075872171964    1.000000
6141    7.2679061183523626    1.000000
6144    -8.164468123284806    1.000000
6147    8.897618243218597    1.000000
6150    -9.452682473518488    1.000000
6153    9.818551199841085    1.000000
6155    -5.810283382580847    1.000000
6157    -4.982689101634187    1.000000
6159    9.957343996866829    1.000000
6161    -3.3047453077814315    1.000000
6163    -7.2068253860123175    1.000000
6166    8.11303900433222    1.000000
6169    -8.856870091818976    1.000000
6172    9.42343086419915    1.000000
6175    -9.801381603761442    1.000000
6177    5.8820951033777495    1.000000
6179    4.905751064681269    1.000000
6181    -9.96512067628752    1.000000
6183    3.388155825813875    1.000000
6185    7.145180019005091    1.000000
6188    -8.060974251403135    1.000000
6191    8.815428029351903    1.000000
6194    -9.393440955356134    1.000000
6197    9.783444096771886    1.000000
6199    -5.953445978430077    1.000000
6201    -4.828428675815917    1.000000
6203    9.972116616298681    1.000000
6205    -3.471300891287862    1.000000
6207    -7.082974847073242    1.000000
6210    8.008277943625721    1.000000
6213    -8.773295302687377    1.000000
6216    9.362715096615153    1.000000
6219    -9.764740084226053    1.000000
6221    6.024330417595789    1.000000
6223    4.750727993031628    1.000000
6225    -9.978331268787922    1.000000
6227    3.554173990019427    1.000000
6229    7.020214743818484    1.000000
6232    -7.954954209608708    1.000000
6235    8.730475212807011    1.000000
6238    -9.331255695261529    1.000000
6241    9.745271031531162    1.000000
6243    -6.094742867276792    1.000000
6245    -4.672655103960169    1.000000
6247    9.983764146854558    1.000000
6249    -3.63676862913244    1.000000
6251    -6.9569046263198535    1.000000
6254    7.90100722711792    1.000000
6257    -8.686971114545411    1.000000
6260    9.299065216051615    1.000000
6263    -9.725038464033185    1.000000
6265    6.164677810854052    1.000000
6267    4.59421612539463    1.000000
6269    -9.988414824847741    1.000000
6271    3.7190783375673053    1.000000
6273    6.893049454748464    1.000000
6276    -7.846441222748965    1.000000
6279    8.642786416327333    1.000000
6282    -9.266146181019666    1.000000
6285    9.704043966897348    1.000000
6288    -9.947715246798728    1.000000
6290    5.0683345935287    1.000000
6292    5.729372431479897    1.000000
6294    -9.836855019050237    1.000000
6296    2.457779764021375    1.000000
6298    7.7912604715960825    1.000000
6301    -8.597924579900637    1.000000
6304    9.232501169280255    1.000000
6307    -9.682289184983945    1.000000
6310    9.938286116819242    1.000000
6312    -5.144438228558057    1.000000
6314    -5.656602727566    1.000000
6316    9.852392889919114    1.000000
6318    -2.543481539552793    1.000000
6320    -7.735469296917212    1.000000
6323    8.552389120065076    1.000000
6326    -9.19813281682621    1.000000
6329    9.659775822719459    1.000000
6332    -9.928078349843108    1.000000
6334    5.220138811201456    1.000000
6336    5.583389844606216    1.000000
6338    -9.867158853286092    1.000000
6340    2.6289840404000557    1.000000
6342    7.679072069795276    1.000000
6345    -8.506183604396917    1.000000
6348    9.16304381632208    1.000000
6351    -9.636505643963027    1.000000
6354    9.9170927456204    1.000000
6356    -5.295430410529396    1.000000
6358    -5.509739518625713    1.000000
6360    9.881151752279125    1.000000
6362    -2.71428056768071    1.000000
6364    -7.622073208795706    1.000000
6367    8.459311652969431    1.000000
6370    -9.127236916893187    1.000000
6373    9.612480471868246    1.000000
6376    -9.90533016484256    1.000000
6378    5.370307127655078    1.000000
6380    5.435657519922097    1.000000
6382    -9.894370490593612    1.000000
6384    2.7993644386497594    1.000000
6386    7.564477179620282    1.000000
6389    -8.411776938069274    1.000000
6392    9.09071492391022    1.000000
6395    -9.58770218874034    1.000000
6398    9.892791529074989    1.000000
6400    -5.444763096196569    1.000000
6402    -5.361149652613337    1.000000
6404    9.906814032578273    1.000000
6406    -2.8842289872232363    1.000000
6408    -7.506288494757237    1.000000
6411    8.363583183908773    1.000000
6414    -9.05348069876946    1.000000
6417    9.562172735888678    1.000000
6420    -9.879477820684825    1.000000
6422    5.518792482736409    1.000000
6424    5.286221754183011    1.000000
6426    -9.918481403316303    1.000000
6428    2.968867564500469    1.000000
6430    7.447511713127722    1.000000
6433    -8.31473416633414    1.000000
6436    9.015537158668597    1.000000
6439    -9.535894113474678    1.000000
6442    9.865390082763982    1.000000
6444    -5.592389487278654    1.000000
6446    -5.210879695022967    1.000000
6448    9.929371688701746    1.000000
6450    -3.0532735392850094    1.000000
6452    -7.388151439728638    1.000000
6455    8.26523371252965    1.000000
6458    -8.976887276378154    1.000000
6461    9.508868380355114    1.000000
6464    -9.850529419047435    1.000000
6466    5.665548343703278    1.000000
6468    5.13512937797339    1.000000
6470    -9.939484035511121    1.000000
6472    3.1374402986041647    1.000000
6474    7.328212325271832    1.000000
6477    -8.215085700717786    1.000000
6480    8.937534080008609    1.000000
6483    -9.48109765392079    1.000000
6486    9.834896993826732    1.000000
6488    -5.738263320217941    1.000000
6490    -5.058976737860335    1.000000
6492    9.948817651470263    1.000000
6494    -3.2213612482271046    1.000000
6496    -7.267699065819735    1.000000
6499    8.164294059855397    1.000000
6502    -8.89748065277313    1.000000
6505    9.452584109930664    1.000000
6508    -9.818494031858787    1.000000
6510    5.8105287198070545    1.000000
6512    4.982427741030741    1.000000
6514    -9.95737180531639    1.000000
6516    3.305029813181507    1.000000
6518    7.206616402417435    1.000000
6521    -8.112862769325874    1.000000
6524    8.856730132746016    1.000000
6527    -9.423329982341375    1.000000
6530    9.801321818269919    1.000000
6532    -5.88233888067813    1.000000
6534    -4.905488384884994    1.000000
6536    9.965145826855412    1.000000
6538    -3.3884394382686804    1.000000
6540    -7.144969120721237    1.000000
6543    8.060795858627374    1.000000
6546    -8.815285712616854    1.000000
6549    9.393337563132217    1.000000
6552    -9.783381698455162    1.000000
6554    5.953688176705361    1.000000
6556    4.828164697407044    1.000000
6558    -9.972139107014426    1.000000
6560    3.471583588577153    1.000000
6562    7.082762050623709    1.000000
6565    -8.008097407057122    1.000000
6568    8.773150639440356    1.000000
6571    -9.362609202125586    1.000000
6574    9.76467507797287    1.000000
6576    -6.024571017870415    1.000000
6578    -4.750462736692128    1.000000
6580    9.978351097889435    1.000000
6582    -3.554455749994659    1.000000
6584    -7.02000006587528    1.000000
6587    7.954771543391805    1.000000
6590    -8.730328214381982    1.000000
6593    9.331147306802853    1.000000
6596    -9.745203422434573    1.000000
6598    6.094981850700402    1.000000
6600    4.672388590472136    1.000000
6602    -9.983781312788281    1.000000
6604    3.6370494297185045    1.000000
6606    6.956688083702395    1.000000
6609    -7.900822445564103    1.000000
6612    8.686821792459291    1.000000
6615    -9.29895434211576    1.000000
6618    9.724968257390175    1.000000
6620    -6.16491515870296    1.000000
6622    -4.593948375638653    1.000000
6624    9.988429326268777    1.000000
6626    -3.7193581567642604    1.000000
6628    -6.892831064422262    1.000000
6631    7.846254340335352    1.000000
6634    -8.64263478227909    1.000000
6637    9.266032830293295    1.000000
6640    -9.703971168208412    1.000000
6643    9.94768445721348    1.000000
6645    -5.068594448813068    1.000000
6647    -5.729125365985549    1.000000
6649    9.83690924328682    1.000000
6651    -2.4580719600047596    1.000000
6653    -7.7910715029643915    1.000000
6656    8.597770645770376    1.000000
6659    -9.232385350644087    1.000000
6662    9.682213799952658    1.000000
6665    -9.938252674224753    1.000000
6667    5.144696721310485    1.000000
6669    5.656354143089124    1.000000
6671    -9.852444487384208    1.000000
6673    2.5437730682734156    1.000000
6675    7.735278256872608    1.000000
6678    -8.552232897913106    1.000000
6681    9.198014539354306    1.000000
6684    -9.659697857252027    1.000000
6687    9.92804225685951    1.000000
6689    -5.220395921169757    1.000000
6691    -5.583139760622712    1.000000
6693    9.867207819937178    1.000000
6695    -2.6292748790174536    1.000000
6697    -7.678878973305211    1.000000
6700    8.506025106462804    1.000000
6703    -9.162923089281154    1.000000
6706    9.636425104167827    1.000000
6709    -9.917054005075475    1.000000
6711    5.29568611756972    1.000000
6713    5.509487954728961    1.000000
6715    -9.881198084279806    1.000000
6717    2.714570693408488    1.000000
6719    7.621878070988756    1.000000
6722    -8.459150891671051    1.000000
6725    9.127113749741863    1.000000
6728    -9.612397364055349    1.000000
6731    9.905288779771528    1.000000
6733    -5.370561411733494    1.000000
6735    -5.435404495821431    1.000000
6737    9.894414184313902    1.000000
6739    -2.7996538287573776    1.000000
6741    -7.564280015784947    1.000000
6744    8.411613926001827    1.000000
6747    -9.090589326298302    1.000000
6750    9.587616519421008    1.000000
6753    -9.892747502720251    1.000000
6755    5.445015937390626    1.000000
6757    5.3608951881324876    1.000000
6759    -9.90685508459489    1.000000
6761    2.8845176190377853    1.000000
6763    7.506089320340751    1.000000
6766    -8.363417933843799    1.000000
6769    9.053352680537174    1.000000
6772    -9.562084511774863    1.000000
6775    9.879431156495723    1.000000
6777    -5.519043861236706    1.000000
6779    -5.28596586925856    1.000000
6781    9.918519810412938    1.000000
6783    -2.9691554154084523    1.000000
6785    -7.44731054373485    1.000000
6788    8.31456669121852    1.000000
6791    -9.01540672984581    1.000000
6794    9.535803341478497    1.000000
6797    -9.865340784396524    1.000000
6799    5.592639383390386    1.000000
6801    5.210622409702785    1.000000
6803    -9.92940744786931    1.000000
6805    3.0535605867341116    1.000000
6807    7.387948291120438    1.000000
6810    -8.265064025484591    1.000000
6813    8.9767544471836    1.000000
6816    -9.508775067588296    1.000000
6819    9.850477490364012    1.000000
6821    -5.665796737847782    1.000000
6823    -5.134870712415065    1.000000
6825    9.939517143947985    1.000000
6827    -3.1377265201050175    1.000000
6829    -7.32800721336443    1.000000
6832    8.214913815037796    1.000000
6835    -8.937398860849086    1.000000
6838    9.481001807694133    1.000000
6841    -9.834842438895812    1.000000
6843    5.73851019293423    1.000000
6845    5.05871671232959    1.000000
6847    -9.948848106582469    1.000000
6849    3.2216466213550534    1.000000
6851    7.267492006683078    1.000000
6854    -8.16411998900724    1.000000
6857    8.897343054242679    1.000000
6860    -9.452485737753449    1.000000
6863    9.818436854954598    1.000000
6865    -5.81077405175334    1.000000
6867    -4.982166375899851    1.000000
6869    9.957399604717866    1.000000
6871    -3.305314315578361    1.000000
6873    -7.206407412274032    1.000000
6876    8.112686526947515    1.000000
6879    -8.856590165625105    1.000000
6882    9.423229091920787    1.000000
6885    -9.80126202387211    1.000000
6887    5.882582652633335    1.000000
6889    4.90522570063119    1.000000
6891    -9.965170968368154    1.000000
6893    3.3887230476444725    1.000000
6895    7.144758215944878    1.000000
6898    -8.060617458526913    1.000000
6901    8.815143387871514    1.000000
6904    -9.393234162372742    1.000000
6907    9.78331929124846    1.000000
6909    -5.953930369570635    1.000000
6911    -4.827900714610904    1.000000
6913    9.972161588668667    1.000000
6915    -3.471866282711878    1.000000
6917    -7.082549247738196    1.000000
6920    8.007916863211706    1.000000
6923    -8.773005968221332    1.000000
6926    9.362503299128386    1.000000
6929    -9.764610062846701    1.000000
6931    6.024811612670622    1.000000
6933    4.750197476035968    1.000000
6935    -9.978370917923797    1.000000
6937    3.5547375067400213    1.000000
6939    7.0197853815531275    1.000000
6942    -7.954588869946544    1.000000
6945    8.730181208023863    1.000000
6948    -9.331038909865129    1.000000
6951    9.745135804482693    1.000000
6953    -6.09522082858561    1.000000
6955    -4.672122072738387    1.000000
6957    9.983798469649924    1.000000
6959    -3.6373302269996475    1.000000
6961    -6.956471534763518    1.000000
6964    7.900637656830949    1.000000
6967    -8.686672462479612    1.000000
6970    9.298843459730112    1.000000
6973    -9.724898041910262    1.000000
6975    6.16515250094992    1.000000
6977    4.593680621708237    1.000000
6979    -9.988443818613506    1.000000
6981    3.719637972581501    1.000000
6983    6.892612667832669    1.000000
6986    -7.846067450791989    1.000000
6989    8.642483140377438    1.000000
6992    -9.265919471147049    1.000000
6995    9.703898360701654    1.000000
6998    -9.947653658588951    1.000000
7000    5.068854299491697    1.000000
7002    5.728878295285248    1.000000
7004    -9.836963458584782    1.000000
7006    2.4583641537545384    1.000000
7008    7.790882527253092    1.000000
7011    -8.597616703827473    1.000000
7014    9.232269523618614    1.000000
7017    -9.682138406123318    1.000000
7020    9.93821922259955    1.000000
7022    -5.14495520938802    1.000000
7024    -5.65610555347242    1.000000
7026    9.852496075896562    1.000000
7028    -2.544064594682557    1.000000
7030    -7.735087209799094    1.000000
7033    8.552076667989873    1.000000
7036    -9.197896253524332    1.000000
7039    9.659619883007004    1.000000
7042    -9.928006154854478    1.000000
7044    5.220653026394378    1.000000
7046    5.5828896715659075    1.000000
7048    -9.867256777622112    1.000000
7050    2.6295657152456755    1.000000
7052    7.678685869837488    1.000000
7055    -8.505866600799424    1.000000
7058    9.162802353914046    1.000000
7061    -9.636344555616182    1.000000
7064    9.917015255519106    1.000000
7066    -5.29594181979795    1.000000
7068    -5.509236385825838    1.000000
7070    9.881244407301619    1.000000
7072    -2.7148608166695856    1.000000
7074    -7.621682926255941    1.000000
7077    8.458990122685996    1.000000
7080    -9.126990574296896    1.000000
7083    9.612314247507836    1.000000
7086    -9.905247385699736    1.000000
7088    5.370815690931775    1.000000
7090    5.4351514667817105    1.000000
7092    -9.894457869043315    1.000000
7094    2.7999432163210005    1.000000
7096    7.564082845076085    1.000000
7099    -8.4114509062909    1.000000
7102    9.09046372042593    1.000000
7105    -9.587530841389581    1.000000
7108    9.89270346737615    1.000000
7110    -5.445268773636895    1.000000
7112    -5.360640718780289    1.000000
7114    9.906896127609329    1.000000
7116    -2.884806248231225    1.000000
7118    -7.505890139103618    1.000000
7121    8.363252676179139    1.000000
7124    -9.053224654078265    1.000000
7127    9.561996278972154    1.000000
7130    -9.87938448332936    1.000000
7132    5.519295234721948    1.000000
7134    5.285709979530846    1.000000
7136    -9.918558208496792    1.000000
7138    2.9694432636184183    1.000000
7140    7.44710936757474    1.000000
7143    -8.314399208547604    1.000000
7146    9.01527629283088    1.000000
7149    -9.535712560817299    1.000000
7152    9.865291477064611    1.000000
7154    -5.5928892744201875    1.000000
7156    -5.210365119647804    1.000000
7158    9.929443198014201    1.000000
7160    -3.0538476314084972    1.000000
7162    -7.3877451357989425    1.000000
7165    8.26489433092922    1.000000
7168    -8.976621609832032    1.000000
7171    9.508681746181024    1.000000
7174    -9.85042555272964    1.000000
7176    5.66604512684388    1.000000
7178    5.134612042190774    1.000000
7180    -9.939550243352986    1.000000
7182    3.1380127387546746    1.000000
7184    7.327802094798201    1.000000
7187    -8.214741921893065    1.000000
7190    8.937263633568309    1.000000
7193    -9.480905952852256    1.000000
7196    9.834787875028148    1.000000
7198    -5.738757060436037    1.000000
7200    -5.058456682202079    1.000000
7202    9.948878552654335    1.000000
7204    -3.2219319915555484    1.000000
7206    -7.267284940942584    1.000000
7209    8.163945910740496    1.000000
7212    -8.897205447627377    1.000000
7215    9.452387356986929    1.000000
7218    -9.818379669128571    1.000000
7220    5.811019378419476    1.000000
7222    4.9819050062417585    1.000000
7224    -9.957427395071234    1.000000
7226    3.305598814971736    1.000000
7228    7.2061984155822945    1.000000
7231    -8.112510277197305    1.000000
7234    8.856450190456371    1.000000
7237    -9.423128192937481    1.000000
7240    9.80120222056807    1.000000
7242    -5.882826419243142    1.000000
7244    -4.904963011920096    1.000000
7246    9.965196100825725    1.000000
7248    -3.3890066539409918    1.000000
7250    -7.144547304676206    1.000000
7253    8.060439051101913    1.000000
7256    -8.815001055116008    1.000000
7259    9.393130753077806    1.000000
7262    -9.783256875151828    1.000000
7264    5.954172557025679    1.000000
7266    4.827636727427738    1.000000
7268    -9.972184061261382    1.000000
7270    3.4721489736917808    1.000000
7272    7.0823364384169    1.000000
7275    -8.00773631208964    1.000000
7278    8.772861289030434    1.000000
7281    -9.362397387623645    1.000000
7284    9.764545038847606    1.000000
7286    -6.025052201996192    1.000000
7288    -4.7499322110633875    1.000000
7290    9.978390728890997    1.000000
7292    -3.5550192602552566    1.000000
7294    -7.0195706908522215    1.000000
7297    7.954406189273089    1.000000
7300    -8.730034193732783    1.000000
7303    9.330930504448457    1.000000
7306    -9.745068177675584    1.000000
7308    6.0954598009322    1.000000
7310    4.671855550759165    1.000000
7312    -9.983815617439468    1.000000
7314    3.637611020975615    1.000000
7316    6.956254979503422    1.000000
7319    -7.90045286091863    1.000000
7322    8.686523124606511    1.000000
7325    -9.29873256889477    1.000000
7328    9.724827817593509    1.000000
7330    -6.165389837594716    1.000000
7332    -4.593412863603627    1.000000
7334    9.988458301881916    1.000000
7336    -3.719917785018775    1.000000
7338    -6.892394264979883    1.000000
7341    7.845880554119046    1.000000
7344    -8.64233149062252    1.000000
7347    9.265806103581028    1.000000
7350    -9.703825544377136    1.000000
7353    9.947622850925168    1.000000
7355    -5.069114145564349    1.000000
7357    -5.728631219379217    1.000000
7359    9.837017664944069    1.000000
7361    -2.4586563452704464    1.000000
7363    -7.790693544462361    1.000000
7366    8.59746275407207    1.000000
7369    -9.232153688203944    1.000000
7372    9.682063003495992    1.000000
7375    -9.938185761943666    1.000000
7377    5.145213692790426    1.000000
7379    5.6558569587161145    1.000000
7381    -9.85254765545613    1.000000
7383    2.5443561187799526    1.000000
7385    7.7348961556968465    1.000000
7388    -8.551920430295525    1.000000
7391    9.197777959336396    1.000000
7394    -9.659541899984454    1.000000
7397    9.927970043828045    1.000000
7399    -5.220910126875085    1.000000
7401    -5.582639577436033    1.000000
7403    9.867305726340847    1.000000
7405    -2.6298565490844594    1.000000
7407    -7.67849275939228    1.000000
7410    8.505708087406914    1.000000
7413    -9.16268161022086    1.000000
7416    9.636263998308165    1.000000
7419    -9.91697649695132    1.000000
7421    5.2961975172138525    1.000000
7423    5.508984811916571    1.000000
7425    -9.881290721344524    1.000000
7427    2.7151509374637373    1.000000
7429    7.621487774597438    1.000000
7432    -8.458829346014406    1.000000
7435    9.126867390558395    1.000000
7438    -9.612231122225788    1.000000
7441    9.905205982627225    1.000000
7443    -5.371069965249694    1.000000
7445    -5.434898432803164    1.000000
7447    9.89450154478181    1.000000
7449    -2.8002326013403644    1.000000
7451    -7.563885667493876    1.000000
7454    8.411287878936637    1.000000
7457    -9.090338106293215    1.000000
7460    9.587445154646135    1.000000
7463    -9.892659423042728    1.000000
7465    5.445521604935147    1.000000
7467    5.360386244556972    1.000000
7469    -9.906937161621547    1.000000
7471    2.885094874803294    1.000000
7473    7.505690951046019    1.000000
7476    -8.36308741091494    1.000000
7479    9.053096619392857    1.000000
7482    -9.561908037480631    1.000000
7485    9.879337801185777    1.000000
7487    -5.5195466031919045    1.000000
7489    -5.285454085000104    1.000000
7491    9.918596597567833    1.000000
7493    -2.969731109130103    1.000000
7495    -7.446908184647575    1.000000
7498    8.31423171832154    1.000000
7501    -9.015145847623932    1.000000
7504    9.535621771491172    1.000000
7507    -9.865242160768284    1.000000
7509    5.593139160367831    1.000000
7511    5.210107824858258    1.000000
7513    -9.929478939136386    1.000000
7515    3.0541346733079067    1.000000
7517    7.387541973764335    1.000000
7520    -8.264724628863686    1.000000
7523    8.976488764323566    1.000000
7526    -9.508588416133383    1.000000
7529    9.85037360614436    1.000000
7531    -5.666293510691344    1.000000
7533    -5.134353367300753    1.000000
7535    9.939583333726096    1.000000
7537    -3.138298954552876    1.000000
7539    -7.32759696957333    1.000000
7542    8.214570021283741    1.000000
7545    -8.937128398166402    1.000000
7548    9.48081008939525    1.000000
7551    -9.83473330222379    1.000000
7553    5.739003922723138    1.000000
7555    5.058196647478042    1.000000
7557    -9.948908989685833    1.000000
7559    3.222217358828332    1.000000
7561    7.267077868598437    1.000000
7564    -8.163771825055319    1.000000
7567    8.897067832927343    1.000000
7570    -9.452288967631194    1.000000
7573    9.818322474380759    1.000000
7575    -5.811264699805245    1.000000
7577    -4.981643632056696    1.000000
7579    9.957455176376467    1.000000
7581    -3.3058833113613724    1.000000
7583    -7.2059894123424115    1.000000
7586    8.112334020075401    1.000000
7589    -8.856310207239938    1.000000
7592    9.423027285391546    1.000000
7595    -9.801142408357853    1.000000
7597    5.883070180507333    1.000000
7599    4.90470031875195    1.000000
7601    -9.965221224228102    1.000000
7603    3.389290257157982    1.000000
7605    7.144336386915412    1.000000
7608    -8.060260636352536    1.000000
7611    8.814858714350471    1.000000
7614    -9.393027335247499    1.000000
7617    9.783194450165327    1.000000
7619    -5.954414739070272    1.000000
7621    -4.827372735857783    1.000000
7623    9.972206524792554    1.000000
7625    -3.472431661516604    1.000000
7627    -7.08212362266001    1.000000
7630    8.00755575369109    1.000000
7633    -8.772716601867796    1.000000
7636    9.362291467611461    1.000000
7639    -9.764480005975646    1.000000
7641    6.0252927858469025    1.000000
7643    4.749666941774629    1.000000
7645    -9.978410530791008    1.000000
7647    3.5553010105401097    1.000000
7649    7.019355993772757    1.000000
7652    -7.95422350137161    1.000000
7655    8.729887171508878    1.000000
7658    -9.330822090552937    1.000000
7661    9.745000542013305    1.000000
7663    -6.095698767739957    1.000000
7665    -4.671589024534712    1.000000
7667    9.983832756156898    1.000000
7669    -3.63789181164615    1.000000
7671    -6.956038417922302    1.000000
7674    7.900268057827311    1.000000
7677    -8.686373778840117    1.000000
7680    9.298621669609842    1.000000
7683    -9.724757584439978    1.000000
7685    6.165627168637133    1.000000
7687    4.593145101325065    1.000000
7689    -9.988472776073992    1.000000
7691    3.720197594075825    1.000000
7693    6.892175855864101    1.000000
7696    -7.845693650316692    1.000000
7699    8.642179833014467    1.000000
7702    -9.265692727595336    1.000000
7705    9.703752719234926    1.000000
7708    -9.947592034222156    1.000000
7710    5.0693739870307875    1.000000
7712    5.728384138267684    1.000000
7714    -9.837071862364638    1.000000
7716    2.458948534552217    1.000000
7718    7.790504554592365    1.000000
7721    -8.59730879650431    1.000000
7724    9.23203784440018    1.000000
7727    -9.68198759207075    1.000000
7730    9.938152292257133    1.000000
7732    -5.145472171517469    1.000000
7734    -5.655608358820435    1.000000
7736    9.852599226062868    1.000000
7738    -2.5446476405653375    1.000000
7740    -7.734705094566037    1.000000
7743    8.551764184830198    1.000000
7746    -9.197659656790604    1.000000
7749    9.659463908184454    1.000000
7752    -9.927933923780245    1.000000
7754    5.221167222611644    1.000000
7756    5.5823894782333126    1.000000
7758    -9.867354666093338    1.000000
7760    2.6301473805335394    1.000000
7762    7.6782996419697644    1.000000
7765    -8.505549566285419    1.000000
7768    9.16256085820171    1.000000
7771    -9.636183432243845    1.000000
7774    9.916937729372155    1.000000
7776    -5.296453209817196    1.000000
7778    -5.508733233001388    1.000000
7780    9.881337026408476    1.000000
7782    -2.7154410557906794    1.000000
7784    -7.621292616013427    1.000000
7787    8.458668561656435    1.000000
7790    -9.126744198526474    1.000000
7793    9.612147988209278    1.000000
7796    -9.905164570554032    1.000000
7798    5.371324234687019    1.000000
7800    5.434645393886025    1.000000
7802    -9.894545211529353    1.000000
7804    2.800521983815208    1.000000
7806    7.5636884830385025    1.000000
7809    -8.411124843939188    1.000000
7812    9.090212483900276    1.000000
7815    -9.58735945919075    1.000000
7818    9.892615369720025    1.000000
7820    -5.445774431285148    1.000000
7822    -5.360131765462767    1.000000
7824    9.906978186631509    1.000000
7826    -2.8853834987537286    1.000000
7828    -7.50549175616813    1.000000
7831    8.362922138051353    1.000000
7834    -9.052968576481058    1.000000
7837    9.561819787300374    1.000000
7840    -9.879291110065017    1.000000
7842    5.519797966646348    1.000000
7844    5.285198185666563    1.000000
7846    -9.918634977626022    1.000000
7848    2.9700189519432474    1.000000
7850    7.446706994953539    1.000000
7853    -8.314064220540486    1.000000
7856    9.015015394225085    1.000000
7859    -9.535530973500197    1.000000
7862    9.865192835507589    1.000000
7864    -5.59338904123309    1.000000
7866    -5.209850525334379    1.000000
7868    9.929514671235829    1.000000
7870    -3.054421712432079    1.000000
7872    -7.3873388050168    1.000000
7875    8.264554919288145    1.000000
7878    -8.976355910658327    1.000000
7881    9.50849507744546    1.000000
7884    -9.850321650608226    1.000000
7886    5.666541889389948    1.000000
7888    5.134094687745239    1.000000
7890    -9.939616415067286    1.000000
7892    3.138585167499361    1.000000
7894    7.327391837690003    1.000000
7897    -8.214398113209986    1.000000
7900    8.936993154643485    1.000000
7903    -9.480714217323204    1.000000
7906    9.834678720482788    1.000000
7908    -5.73925077979531    1.000000
7910    -5.05793660815771    1.000000
7912    9.94893941767694    1.000000
7914    -3.2225027231731445    1.000000
7916    -7.266870789650827    1.000000
7919    8.163597731951869    1.000000
7922    -8.896930210142704    1.000000
7925    9.452190569686332    1.000000
7928    -9.818265270711215    1.000000
7930    5.811510015910422    1.000000
7932    4.981382253344904    1.000000
7934    -9.957482948633537    1.000000
7936    3.306167804747011    1.000000
7938    7.205780402554579    1.000000
7941    -8.112157755581967    1.000000
7944    8.856170215975935    1.000000
7947    -9.42292636928308    1.000000
7950    9.801082587241517    1.000000
7952    -5.88331393642568    1.000000
7954    -4.904437621126991    1.000000
7956    9.965246338575259    1.000000
7958    -3.389573857295185    1.000000
7960    -7.144125462662687    1.000000
7963    8.060082214278946    1.000000
7966    -8.814716365575032    1.000000
7969    9.392923908881915    1.000000
7972    -9.783132016289015    1.000000
7974    5.954656915704198    1.000000
7976    4.827108739901284    1.000000
7978    -9.97222897926216    1.000000
7980    3.4727143461860908    1.000000
7982    7.081910800467722    1.000000
7985    -8.007375188016216    1.000000
7988    8.772571906733548    1.000000
7991    -9.362185539091934    1.000000
7994    9.764414964230877    1.000000
7996    -6.0255333642225395    1.000000
7998    -4.749401668169935    1.000000
8000    9.978430323623817    1.000000
8002    -3.5555827575943253    1.000000
8004    -7.019141290314932    1.000000
8007    7.954040806242271    1.000000
8010    -8.72974014135228    1.000000
8013    9.330713668178667    1.000000
8016    -9.744932897495922    1.000000
8018    6.095937729008661    1.000000
8020    4.671322494065269    1.000000
8022    -9.983849885802197    1.000000
8024    3.638172599010998    1.000000
8026    6.955821850020354    1.000000
8029    -7.900083247557157    1.000000
8032    8.686224425180576    1.000000
8035    -9.29851076187542    1.000000
8038    9.724687342449736    1.000000
8040    -6.1658644940769545    1.000000
8042    -4.592877334872794    1.000000
8044    9.988487241189722    1.000000
8046    -3.7204773997523994    1.000000
8048    -6.891957440485523    1.000000
8051    7.8455067393850975    1.000000
8054    -8.642028167553422    1.000000
8057    9.265579343190073    1.000000
8060    -9.703679885275092    1.000000
8063    9.947561208479948    1.000000
8065    -5.0696338238907765    1.000000
8067    -5.72813705195087    1.000000
8069    9.837126050846434    1.000000
8071    -2.4592407215995857    1.000000
8073    -7.790315557643277    1.000000
8076    8.597154831124328    1.000000
8079    -9.231921992207432    1.000000
8082    9.68191217184766    1.000000
8085    -9.93811881353998    1.000000
8087    5.145730645568914    1.000000
8089    5.655359753785603    1.000000
8091    -9.852650787716724    1.000000
8093    2.544939160038447    1.000000
8095    7.73451402640684    1.000000
8098    -8.551607931594036    1.000000
8101    9.197541345887062    1.000000
8104    -9.65938590760707    1.000000
8107    9.92789779471111    1.000000
8109    -5.221424313603823    1.000000
8111    -5.582139373957976    1.000000
8113    9.867403596879539    1.000000
8115    -2.6304382095926524    1.000000
8117    -7.678106517570116    1.000000
8120    8.505391037435084    1.000000
8123    -9.162440097856708    1.000000
8126    9.6361028574233    1.000000
8129    -9.91689895278165    1.000000
8131    5.296708897607746    1.000000
8133    5.508481649080519    1.000000
8135    -9.881383322493436    1.000000
8137    2.71573117165015    1.000000
8139    7.6210974505040845    1.000000
8142    -8.458507769612217    1.000000
8145    9.126620998201243    1.000000
8148    -9.612064845458383    1.000000
8151    9.905123149480191    1.000000
8153    -5.371578499243516    1.000000
8155    -5.43439235003052    1.000000
8157    9.894588869285899    1.000000
8159    -2.8008113637452676    1.000000
8161    -7.563491291710139    1.000000
8164    8.410961801298699    1.000000
8167    -9.090086853247222    1.000000
8170    9.587273755023507    1.000000
8173    -9.892571307408078    1.000000
8175    5.446027252686676    1.000000
8177    5.359877281497908    1.000000
8179    -9.90701920263918    1.000000
8181    2.885672120082267    1.000000
8183    7.505292554470137    1.000000
8186    -8.36275685758853    1.000000
8189    9.052840525342992    1.000000
8192    -9.561731528431462    1.000000
8195    9.879244409967123    1.000000
8197    -5.520049325085051    1.000000
8199    -5.284942281530458    1.000000
8201    9.918673348671325    1.000000
8203    -2.9703067920575887    1.000000
8205    -7.4465057984928125    1.000000
8208    8.31389671520459    1.000000
8211    -9.014884932634455    1.000000
8214    9.535440166844458    1.000000
8217    -9.865143501282569    1.000000
8219    5.593638917015737    1.000000
8221    5.209593221076405    1.000000
8223    -9.929550394312503    1.000000
8225    3.0547087487807523    1.000000
8227    7.387135629556523    1.000000
8230    -8.264385202202751    1.000000
8233    8.976223048836435    1.000000
8236    -9.508401730117336    1.000000
8239    9.850269686121282    1.000000
8241    -5.666790262939467    1.000000
8243    -5.133836003524462    1.000000
8245    9.939649487376526    1.000000
8247    -3.1388713775938704    1.000000
8249    -7.327186699148406    1.000000
8252    8.214226197671959    1.000000
8255    -8.936857902999686    1.000000
8258    9.480618336636201    1.000000
8261    -9.834624129805189    1.000000
8263    5.739497631652328    1.000000
8265    5.057676564241322    1.000000
8267    -9.94896983662762    1.000000
8269    3.2227880845897268    1.000000
8271    7.266663704099944    1.000000
8274    -8.163423631430307    1.000000
8277    8.896792579273582    1.000000
8280    -9.452092163152436    1.000000
8283    9.818208058119987    1.000000
8285    -5.811755326734783    1.000000
8287    -4.981120870106619    1.000000
8289    9.957510711842422    1.000000
8291    -3.3064522951283957    1.000000
8293    -7.205571386218982    1.000000
8296    8.111981483717159    1.000000
8299    -8.85603021666449    1.000000
8302    9.422825444612165    1.000000
8305    -9.80102275721911    1.000000
8307    5.8835576869979676    1.000000
8309    4.904174919045458    1.000000
8311    -9.965271443867179    1.000000
8313    3.389857454352344    1.000000
8315    7.143914531918225    1.000000
8318    -8.059903784881302    1.000000
8321    8.814574008789817    1.000000
8324    -9.392820473981153    1.000000
8327    9.783069573522946    1.000000
8329    -5.954899086927232    1.000000
8331    -4.826844739558475    1.000000
8333    9.972251424670182    1.000000
8335    -3.4729970276999844    1.000000
8337    -7.08169797184023    1.000000
8340    8.007194615065185    1.000000
8343    -8.772427203627819    1.000000
8346    9.362079602065156    1.000000
8349    -9.764349913613358    1.000000
8351    6.0257739371228825    1.000000
8353    4.749136390249544    1.000000
8355    -9.978450107389408    1.000000
8357    3.555864501417647    1.000000
8359    7.0189265804789365    1.000000
8362    -7.953858103885237    1.000000
8365    8.729593103263126    1.000000
8368    -9.330605237325747    1.000000
8371    9.74486524412349    1.000000
8373    -6.096176684738095    1.000000
8375    -4.67105595935108    1.000000
8377    9.983867006375354    1.000000
8379    -3.638453383069904    1.000000
8381    -6.955605275797777    1.000000
8384    7.899898430108343    1.000000
8387    -8.686075063628019    1.000000
8390    9.298399845691607    1.000000
8393    -9.724617091622845    1.000000
8395    6.166101813913968    1.000000
8397    4.5926095642470575    1.000000
8399    -9.988501697229092    1.000000
8401    3.720757202048242    1.000000
8403    6.891739018844349    1.000000
8406    -7.845319821324432    1.000000
8409    8.64187649423952    1.000000
8412    -9.265465950365348    1.000000
8415    9.703607042497698    1.000000
8418    -9.947530373698571    1.000000
8420    5.069893656144083    1.000000
8422    5.727889960429    1.000000
8424    -9.83718023038941    1.000000
8426    2.4595329064122855    1.000000
8428    7.790126553615269    1.000000
8431    -8.597000857932265    1.000000
8434    9.2318061316258    1.000000
8437    -9.681836742826789    1.000000
8440    9.938085325792235    1.000000
8442    -5.145989114944526    1.000000
8444    -5.655111143611848    1.000000
8446    9.852702340417652    1.000000
8448    -2.5452306771990156    1.000000
8450    -7.73432295121943    1.000000
8453    8.551451670587182    1.000000
8456    -9.19742302662588    1.000000
8459    9.659307898252381    1.000000
8462    -9.927861656620669    1.000000
8464    5.221681399851388    1.000000
8466    5.5818892646102505    1.000000
8468    -9.867452518699409    1.000000
8470    2.6307290362615325    1.000000
8472    7.677913386193509    1.000000
8475    -8.505232500856055    1.000000
8478    9.16231932918596    1.000000
8481    -9.6360222738466    1.000000
8484    9.916860167179832    1.000000
8486    -5.296964580585274    1.000000
8488    -5.50823006015419    1.000000
8490    9.881429609599358    1.000000
8492    -2.7160212850418834    1.000000
8494    -7.620902278069588    1.000000
8497    8.458346969881909    1.000000
8500    -9.12649778958282    1.000000
8503    9.611981693973176    1.000000
8506    -9.905081719405745    1.000000
8508    5.371832758918957    1.000000
8510    5.434139301236881    1.000000
8512    -9.894632518051411    1.000000
8514    2.8011007411302793    1.000000
8516    7.563294093508968    1.000000
8519    -8.410798751015323    1.000000
8522    9.089961214334169    1.000000
8525    -9.58718804214448    1.000000
8528    9.892527236106929    1.000000
8530    -5.446280069139494    1.000000
8532    -5.359622792662625    1.000000
8534    9.907060209644518    1.000000
8536    -2.8859607387886466    1.000000
8538    -7.505093345952219    1.000000
8541    8.36259156952662    1.000000
8544    -9.052712465978772    1.000000
8547    9.561643260873979    1.000000
8550    -9.879197700892137    1.000000
8552    5.520300678507782    1.000000
8554    5.284686372592022    1.000000
8556    -9.918711710703707    1.000000
8558    2.970594629472865    1.000000
8560    7.446304595265581    1.000000
8563    -8.313729202314004    1.000000
8566    9.01475446285216    1.000000
8569    -9.535349351524033    1.000000
8572    9.865094158093271    1.000000
8574    -5.593888787715544    1.000000
8576    -5.2093359120845655    1.000000
8578    9.929586108366372    1.000000
8580    -3.054995782353668    1.000000
8582    -7.38693244738369    1.000000
8585    8.264215477607658    1.000000
8588    -8.976090178858009    1.000000
8591    9.5083083741491    1.000000
8594    -9.85021771268357    1.000000
8596    5.6670386313396754    1.000000
8598    5.1335773146386625    1.000000
8600    -9.939682550653785    1.000000
8602    3.139157584836144    1.000000
8604    7.326981553948726    1.000000
8607    -8.214054274669808    1.000000
8610    8.936722643235122    1.000000
8613    -9.480522447334334    1.000000
8616    9.834569530191041    1.000000
8618    -5.739744478293967    1.000000
8620    -5.057416515729115    1.000000
8622    9.949000246537853    1.000000
8624    -3.2230734430778196    1.000000
8626    -7.26645661194597    1.000000
8629    8.163249523490785    1.000000
8632    -8.896654940320106    1.000000
8635    9.451993748029594    1.000000
8638    -9.818150836607131    1.000000
8640    5.812000632278108    1.000000
8642    4.980859482342081    1.000000
8644    -9.957538466003095    1.000000
8646    3.3067367825052663    1.000000
8648    7.205362363335811    1.000000
8651    -8.11180520448114    1.000000
8654    8.855890209305729    1.000000
8657    -9.4227245113789    1.000000
8660    9.80096291829069    1.000000
8662    -5.883801432223971    1.000000
8664    -4.9039122125075885    1.000000
8666    9.965296540103832    1.000000
8668    -3.3901410483291987    1.000000
8670    -7.143703594682216    1.000000
8673    8.059725348159771    1.000000
8676    -8.814431643994956    1.000000
8679    9.392717030545302    1.000000
8682    -9.783007121867175    1.000000
8684    5.955141252739157    1.000000
8686    4.826580734829602    1.000000
8688    -9.972273861016598    1.000000
8690    3.4732797060580283    1.000000
8692    7.081485136777726    1.000000
8695    -8.00701403483816    1.000000
8698    8.772282492550747    1.000000
8701    -9.361973656531225    1.000000
8704    9.76428485412315    1.000000
8706    -6.026014504547712    1.000000
8708    -4.748871108013698    1.000000
8710    9.97846988208776    1.000000
8712    -3.5561462420098175    1.000000
8714    -7.018711864264971    1.000000
8717    7.953675394300677    1.000000
8720    -8.729446057241546    1.000000
8723    9.33049679799427    1.000000
8726    -9.744797581896075    1.000000
8728    6.096415634928044    1.000000
8730    4.670789420392387    1.000000
8732    -9.983884117876348    1.000000
8734    3.638734163822613    1.000000
8736    6.955388695254765    1.000000
8739    -7.899713605481032    1.000000
8742    8.685925694182579    1.000000
8745    -9.298288921058507    1.000000
8748    9.724546831959369    1.000000
8750    -6.1663391281479525    1.000000
8752    -4.592341789448099    1.000000
8754    9.988516144192094    1.000000
8756    -3.7210370009631    1.000000
8758    -6.891520590940772    1.000000
8761    7.8451328961348645    1.000000
8764    -8.641724813072901    1.000000
8767    9.265352549121257    1.000000
8770    -9.703534190902806    1.000000
8773    9.947499529878051    1.000000
8775    -5.070153483790465    1.000000
8777    -5.7276428637023    1.000000
8779    9.83723440099352    1.000000
8781    -2.459825088990053    1.000000
8783    -7.789937542508514    1.000000
8786    8.596846876928263    1.000000
8789    -9.231690262655393    1.000000
8792    9.681761305008207    1.000000
8795    -9.938051829013931    1.000000
8797    5.1462475796440685    1.000000
8799    5.654862528299396    1.000000
8801    -9.852753884165608    1.000000
8803    2.5455221920467785    1.000000
8805    7.734131869003979    1.000000
8808    -8.55129540180978    1.000000
8811    9.197304699007166    1.000000
8814    -9.65922988012045    1.000000
8817    9.927825509508962    1.000000
8819    -5.221938481354105    1.000000
8821    -5.581639150190361    1.000000
8823    9.867501431552903    1.000000
8825    -2.6310198605399173    1.000000
8827    -7.6777202478401225    1.000000
8830    8.50507395654847    1.000000
8833    -9.162198552189578    1.000000
8836    9.63594168151382    1.000000
8839    -9.916821372566748    1.000000
8841    5.297220258749544    1.000000
8843    5.507978466222632    1.000000
8845    -9.881475887726204    1.000000
8847    2.716311395965618    1.000000
8849    7.620707098710115    1.000000
8852    -8.458186162465653    1.000000
8855    9.126374572671308    1.000000
8858    -9.611898533753733    1.000000
8861    9.905040280330729    1.000000
8863    -5.37208701371311    1.000000
8865    -5.433886247505337    1.000000
8867    9.894676157825847    1.000000
8869    -2.801390115969982    1.000000
8871    -7.563096888435166    1.000000
8874    8.410635693089203    1.000000
8877    -9.089835567161234    1.000000
8880    9.587102320553745    1.000000
8883    -9.89248315581662    1.000000
8885    5.446532880643376    1.000000
8887    5.359368298957149    1.000000
8889    -9.90710120764749    1.000000
8891    2.8862493548726063    1.000000
8893    7.50489413061456    1.000000
8896    -8.362426273865772    1.000000
8899    9.052584398388515    1.000000
8902    -9.561554984628001    1.000000
8905    9.879150982840102    1.000000
8907    -5.520552026914318    1.000000
8909    -5.284430458851484    1.000000
8911    9.918750063723136    1.000000
8913    -2.970882464188816    1.000000
8915    -7.4461033852720275    1.000000
8918    8.313561681868883    1.000000
8921    -9.014623984878323    1.000000
8924    9.535258527539009    1.000000
8927    -9.865044805939739    1.000000
8929    5.594138653332285    1.000000
8931    5.2090785983590955    1.000000
8933    -9.929621813397405    1.000000
8935    3.0552828131505625    1.000000
8937    7.386729258498484    1.000000
8940    -8.264045745503024    1.000000
8943    8.975957300723174    1.000000
8946    -9.508215009540834    1.000000
8949    9.850165730295144    1.000000
8951    -5.6672869945903495    1.000000
8953    -5.133318621088074    1.000000
8955    9.939715604899034    1.000000
8957    -3.1394437892259206    1.000000
8959    -7.32677640209115    1.000000
8962    8.213882344203693    1.000000
8965    -8.93658737534992    1.000000
8968    9.480426549417684    1.000000
8971    -9.834514921640398    1.000000
8973    5.739991319720006    1.000000
8975    5.057156462621324    1.000000
8977    -9.949030647407607    1.000000
8979    3.2233587986371637    1.000000
8981    7.266249513189101    1.000000
8984    -8.163075408133466    1.000000
8987    8.8965172932824    1.000000
8990    -9.451895324317896    1.000000
8993    9.8180936061727    1.000000
8995    -5.812245932540172    1.000000
8997    -4.980598090051523    1.000000
8999    9.957566211115534    1.000000
9001    -3.3070212668773635    1.000000
9003    -7.205153333905257    1.000000
9006    8.111628917874068    1.000000
9009    -8.855750193899778    1.000000
9012    9.422623569583372    1.000000
9015    -9.800903070456313    1.000000
9017    5.884045172103471    1.000000
9019    4.903649501513622    1.000000
9021    -9.965321627285203    1.000000
9023    3.3904246392254946    1.000000
9025    7.14349265095485    1.000000
9028    -8.059546904114512    1.000000
9031    8.814289271190582    1.000000
9034    -9.392613578574458    1.000000
9037    9.782944661321762    1.000000
9039    -5.955383413139751    1.000000
9041    -4.826316725714901    1.000000
9043    9.972296288301388    1.000000
9045    -3.473562381259965    1.000000
9047    -7.0812722952804    1.000000
9050    8.006833447335305    1.000000
9053    -8.772137773502456    1.000000
9056    9.361867702490237    1.000000
9059    -9.764219785760313    1.000000
9061    6.026255066496812    1.000000
9063    4.748605821462639    1.000000
9065    -9.978489647718854    1.000000
9067    3.556427979370582    1.000000
9069    7.018497141673228    1.000000
9072    -7.953492677488753    1.000000
9075    8.729299003287677    1.000000
9078    -9.330388350184341    1.000000
9081    9.744729910813735    1.000000
9083    -6.0966545795782885    1.000000
9085    -4.67052287718943    1.000000
9087    9.983901220305166    1.000000
9089    -3.6390149412688695    1.000000
9091    -6.955172108391516    1.000000
9094    7.899528773675391    1.000000
9097    -8.685776316844397    1.000000
9100    9.298177987976219    1.000000
9103    -9.72447656345937    1.000000
9105    6.166576436778698    1.000000
9107    4.592074010476163    1.000000
9109    -9.988530582078708    1.000000
9111    3.7213167964967178    1.000000
9113    6.891302156774996    1.000000
9116    -7.844945963816566    1.000000
9119    8.641573124053703    1.000000
9122    -9.26523913945791    1.000000
9125    9.703461330490493    1.000000
9128    -9.947468677018417    1.000000
9130    5.070413306829691    1.000000
9132    5.727395761770995    1.000000
9134    -9.837288562658712    1.000000
9136    2.4601172693326214    1.000000
9138    7.789748524323182    1.000000
9141    -8.596692888112461    1.000000
9144    9.231574385296318    1.000000
9147    -9.681685858391981    1.000000
9150    9.938018323205098    1.000000
9152    -5.146506039667312    1.000000
9154    -5.654613907848471    1.000000
9156    9.852805418960543    1.000000
9158    -2.5458137045814713    1.000000
9160    -7.733940779760661    1.000000
9163    8.551139125261967    1.000000
9166    -9.197186363031026    1.000000
9169    9.659151853211348    1.000000
9172    -9.927789353376015    1.000000
9174    5.222195558111738    1.000000
9176    5.581389030698537    1.000000
9178    -9.867550335439974    1.000000
9180    2.631310682427541    1.000000
9182    7.677527102510127    1.000000
9185    -8.50491540451248    1.000000
9188    9.16207776686767    1.000000
9191    -9.635861080425034    1.000000
9194    9.916782568942423    1.000000
9196    -5.297475932100324    1.000000
9198    -5.507726867286074    1.000000
9200    9.88152215687393    1.000000
9202    -2.7166015044210887    1.000000
9204    -7.620511912425842    1.000000
9207    8.458025347363593    1.000000
9210    -9.126251347466825    1.000000
9213    9.61181536480013    1.000000
9216    -9.90499883225518    1.000000
9218    5.372341263625746    1.000000
9220    5.433633188836118    1.000000
9222    -9.89471978860917    1.000000
9224    2.801679488264112    1.000000
9226    7.5628996764889145    1.000000
9229    -8.410472627520493    1.000000
9232    9.089709911728525    1.000000
9235    -9.587016590251382    1.000000
9238    9.892439066537188    1.000000
9240    -5.4467856871980915    1.000000
9242    -5.359113800381709    1.000000
9244    9.907142196648058    1.000000
9246    -2.8865379683338817    1.000000
9248    -7.504694908457335    1.000000
9251    8.362260970606139    1.000000
9254    -9.052456322572334    1.000000
9257    9.561466699693609    1.000000
9260    -9.87910425581106    1.000000
9262    5.520803370304426    1.000000
9264    5.284174540309081    1.000000
9266    -9.918788407729576    1.000000
9268    2.971170296205179    1.000000
9270    7.445902168512332    1.000000
9273    -8.313394153869378    1.000000
9276    9.014493498713055    1.000000
9279    -9.535167694889466    1.000000
9282    9.864995444822016    1.000000
9284    -5.594388513865732    1.000000
9286    -5.208821279900231    1.000000
9288    9.929657509405567    1.000000
9290    -3.0555698411711774    1.000000
9292    -7.386526062901089    1.000000
9295    8.263876005888996    1.000000
9298    -8.975824414432045    1.000000
9301    9.508121636292627    1.000000
9304    -9.850113738956052    1.000000
9306    5.667535352691259    1.000000
9308    5.1330599228729294    1.000000
9310    -9.939748650112238    1.000000
9312    3.1397299907629423    1.000000
9314    7.326571243575863    1.000000
9317    -8.213710406273773    1.000000
9320    8.9364520993442    1.000000
9323    -9.480330642886342    1.000000
9326    9.834460304153309    1.000000
9328    -5.740238155930215    1.000000
9330    -5.056896404918187    1.000000
9332    9.949061039236856    1.000000
9334    -3.223644151267499    1.000000
9336    -7.266042407829522    1.000000
9339    8.162901285358508    1.000000
9342    -8.896379638160589    1.000000
9345    9.451796892017429    1.000000
9348    -9.818036366816742    1.000000
9350    5.812491227520751    1.000000
9352    4.980336693235187    1.000000
9354    -9.95759394717971    1.000000
9356    3.307305748244431    1.000000
9358    7.20494429792751    1.000000
9361    -8.111452623896104    1.000000
9364    8.855610170446768    1.000000
9367    -9.422522619225681    1.000000
9370    9.800843213716028    1.000000
9372    -5.884288906636245    1.000000
9374    -4.903386786063798    1.000000
9376    9.965346705411262    1.000000
9378    -3.3907082270409714    1.000000
9380    -7.143281700736323    1.000000
9383    8.059368452745685    1.000000
9386    -8.81414689037682    1.000000
9389    9.392510118068714    1.000000
9392    -9.782882191886763    1.000000
9394    5.955625568128798    1.000000
9396    4.826052712214611    1.000000
9398    -9.972318706524531    1.000000
9400    3.4738450533055385    1.000000
9402    7.081059447348453    1.000000
9405    -8.006652852556783    1.000000
9408    8.771993046483082    1.000000
9411    -9.361761739942285    1.000000
9414    9.764154708524904    1.000000
9416    -6.026495622969961    1.000000
9418    -4.748340530596606    1.000000
9420    9.978509404282676    1.000000
9422    -3.5567097134996852    1.000000
9424    -7.018282412703901    1.000000
9427    7.953309953449633    1.000000
9430    -8.729151941401648    1.000000
9433    9.330279893896053    1.000000
9436    -9.744662230876537    1.000000
9438    6.096893518688613    1.000000
9440    4.670256329742454    1.000000
9442    -9.983918313661794    1.000000
9444    3.639295715408418    1.000000
9446    6.954955515208228    1.000000
9449    -7.899343934691593    1.000000
9452    8.685626931613603    1.000000
9455    -9.298067046444844    1.000000
9458    9.724406286122917    1.000000
9460    -6.166813739805986    1.000000
9462    -4.5918062273314915    1.000000
9464    9.988545010888924    1.000000
9466    -3.721596588648842    1.000000
9468    -6.891083716347217    1.000000
9471    7.844759024369706    1.000000
9474    -8.641421427182063    1.000000
9477    9.265125721375403    1.000000
9480    -9.703388461260817    1.000000
9483    9.947437815119695    1.000000
9485    -5.070673125261524    1.000000
9487    -5.727148654635306    1.000000
9489    9.837342715384933    1.000000
9491    -2.4604094474397256    1.000000
9493    -7.789559499059444    1.000000
9496    8.596538891484997    1.000000
9499    -9.23145849954867    1.000000
9502    9.681610402978185    1.000000
9505    -9.937984808365767    1.000000
9507    5.146764495014015    1.000000
9509    5.654365282259301    1.000000
9511    -9.85285694480241    1.000000
9513    2.5461052148028296    1.000000
9515    7.73374968348965    1.000000
9518    -8.550982840943888    1.000000
9521    9.197068018697568    1.000000
9524    -9.659073817525147    1.000000
9527    9.927753188221866    1.000000
9529    -5.222452630124058    1.000000
9531    -5.581138906135005    1.000000
9533    9.867599230360582    1.000000
9535    -2.6316015019241394    1.000000
9537    -7.677333950203701    1.000000
9540    8.504756844748226    1.000000
9543    -9.161956973220345    1.000000
9546    9.635780470580313    1.000000
9549    -9.916743756306897    1.000000
9551    5.297731600637386    1.000000
9553    5.507475263344741    1.000000
9555    -9.881568417042494    1.000000
9557    2.7168916104080325    1.000000
9559    7.6203167192169445    1.000000
9562    -8.457864524575879    1.000000
9565    9.126128113969482    1.000000
9568    -9.611732187112446    1.000000
9571    9.904957375179135    1.000000
9573    -5.372595508656628    1.000000
9575    -5.433380125229453    1.000000
9577    9.894763410401335    1.000000
9579    -2.8019688580124056    1.000000
9581    -7.562702457670391    1.000000
9584    8.410309554309332    1.000000
9587    -9.089584248036163    1.000000
9590    9.58693085123747    1.000000
9593    -9.892394968268674    1.000000
9595    5.44703848880341    1.000000
9597    5.358859296936543    1.000000
9599    -9.90718317664618    1.000000
9601    2.886826579172213    1.000000
9603    7.504495679480732    1.000000
9606    -8.362095659747869    1.000000
9609    9.052328238530352    1.000000
9612    -9.561378406070883    1.000000
9615    9.879057519805052    1.000000
9617    -5.521054708677879    1.000000
9619    -5.2839186169650425    1.000000
9621    9.918826742722988    1.000000
9623    -2.971458125521693    1.000000
9625    -7.44570094498668    1.000000
9628    8.31322661831564    1.000000
9631    -9.014363004356479    1.000000
9634    9.535076853575486    1.000000
9637    -9.864946074740152    1.000000
9639    5.594638369315659    1.000000
9641    5.208563956708201    1.000000
9643    -9.92969319639083    1.000000
9645    3.0558568664152506    1.000000
9647    7.386322860591691    1.000000
9650    -8.263706258765737    1.000000
9653    8.975691519984746    1.000000
9656    -9.508028254404557    1.000000
9659    9.850061738666335    1.000000
9661    -5.667783705642183    1.000000
9663    -5.1328012199934685    1.000000
9665    9.939781686293372    1.000000
9667    -3.140016189446947    1.000000
9669    -7.326366078403053    1.000000
9672    8.213538460880201    1.000000
9675    -8.936316815218088    1.000000
9678    9.480234727740392    1.000000
9681    -9.834405677729821    1.000000
9683    5.740484986924374    1.000000
9685    5.056636342619938    1.000000
9687    -9.949091422025571    1.000000
9689    3.2239295009685667    1.000000
9691    7.265835295867418    1.000000
9694    -8.162727155166069    1.000000
9697    8.896241974954796    1.000000
9700    -9.451698451128284    1.000000
9703    9.81797911853931    1.000000
9705    -5.812736517219627    1.000000
9707    -4.980075291893307    1.000000
9709    9.9576216741956    1.000000
9711    -3.307590226606209    1.000000
9713    -7.204735255402759    1.000000
9716    8.111276322547411    1.000000
9719    -8.855470138946824    1.000000
9722    9.422421660305908    1.000000
9725    -9.800783348069897    1.000000
9727    5.884532635822069    1.000000
9729    4.9031240661583535    1.000000
9731    -9.965371774481989    1.000000
9733    3.390991811775373    1.000000
9735    7.143070744026822    1.000000
9738    -8.059189994053456    1.000000
9741    8.8140045015538    1.000000
9744    -9.392406649028166    1.000000
9747    9.782819713562235    1.000000
9749    -5.955867717706073    1.000000
9751    -4.825788694328974    1.000000
9753    9.972341115686005    1.000000
9755    -3.4741277221944906    1.000000
9757    -7.080846592982074    1.000000
9760    8.00647225050276    1.000000
9763    -8.771848311492757    1.000000
9766    9.361655768887472    1.000000
9769    -9.764089622416984    1.000000
9771    6.026736173966941    1.000000
9773    4.748075235415842    1.000000
9775    -9.978529151779204    1.000000
9777    3.5569914443968695    1.000000
9779    7.018067677357188    1.000000
9782    -7.953127222183483    1.000000
9785    8.729004871583596    1.000000
9788    -9.330171429129509    1.000000
9791    9.74459454208454    1.000000
9793    -6.097132452258801    1.000000
9795    -4.6699897780517    1.000000
9797    9.983935397946214    1.000000
9799    -3.6395764862410043    1.000000
9801    -6.954738915705097    1.000000
9804    7.899159088529803    1.000000
9807    -8.685477538490339    1.000000
9810    9.297956096464482    1.000000
9813    -9.72433599995007    1.000000
9815    6.1670510372296    1.000000
9817    4.591538440014329    1.000000
9819    -9.988559430622729    1.000000
9821    3.7218763774192194    1.000000
9823    6.890865269657635    1.000000
9826    -7.844572077794456    1.000000
9829    8.641269722458118    1.000000
9832    -9.265012294873847    1.000000
9835    9.703315583213843    1.000000
9838    -9.947406944181918    1.000000
9840    5.0709329390857265    1.000000
9842    5.726901542295461    1.000000
9844    -9.837396859172138    1.000000
9846    2.4607016233110994    1.000000
9848    7.789370466717476    1.000000
9851    -8.596384887046014    1.000000
9854    9.231342605412566    1.000000
9857    -9.68153493876688    1.000000
9860    9.937951284495965    1.000000
9862    -5.147022945683944    1.000000
9864    -5.654116651532109    1.000000
9866    9.852908461691165    1.000000
9868    -2.546396722710588    1.000000
9870    -7.7335585801911195    1.000000
9873    8.550826548855683    1.000000
9876    -9.1969496660069    1.000000
9879    9.658995773061923    1.000000
9882    -9.927717014046546    1.000000
9884    5.22270969739083    1.000000
9886    5.580888776499993    1.000000
9888    -9.867648116314676    1.000000
9890    2.6318923190294496    1.000000
9892    7.677140790921021    1.000000
9895    -8.504598277255852    1.000000
9898    9.161836171247716    1.000000
9901    -9.635699851979732    1.000000
9904    9.916704934660201    1.000000
9906    -5.297987264360493    1.000000
9908    -5.507223654398866    1.000000
9910    9.881614668231855    1.000000
9912    -2.7171817139261862    1.000000
9914    -7.620121519083605    1.000000
9917    8.457703694102655    1.000000
9920    -9.126004872179388    1.000000
9923    9.61164900069075    1.000000
9926    -9.904915909102636    1.000000
9928    5.372849748805532    1.000000
9930    5.433127056685574    1.000000
9932    -9.89480702320231    1.000000
9934    2.802258225214601    1.000000
9936    7.5625052319797765    1.000000
9939    -8.410146473455878    1.000000
9942    9.089458576084256    1.000000
9945    -9.586845103512088    1.000000
9948    9.892350861011119    1.000000
9950    -5.447291285459104    1.000000
9952    -5.358604788621875    1.000000
9954    9.907224147641825    1.000000
9956    -2.887115187387337    1.000000
9958    -7.504296443684924    1.000000
9961    8.361930341291112    1.000000
9964    -9.052200146262683    1.000000
9967    9.561290103759905    1.000000
9970    -9.879010774822122    1.000000
9972    5.521306042034449    1.000000
9974    5.283662688819603    1.000000
9976    -9.918865068703342    1.000000
9978    2.971745952138097    1.000000
9980    7.445499714695253    1.000000
9983    -8.313059075207825    1.000000
9986    9.014232501808713    1.000000
9989    -9.534986003597155    1.000000
9992    9.864896695694188    1.000000
9994    -5.594888219681838    1.000000
9996    -5.208306628783247    1.000000
9998    9.929728874353158    1.000000
10000    -3.0561438888825214    1.000000
