1    8.414709848078964    1.000000
3    1.4112000805986722    1.000000
4    -7.568024953079282    1.000000
5    -9.589242746631383    1.000000
6    -2.7941549819892586    1.000000
7    6.569865987187891    1.000000
8    9.893582466233816    1.000000
9    4.121184852417565    1.000000
10    -5.440211108893699    1.000000
11    -9.999902065507035    1.000000
12    -5.365729180004349    1.000000
13    4.201670368266409    1.000000
14    9.906073556948702    1.000000
15    6.502878401571169    1.000000
16    -2.879033166650653    1.000000
17    -9.61397491879557    1.000000
18    -7.509872467716762    1.000000
19    1.4987720966295235    1.000000
20    9.129452507276277    1.000000
22    -0.08851309290403876    1.000000
23    -8.462204041751706    1.000000
25    -1.3235175009777305    1.000000
26    7.625584504796028    1.000000
27    9.56375928404503    1.000000
28    2.70905788307869    1.000000
29    -6.636338842129675    1.000000
30    -9.880316240928618    1.000000
31    -4.04037645323065    1.000000
32    5.514266812416905    1.000000
33    9.999118601072672    1.000000
34    5.290826861200238    1.000000
35    -4.28182669496151    1.000000
36    -9.917788534431159    1.000000
37    -6.435381333569994    1.000000
38    2.9636857870938536    1.000000
39    9.637953862840877    1.000000
40    7.451131604793489    1.000000
41    -1.5862266880470899    1.000000
42    -9.165215479156338    1.000000
44    0.17701925105413577    1.000000
45    8.509035245341183    1.000000
47    1.23573122745224    1.000000
48    -7.682546613236668    1.000000
49    -9.537526527594718    1.000000
50    -2.6237485370392877    1.000000
51    6.702291758433748    1.000000
52    9.866275920404853    1.000000
53    3.959251501818342    1.000000
54    -5.5878904885161615    1.000000
55    -9.9975517335862    1.000000
56    -5.215510020869118    1.000000
57    4.361647552478249    1.000000
58    9.928726480845372    1.000000
59    6.367380071391379    1.000000
60    -3.048106211022167    1.000000
61    -9.66117770008393    1.000000
62    -7.391806966492229    1.000000
63    1.6735570030280693    1.000000
64    9.200260381967908    1.000000
66    -0.26551154023966794    1.000000
67    -8.555199789753221    1.000000
69    -1.1478481378318723    1.000000
70    7.738906815578891    1.000000
71    9.510546532543747    1.000000
72    2.5382336276203628    1.000000
73    -6.767719568873076    1.000000
74    -9.851462604682474    1.000000
75    -3.8778163540943047    1.000000
76    5.661076368981803    1.000000
77    9.995201585807312    1.000000
78    5.139784559875352    1.000000
79    -4.441126687075084    1.000000
80    -9.938886539233751    1.000000
81    -6.29887994274454    1.000000
82    3.1322878243308514    1.000000
83    9.683644611001855    1.000000
84    7.331903200732922    1.000000
85    -1.760756199485871    1.000000
86    -9.234584470040598    1.000000
87    -8.218178366308226    1.000000
88    0.35398302733660686    1.000000
89    8.600694058124533    1.000000
91    1.0598751175115686    1.000000
92    -7.794660696158046    1.000000
93    -9.482821412699472    1.000000
94    -2.4525198546765434    1.000000
95    6.832617147361209    1.000000
96    9.835877454343448    1.000000
97    3.7960773902752165    1.000000
98    -5.733818719904229    1.000000
99    -9.992068341863536    1.000000
100    -5.063656411097588    1.000000
101    4.520257871783506    1.000000
102    9.948267913584063    1.000000
103    6.229886314423489    1.000000
104    -3.216224031625309    1.000000
105    -9.705352835374846    1.000000
106    -7.2714250008085255    1.000000
107    1.8478174456066745    1.000000
108    9.26818505417785    1.000000
109    8.16742606636317    1.000000
110    -0.44242678085070963    1.000000
111    -8.645514486106084    1.000000
113    -0.9718190589320902    1.000000
114    7.849803886813106    1.000000
115    9.454353340247703    1.000000
116    2.36661393364286    1.000000
117    -6.89697940935389    1.000000
118    -9.819521690440835    1.000000
119    -3.7140410143809026    1.000000
120    5.806111842123143    1.000000
121    9.988152247235796    1.000000
122    4.987131538963942    1.000000
123    -4.599034906895912    1.000000
124    -9.956869868891793    1.000000
125    -6.160404591886565    1.000000
126    3.299908256737821    1.000000
127    9.72630067242408    1.000000
128    7.210377105017316    1.000000
129    -1.9347339203846847    1.000000
130    -9.301059501867618    1.000000
131    -8.116033871367005    1.000000
132    0.5308358714605824    1.000000
133    8.689657562142356    1.000000
135    0.8836868610400141    1.000000
136    -7.9043320672288875    1.000000
137    -9.425144545582508    1.000000
138    -2.280522595008612    1.000000
139    6.9608013122474155    1.000000
140    9.802396594403115    1.000000
141    3.6317136537325903    1.000000
142    -5.877950071674065    1.000000
143    -9.983453608739179    1.000000
144    -4.910215938984693    1.000000
145    4.6774516204513334    1.000000
146    9.964691731217739    1.000000
147    6.090440218832924    1.000000
148    -3.383333943242765    1.000000
149    -9.746486480944949    1.000000
150    -7.148764296291645    1.000000
151    2.0214988141565358    1.000000
152    9.33320523748862    1.000000
153    8.064005807754864    1.000000
154    -0.6192033725605731    1.000000
155    -8.733119827746476    1.000000
157    -0.7954854287472211    1.000000
158    7.958240965274552    1.000000
159    9.395197317131482    1.000000
160    2.194252583790047    1.000000
161    -7.024077855773711    1.000000
162    -9.784503507933795    1.000000
163    -3.5491017584493534    1.000000
164    5.949327780232086    1.000000
165    9.977972794498907    1.000000
166    4.832915637282564    1.000000
167    -4.755501868718988    1.000000
168    -9.971732887740798    1.000000
169    -6.019998676776046    1.000000
170    3.466494554970303    1.000000
171    9.765908679435658    1.000000
172    7.0865914018232266    1.000000
173    -2.108105329134813    1.000000
174    -9.364619742512131    1.000000
175    -8.011345951780408    1.000000
176    0.7075223608034518    1.000000
177    8.775897877771156    1.000000
179    0.7072216723899124    1.000000
180    -8.011526357338305    1.000000
181    -9.36451400117644    1.000000
182    -2.107810659001915    1.000000
183    7.086804082392084    1.000000
184    9.765843832906294    1.000000
185    3.46621180094276    1.000000
186    -6.0202393755528325    1.000000
187    -9.97171023392149    1.000000
188    -4.755236690120583    1.000000
189    4.833179536679626    1.000000
190    9.977992786806002    1.000000
191    5.949085484614269    1.000000
192    -3.5493835765184625    1.000000
193    -9.784565746221132    1.000000
194    -7.023863292684921    1.000000
195    2.1945466799406357    1.000000
196    9.395300555699311    1.000000
197    7.9580584291964716    1.000000
198    -0.7957859166428353    1.000000
199    -8.817988360675502    1.000000
201    -0.6189025071872073    1.000000
202    8.064184068658303    1.000000
203    9.333097001669604    1.000000
204    2.0212035931279124    1.000000
205    -7.148975077677644    1.000000
206    -9.7464190312541    1.000000
207    -3.3830502754097784    1.000000
208    6.090679301910604    1.000000
209    9.96466641766108    1.000000
210    4.677185183427589    1.000000
211    -4.91047853850463    1.000000
212    -9.983470937967718    1.000000
213    -5.877706198198406    1.000000
214    3.631994513763607    1.000000
215    9.802456219572225    1.000000
216    6.960584883449115    1.000000
217    -2.2808160941352784    1.000000
218    -9.425245273294026    1.000000
219    -7.904147414931814    1.000000
220    0.8839871248753148    1.000000
221    8.859387978787574    1.000000
223    0.5305348526993529    1.000000
224    -8.116209973649745    1.000000
225    -9.300948780045253    1.000000
226    -1.934438171590079    1.000000
227    7.210585970706318    1.000000
228    9.726230624856242    1.000000
229    3.2996236973239728    1.000000
230    -6.160642040533644    1.000000
231    -9.956841897581032    1.000000
232    -4.598767232321427    1.000000
233    4.987392818032812    1.000000
234    9.988166912028083    1.000000
235    5.805866409896447    1.000000
236    -3.714320894369226    1.000000
237    -9.819578697820255    1.000000
238    -6.896761131802671    1.000000
239    2.3669068127507673    1.000000
240    9.454451549211168    1.000000
241    7.849617132764033    1.000000
242    -0.9721190751822434    1.000000
243    -8.900093488562772    1.000000
245    -0.44212563228559665    1.000000
246    8.167599996228084    1.000000
247    9.268071855026882    1.000000
248    1.84752119221718    1.000000
249    -7.27163193443649    1.000000
250    -9.705280195418053    1.000000
251    -3.2159386029250383    1.000000
252    6.23012211003653    1.000000
253    9.948237286710674    1.000000
254    4.519988980629834    1.000000
255    -5.063916349244908    1.000000
256    -9.992080341070627    1.000000
257    -5.733571748155426    1.000000
258    3.7963562682930316    1.000000
259    9.835931839466808    1.000000
260    6.832397038158509    1.000000
261    -2.4528120908194286    1.000000
262    -9.48291709522049    1.000000
263    -7.7944718549886325    1.000000
264    1.0601748626711378    1.000000
265    8.940101700837943    1.000000
267    0.3536817725617605    1.000000
268    -8.218350110128398    1.000000
269    -9.234468802429866    1.000000
270    -1.760459464712114    1.000000
271    7.332108186087176    1.000000
272    9.683569384347242    1.000000
273    3.132001548706699    1.000000
274    -6.299114066849613    1.000000
275    -9.938853259197261    1.000000
276    -4.440856600409099    1.000000
277    5.140043136735693    1.000000
278    9.9952109184891    1.000000
279    5.660827877060441    1.000000
280    -3.878094208292295    1.000000
281    -9.85151436328885    1.000000
282    -6.767497645263834    1.000000
283    2.53852519790234    1.000000
284    9.510639681125854    1.000000
285    7.738715902084317    1.000000
286    -1.1481475884166603    1.000000
287    -8.979409481081248    1.000000
289    -0.26521020285755953    1.000000
290    8.268456339220815    1.000000
292    1.6732598101183922    1.000000
293    -7.39200998751274    1.000000
294    -9.661099892625296    1.000000
295    -3.047819110903029    1.000000
296    6.367612505645516    1.000000
297    9.92869055025318    1.000000
298    4.361376291460488    1.000000
299    -5.215767216183704    1.000000
300    -9.997558399011496    1.000000
301    -5.5876404958908905    1.000000
302    3.959528310427406    1.000000
303    9.866325048439105    1.000000
304    6.702068037805061    1.000000
305    -2.6240394186166385    1.000000
306    -9.537617134939989    1.000000
307    -7.682353642374471    1.000000
308    1.236030360001129    1.000000
309    9.018013749637745    1.000000
311    0.17671785467370874    1.000000
312    -8.317914757822045    1.000000
314    -1.585929060285728    1.000000
315    7.451332645574127    1.000000
316    9.637873480674221    1.000000
317    2.9633978849732245    1.000000
318    -6.435612059762619    1.000000
319    -9.917749956098326    1.000000
320    -4.2815542808445155    1.000000
321    5.291082654818533    1.000000
322    9.999122598719259    1.000000
323    5.51401533867395    1.000000
324    -4.040652194563607    1.000000
325    -9.8803627345417    1.000000
326    -6.636113342009432    1.000000
327    2.7093480531616545    1.000000
328    9.563847343054627    1.000000
329    7.625389491684938    1.000000
330    -1.3238162920545193    1.000000
331    -9.055911481970673    1.000000
333    -0.08821166113885875    1.000000
334    8.366721491002947    1.000000
336    1.498474057334782    1.000000
337    -7.510071512506544    1.000000
338    -9.613891968218608    1.000000
339    -2.8787444850848605    1.000000
340    6.503107401625526    1.000000
341    9.906032333897738    1.000000
342    4.201396822393068    1.000000
343    -5.365983551885637    1.000000
344    -9.99990339506171    1.000000
345    -5.439958173735323    1.000000
346    4.121459504870851    1.000000
347    9.893626321783087    1.000000
348    6.569638725243396    1.000000
349    -2.79444441784382    1.000000
350    -9.589328250406131    1.000000
351    -7.567827912998033    1.000000
352    1.4114985067939139    1.000000
353    9.093099708898409    1.000000
355    -0.0003014435335948845    1.000000
356    -8.414872714892107    1.000000
358    -1.4109016531210987    1.000000
359    7.568221986283603    1.000000
360    9.589157234143066    1.000000
361    2.793865543595699    1.000000
362    -6.570093243162466    1.000000
363    -9.893538601694429    1.000000
364    -4.120910196219435    1.000000
365    5.440464039108651    1.000000
366    9.99990072686563    1.000000
367    5.365474803247321    1.000000
368    -4.201943910321767    1.000000
369    -9.906114770998197    1.000000
370    -6.5026493956077625    1.000000
371    2.8793218456003196    1.000000
372    9.614057860636484    1.000000
373    7.509673416102894    1.000000
374    -1.4990701345623574    1.000000
375    -9.129575516827101    1.000000
377    0.08881452458878847    1.000000
378    8.462364656975446    1.000000
380    1.3232187086982847    1.000000
381    -7.625779510977886    1.000000
382    -9.563671216345018    1.000000
383    -2.7087677105340537    1.000000
384    6.636564336219596    1.000000
385    9.88026973833747    1.000000
386    4.040100708226276    1.000000
387    -5.5145182811491456    1.000000
388    -9.999114594340064    1.000000
389    -5.290571062774264    1.000000
390    4.282099105187686    1.000000
391    9.917827103751872    1.000000
392    6.435150601529656    1.000000
393    -2.963973686521434    1.000000
394    -9.638034236249698    1.000000
395    -7.450930557242139    1.000000
396    1.5865243143670757    1.000000
397    9.165336047978942    1.000000
399    -0.17732064727370864    1.000000
400    -8.509193596391766    1.000000
402    -1.2354320937804644    1.000000
403    7.6827395771178715    1.000000
404    9.53743591158287    1.000000
405    2.6234576530777836    1.000000
406    -6.702515472972181    1.000000
407    -9.866226783405292    1.000000
408    -3.9589746896115763    1.000000
409    5.588140476063819    1.000000
410    9.997545059076307    1.000000
411    5.215252820815293    1.000000
412    -4.361918809532661    1.000000
413    -9.928762402415506    1.000000
414    -6.367147631351319    1.000000
415    3.048393308371545    1.000000
416    9.661255498763625    1.000000
417    7.391603938754916    1.000000
418    -1.6738541944170149    1.000000
419    -9.200378500616056    1.000000
421    0.26581287738051085    1.000000
422    8.555355864224282    1.000000
424    1.147548686204055    1.000000
425    -7.739097722041261    1.000000
426    -9.510453375319576    1.000000
427    -2.5379420550319383    1.000000
428    6.767941486332613    1.000000
429    9.851410837124249    1.000000
430    3.877538496372612    1.000000
431    -5.661324855759047    1.000000
432    -9.995192244043064    1.000000
433    -5.13952597834458    1.000000
434    4.441396769705497    1.000000
435    9.938919810238955    1.000000
436    6.298645812915786    1.000000
437    -3.132574097108751    1.000000
438    -9.683719828857113    1.000000
439    -7.3316982087163    1.000000
440    1.76105293265966    1.000000
441    9.234700129260027    1.000000
442    8.218006615020341    1.000000
443    -0.35428428178979515    1.000000
444    -8.60084784378807    1.000000
446    -1.0595753713889096    1.000000
447    7.7948495302445915    1.000000
448    9.482725721561588    1.000000
449    2.452227616305097    1.000000
450    -6.832837250355235    1.000000
451    -9.835823060282404    1.000000
452    -3.7957985088079753    1.000000
453    5.734065686442813    1.000000
454    9.992056333576835    1.000000
455    5.063396468349013    1.000000
456    -4.5205267588297    1.000000
457    -9.948298531417644    1.000000
458    -6.22965051314946    1.000000
459    3.2165094574030553    1.000000
460    9.70542546651256    1.000000
461    7.2712180605731485    1.000000
462    -1.8481136973170906    1.000000
463    -9.268298244906983    1.000000
464    -8.16725212907666    1.000000
465    0.44272792901379737    1.000000
466    8.645665970913422    1.000000
468    0.9715190417988625    1.000000
469    -7.8499906337292025    1.000000
470    -9.454255122693237    1.000000
471    -2.3663210523844547    1.000000
472    6.89719768063795    1.000000
473    9.819464674138594    1.000000
474    3.7137611310176957    1.000000
475    -5.806357269073929    1.000000
476    -9.988137573367451    1.000000
477    -4.986870255363352    1.000000
478    4.599302577291338    1.000000
479    9.956897831154928    1.000000
480    6.160167137641635    1.000000
481    -3.3001928131531    1.000000
482    -9.7263707111538    1.000000
483    -7.210168232776373    1.000000
484    1.9350296674212326    1.000000
485    9.301170215238274    1.000000
486    8.115857761709371    1.000000
487    -0.5311368897394511    1.000000
488    -8.689806734225085    1.000000
490    -0.8833865964017233    1.000000
491    7.904516712343436    1.000000
492    9.425043809306533    1.000000
493    2.2802290938096754    1.000000
494    -6.961017734720562    1.000000
495    -9.802336960326743    1.000000
496    -3.6314327904015005    1.000000
497    5.878193939808537    1.000000
498    9.983436270438855    1.000000
499    4.909953335002932    1.000000
500    -4.677718053224761    1.000000
501    -9.964717035719659    1.000000
502    -6.09020113022097    1.000000
503    3.3836176080013773    1.000000
504    9.746553921779338    1.000000
505    7.148553508409695    1.000000
506    -2.0217940333482605    1.000000
507    -9.333313464826718    1.000000
508    -8.063827539523807    1.000000
509    0.6195042373712799    1.000000
510    8.733266675417378    1.000000
512    0.7951849401287635    1.000000
513    -7.958423494121124    1.000000
514    -9.395094070026406    1.000000
515    -2.193958485645581    1.000000
516    7.024292412479847    1.000000
517    9.78444126075546    1.000000
518    3.5488199371552387    1.000000
519    -5.949570070443855    1.000000
520    -9.97795279312501    1.000000
521    -4.83265173349392    1.000000
522    4.755767042996153    1.000000
523    9.971755532498971    1.000000
524    6.019757972528995    1.000000
525    -3.466777305847905    1.000000
526    -9.765973517090915    1.000000
527    -7.086378714814911    1.000000
528    2.1083999973521137    1.000000
529    9.364725475338364    1.000000
530    8.011165538942745    1.000000
531    -0.7078230485740782    1.000000
532    -8.776042389525124    1.000000
534    -0.7069209833337335    1.000000
535    8.011706755616272    1.000000
536    9.364408251331382    1.000000
537    2.1075159869536875    1.000000
538    -7.087016756521291    1.000000
539    -9.765778977502883    1.000000
540    -3.465929043765532    1.000000
541    6.020480068859135    1.000000
542    9.971687571041068    1.000000
543    4.754971507201182    1.000000
544    -4.833443431684865    1.000000
545    -9.978012770046275    1.000000
546    -5.948843183590627    1.000000
547    3.549665391362312    1.000000
548    9.784627975617406    1.000000
549    7.0236487232136735    1.000000
550    -2.19484077409708    1.000000
551    -9.395403785729805    1.000000
552    -7.957875885887046    1.000000
553    0.7960864038153331    1.000000
554    8.818130525190444    1.000000
556    0.6186016412514559    1.000000
557    -8.064362322233965    1.000000
558    -9.33298875736977    1.000000
559    -2.020908370262657    1.000000
560    7.149185852567494    1.000000
561    9.746351572706857    1.000000
562    3.3827666045026743    1.000000
563    -6.090918379453792    1.000000
564    -9.964641095049709    1.000000
565    -4.676918742153772    1.000000
566    4.910741133562502    1.000000
567    9.983488258124456    1.000000
568    5.877462319381781    1.000000
569    -3.6322753704942956    1.000000
570    -9.80251583583402    1.000000
571    -6.960368448325855    1.000000
572    2.2811095911894084    1.000000
573    9.425345992440992    1.000000
574    7.903962755452384    1.000000
575    -0.8842873879073524    1.000000
576    -8.859527784925298    1.000000
578    -0.5302338334560358    1.000000
579    8.11638606855743    1.000000
580    9.300838049771285    1.000000
581    1.9341424210376839    1.000000
582    -7.2107948298431905    1.000000
583    -9.726160568450355    1.000000
584    -3.299339134911817    1.000000
585    6.16087948358266    1.000000
586    9.956813917222668    1.000000
587    4.598499553568124    1.000000
588    -4.987654092569731    1.000000
589    -9.988181567744302    1.000000
590    -5.805620972394065    1.000000
591    3.7146007709824134    1.000000
592    9.819635696276798    1.000000
593    6.896542847984486    1.000000
594    -2.367199689707908    1.000000
595    -9.454549749583542    1.000000
596    -7.849430371582153    1.000000
597    0.9724190905490492    1.000000
598    8.900230925369854    1.000000
600    0.441824483318732    1.000000
601    -8.167773918671251    1.000000
602    -9.267958647454188    1.000000
603    -1.8472249371488758    1.000000
604    7.271838861456853    1.000000
605    9.705207546642246    1.000000
606    3.215653171302501    1.000000
607    -6.2303578999883715    1.000000
608    -9.948206650797498    1.000000
609    -4.51972008536893    1.000000
610    5.06417628279074    1.000000
611    9.992092331198092    1.000000
612    5.733324771196631    1.000000
613    -3.7966351428611658    1.000000
614    -9.835986215652435    1.000000
615    -6.83217692274733    1.000000
616    2.4531043247334874    1.000000
617    9.483012769124548    1.000000
618    7.794283006736524    1.000000
619    -1.0604746068673452    1.000000
620    -8.940236757546597    1.000000
622    -0.3533805174655298    1.000000
623    8.218521846480701    1.000000
624    9.234353126427939    1.000000
625    1.7601627283386594    1.000000
626    -7.332313164778872    1.000000
627    -9.683494148893342    1.000000
628    -3.1317152702365525    1.000000
629    6.299348185230797    1.000000
630    9.938819970129513    1.000000
631    4.440586509707787    1.000000
632    -5.14030170892537    1.000000
633    -9.995220242088418    1.000000
634    -5.660579379995189    1.000000
635    3.8783720589663297    1.000000
636    9.851566112943335    1.000000
637    6.767275715505089    1.000000
638    -2.538816765877605    1.000000
639    -9.510732821065814    1.000000
640    -7.738524981557708    1.000000
641    1.1484470379581473    1.000000
642    8.979542147110152    1.000000
644    0.2649088652344594    1.000000
645    -8.268625876027196    1.000000
647    -1.6729626156882544    1.000000
648    7.392213001816264    1.000000
649    9.661022076387795    1.000000
650    3.047532008014394    1.000000
651    -6.367844934113518    1.000000
652    -9.928654610638965    1.000000
653    -4.361105026479622    1.000000
654    5.216024406758817    1.000000
655    9.99756505535219    1.000000
656    5.587390498188231    1.000000
657    -3.9598051154385194    1.000000
658    -9.866374167508006    1.000000
659    -6.701844311086327    1.000000
660    2.624330297809573    1.000000
661    9.537707733618594    1.000000
662    7.682160664531459    1.000000
663    -1.2363294914268594    1.000000
664    -9.018144014592892    1.000000
666    -0.1764164581327013    1.000000
667    8.318082081799766    1.000000
669    1.5856314310832615    1.000000
670    -7.451533679583873    1.000000
671    -9.637793089749803    1.000000
672    -2.9631099801598086    1.000000
673    6.435842780107317    1.000000
674    9.917711368753412    1.000000
675    4.281281862836949    1.000000
676    -5.291338443628917    1.000000
677    -9.999126587279825    1.000000
678    -5.513763859920506    1.000000
679    4.040927932224895    1.000000
680    9.880409219176677    1.000000
681    6.635887835859072    1.000000
682    -2.7096382207826837    1.000000
683    -9.563935393373727    1.000000
684    -7.625194471644794    1.000000
685    1.3241150819283802    1.000000
686    9.056039335646163    1.000000
688    0.08791022929352243    1.000000
689    -8.36688658904264    1.000000
691    -1.4981760166784042    1.000000
692    7.510270550472058    1.000000
693    9.613809008905674    1.000000
694    2.8784558009032053    1.000000
695    -6.503336395770626    1.000000
696    -9.905991101845336    1.000000
697    -4.201123272701993    1.000000
698    5.366237918890952    1.000000
699    9.99990471552965    1.000000
700    5.439705233633756    1.000000
701    -4.121734153579038    1.000000
702    -9.893670168342195    1.000000
703    -6.569411457329191    1.000000
704    2.79473385115912    1.000000
705    9.589413745467228    1.000000
706    7.567630866040036    1.000000
707    -1.411796931706552    1.000000
708    -9.093225141277264    1.000000
710    0.0006028870669158527    1.000000
711    8.415035574058805    1.000000
713    1.410603224361464    1.000000
714    -7.568419012610815    1.000000
715    -9.589071712941251    1.000000
716    -2.793576102663403    1.000000
717    6.570320493166916    1.000000
718    9.893494728164958    1.000000
719    4.120635536276707    1.000000
720    -5.440716964379952    1.000000
721    -9.999899379137492    1.000000
722    -5.365220421614781    1.000000
723    4.202217448558896    1.000000
724    9.906155976046184    1.000000
725    6.502420383735516    1.000000
726    -2.8796105219335977    1.000000
727    -9.614140793741274    1.000000
728    -7.50947435766512    1.000000
729    1.4993681711330133    1.000000
730    9.129698518082044    1.000000
732    -0.08911595619283405    1.000000
733    -8.462525264509583    1.000000
735    -1.322919915216454    1.000000
736    7.625974510230333    1.000000
737    9.563583139954668    1.000000
738    2.7084775355280075    1.000000
739    -6.63678982427899    1.000000
740    -9.880223226768296    1.000000
741    -4.039824959550734    1.000000
742    5.514769744870444    1.000000
743    9.99911057852144    1.000000
744    5.290315259540842    1.000000
745    -4.282371511522794    1.000000
746    -9.917865664060434    1.000000
747    -6.43491986364181    1.000000
748    2.964261583255706    1.000000
749    9.63811460090061    1.000000
750    7.450729502920266    1.000000
751    -1.5868219392454155    1.000000
752    -9.165456608473168    1.000000
754    0.17762204333215337    1.000000
755    8.509351939710195    1.000000
757    1.2351329589860733    1.000000
758    -7.68293253401791    1.000000
759    -9.537345286904527    1.000000
760    -2.6231667667323904    1.000000
761    6.70273918142016    1.000000
762    9.866177637440469    1.000000
763    3.958697873807361    1.000000
764    -5.58839045853363    1.000000
765    -9.997538375481824    1.000000
766    -5.21499561602246    1.000000
767    4.362190062623474    1.000000
768    9.928798314963556    1.000000
769    6.366915185525545    1.000000
770    -3.048680402950903    1.000000
771    -9.66133328866431    1.000000
772    -7.3914009043009825    1.000000
773    1.6741513842849596    1.000000
774    9.200496610903986    1.000000
776    -0.26611421427981424    1.000000
777    -8.555511930921242    1.000000
779    -1.147249233533481    1.000000
780    7.73928862147125    1.000000
781    9.510360209453426    1.000000
782    2.537650480137331    1.000000
783    -6.768163397642243    1.000000
784    -9.851359060614225    1.000000
785    -3.8772606351274703    1.000000
786    5.6615733373919435    1.000000
787    9.995182893196365    1.000000
788    5.139267392143616    1.000000
789    -4.441666848300092    1.000000
790    -9.93895307221284    1.000000
791    -6.298411677363564    1.000000
792    3.132860367040136    1.000000
793    9.68379503791295    1.000000
794    7.331493210037496    1.000000
795    -1.7613496642332123    1.000000
796    -9.23481578008805    1.000000
797    -8.217834856264904    1.000000
798    0.3545855359210518    1.000000
799    8.601001621636172    1.000000
801    1.0592756243034338    1.000000
802    -7.795038357248096    1.000000
803    -9.48263002180692    1.000000
804    -2.451935375705356    1.000000
805    6.833057347140386    1.000000
806    9.835768657283722    1.000000
807    3.7955196238915594    1.000000
808    -5.734312647770956    1.000000
809    -9.99204431621053    1.000000
810    -5.063136520999422    1.000000
811    4.5207956417681725    1.000000
812    9.948329140211381    1.000000
813    6.229414706214662    1.000000
814    -3.2167948802580177    1.000000
815    -9.705498088831128    1.000000
816    -7.2710111137305455    1.000000
817    1.8484099473481592    1.000000
818    9.268411427214179    1.000000
819    8.167078184368716    1.000000
820    -0.44302907677458625    1.000000
821    -8.6458174478646    1.000000
823    -0.9712190237828329    1.000000
824    7.850177373512152    1.000000
825    9.45415689654786    1.000000
826    2.3660281689758142    1.000000
827    -6.897415945654649    1.000000
828    -9.819407648913579    1.000000
829    -3.7134812442798615    1.000000
830    5.8066026907485835    1.000000
831    9.988122890423071    1.000000
832    4.986608967231283    1.000000
833    -4.5995702435074595    1.000000
834    -9.956925784370405    1.000000
835    -6.159929677799072    1.000000
836    3.300477366569554    1.000000
837    9.726440741045344    1.000000
838    7.209959353983679    1.000000
839    -1.9353254126994537    1.000000
840    -9.301280920157128    1.000000
841    -8.115681644677002    1.000000
842    0.531437907535685    1.000000
843    8.689955898411544    1.000000
845    0.8830863309607148    1.000000
846    -7.9047013502752925    1.000000
847    -9.424943064466191    1.000000
848    -2.2799355905387353    1.000000
849    6.961234150868356    1.000000
850    9.802277317343165    1.000000
851    3.631151923770593    1.000000
852    -5.878437802601598    1.000000
853    -9.983418923066761    1.000000
854    -4.9096907265595835    1.000000
855    4.677984481747631    1.000000
856    9.964742331166821    1.000000
857    6.089962036074961    1.000000
858    -3.383901269685357    1.000000
859    -9.74662135375721    1.000000
860    -7.148342714031983    1.000000
861    2.022089250702817    1.000000
862    9.333421683683804    1.000000
863    8.063649263965292    1.000000
864    -0.6198051016190546    1.000000
865    -8.733413515152515    1.000000
867    -0.7948844507877357    1.000000
868    7.958606015736018    1.000000
869    9.394990814384172    1.000000
870    2.1936643855075038    1.000000
871    -7.024506962803133    1.000000
872    -9.784379004686176    1.000000
873    -3.5485381126363746    1.000000
874    5.949812355249355    1.000000
875    9.977932782684322    1.000000
876    4.832387825313932    1.000000
877    -4.756032212951838    1.000000
878    -9.971778168195991    1.000000
879    -6.019517262811898    1.000000
880    3.4670600535753078    1.000000
881    9.766038345872007    1.000000
882    7.08616602136733    1.000000
883    -2.1086946636535484    1.000000
884    -9.364831199655036    1.000000
885    -8.010985118825479    1.000000
886    0.7081237357015184    1.000000
887    8.776186893304462    1.000000
889    0.7066202936351883    1.000000
890    -8.011887146614145    1.000000
891    -9.364302492977055    1.000000
892    -2.1072213129903985    1.000000
893    7.087229424210652    1.000000
894    9.765714113225483    1.000000
895    3.465646283438878    1.000000
896    -6.020720756694737    1.000000
897    -9.971664899099553    1.000000
898    -4.754706319961021    1.000000
899    4.83370732229804    1.000000
900    9.978032744219705    1.000000
901    5.948600877161378    1.000000
902    -3.5499472029806434    1.000000
903    -9.784690196122567    1.000000
904    -7.023434147360162    1.000000
905    2.1951348662591115    1.000000
906    9.395507007222859    1.000000
907    7.957693335346439    1.000000
908    -0.7963868902644415    1.000000
909    -8.818272681692509    1.000000
911    -0.6183007747535922    1.000000
912    8.064540568481686    1.000000
913    9.332880504589218    1.000000
914    2.0206131455610383    1.000000
915    -7.149396620961009    1.000000
916    -9.746284105303276    1.000000
917    -3.382482930521711    1.000000
918    6.091157451462273    1.000000
919    9.964615763383645    1.000000
920    4.676652296630121    1.000000
921    -4.911003724158074    1.000000
922    -9.98350556920938    1.000000
923    -5.87721843522441    1.000000
924    3.632556223924401    1.000000
925    9.802575443188443    1.000000
926    6.960152006877833    1.000000
927    -2.281403086170735    1.000000
928    -9.42544670302331    1.000000
929    -7.903778088790765    1.000000
930    0.8845876501358538    1.000000
931    8.859667583012527    1.000000
933    0.5299328137309047    1.000000
934    -8.1165621560899    1.000000
935    -9.300727311045812    1.000000
936    -1.933846668727768    1.000000
937    7.211003682427745    1.000000
938    9.726090503206482    1.000000
939    3.299054569501611    1.000000
940    -6.161116921033394    1.000000
941    -9.956785927816723    1.000000
942    -4.598231870636247    1.000000
943    4.987915362574457    1.000000
944    9.988196214384441    1.000000
945    5.805375529616218    1.000000
946    -3.71488064422021    1.000000
947    -9.819692685810418    1.000000
948    -6.896324557899539    1.000000
949    2.3674925645140164    1.000000
950    9.454647941364737    1.000000
951    7.849243603267638    1.000000
952    -0.9727191050322355    1.000000
953    -8.900368354089458    1.000000
955    -0.4415233339503893    1.000000
956    8.167947833692505    1.000000
957    9.267845431459863    1.000000
958    1.846928680402032    1.000000
959    -7.272045781869427    1.000000
960    -9.705134889047493    1.000000
961    -3.215367736757958    1.000000
962    6.230593684278799    1.000000
963    9.948176005844566    1.000000
964    4.519451186001038    1.000000
965    -5.064436211734845    1.000000
966    -9.992104312245923    1.000000
967    -5.733077789028065    1.000000
968    3.796914013979365    1.000000
969    9.836040582900274    1.000000
970    6.831956801127874    1.000000
971    -2.453396556418455    1.000000
972    -9.483108434411564    1.000000
973    -7.794094151401889    1.000000
974    1.060774350099918    1.000000
975    8.940371806131417    1.000000
977    0.35307926204818857    1.000000
978    -8.218693575364984    1.000000
979    -9.234237442034923    1.000000
980    -1.7598659903657765    1.000000
981    7.3325181368078285    1.000000
982    9.683418904640227    1.000000
983    3.1314289889206726    1.000000
984    -6.299582297887875    1.000000
985    -9.93878667203054    1.000000
986    -4.440316414971394    1.000000
987    5.140560276444147    1.000000
988    9.995229556605263    1.000000
989    5.660330877786267    1.000000
990    -3.8786499061161592    1.000000
991    -9.851617853645877    1.000000
992    -6.767053779597042    1.000000
993    2.5391083315458927    1.000000
994    9.510825952363543    1.000000
995    7.738334053999244    1.000000
996    -1.1487464864560613    1.000000
997    -8.97967480497951    1.000000
999    -0.26460752737064125    1.000000
1000    8.268795405320027    1.000000
1002    1.6726654197379252    1.000000
1003    -7.392416009402618    1.000000
1004    -9.660944251371497    1.000000
1005    -3.0472449023565193    1.000000
1006    6.3680773567951725    1.000000
1007    9.92861866200276    1.000000
1008    4.360833757535898    1.000000
1009    -5.21628159259422    1.000000
1010    -9.997571702608276    1.000000
1011    -5.58714049540841    1.000000
1012    3.960081916851428    1.000000
1013    9.86642327761151    1.000000
1014    6.701620578277746    1.000000
1015    -2.624621174617824    1.000000
1016    -9.53779832363046    1.000000
1017    -7.681967679707804    1.000000
1018    1.2366286217291595    1.000000
1019    9.018274271353413    1.000000
1021    0.17611506143138744    1.000000
1022    -8.318249398218997    1.000000
1024    -1.5853338004399595    1.000000
1025    7.451734706822545    1.000000
1026    9.637712690067694    1.000000
1027    2.9628220726538683    1.000000
1028    -6.436073494603881    1.000000
1029    -9.917672772396454    1.000000
1030    -4.2810094409390596    1.000000
1031    5.291594227631156    1.000000
1032    9.999130566754362    1.000000
1033    5.513512376156807    1.000000
1034    -4.041203666214265    1.000000
1035    -9.8804556948335    1.000000
1036    -6.635662323678802    1.000000
1037    2.709928385941512    1.000000
1038    9.564023435002253    1.000000
1039    7.6249994446757725    1.000000
1040    -1.3244138705990416    1.000000
1041    -9.056167181092594    1.000000
1043    -0.08760879736830365    1.000000
1044    8.367051679479498    1.000000
1046    1.4978779746606605    1.000000
1047    -7.510469581613123    1.000000
1048    -9.613726040856847    1.000000
1049    -2.878167114105948    1.000000
1050    6.5035653840062615    1.000000
1051    9.90594986079154    1.000000
1052    4.2008497191934335    1.000000
1053    -5.366492281020062    1.000000
1054    -9.99990602691086    1.000000
1055    -5.439452288589227    1.000000
1056    4.122008798541881    1.000000
1057    9.893714005911104    1.000000
1058    6.569184183445478    1.000000
1059    -2.795023281934896    1.000000
1060    -9.589499231814596    1.000000
1061    -7.567433812205466    1.000000
1062    1.4120953553363158    1.000000
1063    9.09335056539327    1.000000
1065    -0.0009043305996889882    1.000000
1066    -8.415198425578915    1.000000
1068    -1.4103047943200393    1.000000
1069    7.568616032060744    1.000000
1070    9.588986183026018    1.000000
1071    2.7932866591926353    1.000000
1072    -6.570547737201031    1.000000
1073    -9.893450845645447    1.000000
1074    -4.1203608725896315    1.000000
1075    5.44096988470737    1.000000
1076    9.999898022322627    1.000000
1077    5.364966035106962    1.000000
1078    -4.202490982977543    1.000000
1079    -9.906197172092625    1.000000
1080    -6.502191365954637    1.000000
1081    2.8798991956502253    1.000000
1082    9.614223718109871    1.000000
1083    7.509275292403622    1.000000
1084    -1.4996662063412205    1.000000
1085    -9.129821511040994    1.000000
1087    0.08941738771590156    1.000000
1088    8.462685864353979    1.000000
1090    1.3226211205325098    1.000000
1091    -7.626169502553197    1.000000
1092    -9.563495054874062    1.000000
1093    -2.708187358060818    1.000000
1094    6.637015306307652    1.000000
1095    9.88017670622114    1.000000
1096    4.039549207204277    1.000000
1097    -5.515021203580568    1.000000
1098    -9.999106553616807    1.000000
1099    -5.290059451500206    1.000000
1100    4.28264391396659    1.000000
1101    9.917904215356813    1.000000
1102    6.434689119906669    1.000000
1103    -2.9645494772964054    1.000000
1104    -9.638194956793543    1.000000
1105    -7.4505284418280455    1.000000
1106    1.5871195626818386    1.000000
1107    9.165577160638906    1.000000
1109    -0.1779234392291962    1.000000
1110    -8.509510275296329    1.000000
1112    -1.2348338230693396    1.000000
1113    7.683125483936603    1.000000
1114    9.537254653559767    1.000000
1115    2.6228758780033727    1.000000
1116    -6.702962883777479    1.000000
1117    -9.866128482510428    1.000000
1118    -3.9584210544059486    1.000000
1119    5.588640435925373    1.000000
1120    9.997531682802759    1.000000
1121    5.214738406490854    1.000000
1122    -4.362461311750444    1.000000
1123    -9.928834218489484    1.000000
1124    -6.366682733914269    1.000000
1125    3.0489674947599807    1.000000
1126    9.661411069785915    1.000000
1127    7.3911978631306186    1.000000
1128    -1.6744485726316327    1.000000
1129    -9.200614712831591    1.000000
1131    0.2664155509373045    1.000000
1132    8.555667989843963    1.000000
1134    1.1469497798204222    1.000000
1135    -7.739479513868687    1.000000
1136    -9.510267034945384    1.000000
1137    -2.537358902936807    1.000000
1138    6.7683853028017635    1.000000
1139    9.851307275152447    1.000000
1140    3.876982770359131    1.000000
1141    -5.661821813880273    1.000000
1142    -9.995173533267222    1.000000
1143    -5.139008801272689    1.000000
1144    4.441936922858624    1.000000
1145    9.938986325155376    1.000000
1146    6.298177536088092    1.000000
1147    -3.133146634124748    1.000000
1148    -9.683870238169295    1.000000
1149    -7.331288204696694    1.000000
1150    1.7616463942062572    1.000000
1151    9.234931422524564    1.000000
1152    8.217663090042066    1.000000
1153    -0.3548867897301029    1.000000
1154    -8.6011553916687    1.000000
1156    -1.0589758762554133    1.000000
1157    7.795227177168391    1.000000
1158    9.482534313435556    1.000000
1159    2.451643132877585    1.000000
1160    -6.833277437716457    1.000000
1161    -9.835714245347456    1.000000
1162    -3.795240735526223    1.000000
1163    5.734559603888431    1.000000
1164    9.992032289764634    1.000000
1165    5.062876569049047    1.000000
1166    -4.521064520598681    1.000000
1167    -9.948359739965252    1.000000
1168    -6.229178893619305    1.000000
1169    3.2170803001899357    1.000000
1170    9.705570702330485    1.000000
1171    7.270804160280906    1.000000
1172    -1.8487061956996107    1.000000
1173    -9.268524601099339    1.000000
1174    -8.166904232239494    1.000000
1175    0.4433302241328026    1.000000
1176    8.645968916959479    1.000000
1178    0.9709190048842741    1.000000
1179    -7.85036410616179    1.000000
1180    -9.45405866181166    1.000000
1181    -2.3657352834172074    1.000000
1182    6.89763420440379    1.000000
1183    9.819350614765847    1.000000
1184    3.7132013541676536    1.000000
1185    -5.806848107146881    1.000000
1186    -9.988108198402658    1.000000
1187    -4.9863476745679725    1.000000
1188    4.599837905544034    1.000000
1189    9.956953728538206    1.000000
1190    6.159692212359092    1.000000
1191    -3.3007619169869242    1.000000
1192    -9.726510762098645    1.000000
1193    -7.2097504686394265    1.000000
1194    1.9356211562190795    1.000000
1195    9.301391616624072    1.000000
1196    8.11550552027006    1.000000
1197    -0.531738924849011    1.000000
1198    -8.690105054701593    1.000000
1200    -0.8827860647172615    1.000000
1201    7.904885981024289    1.000000
1202    9.424842311061571    1.000000
1203    2.2796420851960595    1.000000
1204    -6.9614505606906025    1.000000
1205    -9.80221766545243    1.000000
1206    -3.6308710538401225    1.000000
1207    5.87868166005303    1.000000
1208    9.983401566622913    1.000000
1209    4.909428113654888    1.000000
1210    -4.6782509060196995    1.000000
1211    -9.964767617559202    1.000000
1212    -6.0897229363951135    1.000000
1213    3.384184928294446    1.000000
1214    9.746688776878502    1.000000
1215    7.148131913158699    1.000000
1216    -2.0223844662199366    1.000000
1217    -9.333529894059776    1.000000
1218    -8.063470981079485    1.000000
1219    0.620105965303623    1.000000
1220    8.733560346951757    1.000000
1222    0.7945839607244107    1.000000
1223    -7.95878853011907    1.000000
1224    -9.394887550204883    1.000000
1225    -2.1933702833760824    1.000000
1226    7.024721506743378    1.000000
1227    9.784316739726002    1.000000
1228    3.5482562848930184    1.000000
1229    -5.95005463464837    1.000000
1230    -9.977912763176867    1.000000
1231    -4.832123912742838    1.000000
1232    4.756297378585802    1.000000
1233    9.971800794831832    1.000000
1234    6.019276547624974    1.000000
1235    -3.467342798152256    1.000000
1236    -9.766103165778878    1.000000
1237    -7.085953321480677    1.000000
1238    2.108989328038851    1.000000
1239    9.364936915462057    1.000000
1240    8.010804691428774    1.000000
1241    -0.7084244221854994    1.000000
1242    -8.776331389109036    1.000000
1244    -0.7063196032945499    1.000000
1245    8.01206753033176    1.000000
1246    9.364196726113553    1.000000
1247    2.1069266371123145    1.000000
1248    -7.087442085459976    1.000000
1249    -9.765649240074158    1.000000
1250    -3.465363519963052    1.000000
1251    6.020961439059417    1.000000
1252    9.971642218096964    1.000000
1253    4.7544411284003445    1.000000
1254    -4.8339712085189115    1.000000
1255    -9.978052709326276    1.000000
1256    -5.94835856532674    1.000000
1257    3.5502290113732013    1.000000
1258    9.784752407736555    1.000000
1259    7.023219565124583    1.000000
1260    -2.1954289564264626    1.000000
1261    -9.395610220178385    1.000000
1262    -7.9575107775748215    1.000000
1263    0.7966873759898875    1.000000
1264    8.818414830181569    1.000000
1266    0.6179999076938898    1.000000
1267    -8.064718807401302    1.000000
1268    -9.332772243328044    1.000000
1269    -2.020317919023325    1.000000
1270    7.149607382857997    1.000000
1271    9.746216629043428    1.000000
1272    3.3821992534671463    1.000000
1273    -6.091396517935827    1.000000
1274    -9.964590422662917    1.000000
1275    -4.676385846856881    1.000000
1276    4.911266310291103    1.000000
1277    9.983522871222469    1.000000
1278    5.876974545726519    1.000000
1279    -3.6328370740536675    1.000000
1280    -9.802635041635442    1.000000
1281    -6.959935559105248    1.000000
1282    2.281696579078992    1.000000
1283    9.425547405040898    1.000000
1284    7.903593414947125    1.000000
1285    -0.8848879115605462    1.000000
1286    -8.859807373049136    1.000000
1288    -0.5296317935242332    1.000000
1289    8.116738236246997    1.000000
1290    9.300616563868935    1.000000
1291    1.9335509146606005    1.000000
1292    -7.211212528459787    1.000000
1293    -9.726020429124683    1.000000
1294    -3.298770001093613    1.000000
1295    6.161354352885635    1.000000
1296    9.95675792936323    1.000000
1297    4.597964183526039    1.000000
1298    -4.988176628046753    1.000000
1299    -9.988210851948484    1.000000
1300    -5.805130081563132    1.000000
1301    3.7151605140823607    1.000000
1302    9.819749666421057    1.000000
1303    6.8961062615480255    1.000000
1304    -2.367785437168828    1.000000
1305    -9.454746124554662    1.000000
1306    -7.8490568278206565    1.000000
1307    0.9730191186315293    1.000000
1308    8.900505774721456    1.000000
1310    0.44122218418084236    1.000000
1311    -8.168121741291692    1.000000
1312    -9.267732207044013    1.000000
1313    -1.8466324219769168    1.000000
1314    7.272252695674022    1.000000
1315    9.705062222633854    1.000000
1316    3.2150822992916677    1.000000
1317    -6.230829462907598    1.000000
1318    -9.948145351851903    1.000000
1319    -4.5191822825264    1.000000
1320    5.064696136076989    1.000000
1321    9.99211628421411    1.000000
1322    5.732830801649954    1.000000
1323    -3.797192881647377    1.000000
1324    -9.836094941210282    1.000000
1325    -6.831736673300343    1.000000
1326    2.453688785874064    1.000000
1327    9.483204091081449    1.000000
1328    7.793905288984901    1.000000
1329    -1.0610740923685849    1.000000
1330    -8.940506846592282    1.000000
1332    -0.3527780063100106    1.000000
1333    8.218865296781086    1.000000
1334    9.234121749250919    1.000000
1335    1.7595692507937348    1.000000
1336    -7.332723102173858    1.000000
1337    -9.683343651587965    1.000000
1338    -3.1311427047593194    1.000000
1339    6.2998164048206355    1.000000
1340    9.938753364900368    1.000000
1341    4.440046316200165    1.000000
1342    -5.140818839291788    1.000000
1343    -9.995238862039619    1.000000
1344    -5.660082370433906    1.000000
1345    3.878927749741529    1.000000
1346    9.85166958539643    1.000000
1347    6.766831837539894    1.000000
1348    -2.539399894906939    1.000000
1349    -9.510919075018956    1.000000
1350    -7.738143119409095    1.000000
1351    1.1490459339101295    1.000000
1352    8.979807454689201    1.000000
1354    0.264306189266379    1.000000
1355    -8.268964927099148    1.000000
1357    -1.6723682222676748    1.000000
1358    7.3926190102716145    1.000000
1359    9.660866417576472    1.000000
1360    3.0469577939296686    1.000000
1361    -6.368309773690272    1.000000
1362    -9.928582704344599    1.000000
1363    -4.360562484629562    1.000000
1364    5.216538773689684    1.000000
1365    9.99757834077975    1.000000
1366    5.586890487551655    1.000000
1367    -3.960358714665881    1.000000
1368    -9.86647237874957    1.000000
1369    -6.701396839379524    1.000000
1370    2.6249120490411295    1.000000
1371    9.537888904975496    1.000000
1372    7.681774687903683    1.000000
1373    -1.2369277509077574    1.000000
1374    -9.018404519919189    1.000000
1376    -0.175813664570041    1.000000
1377    8.318416707079585    1.000000
1379    1.5850361683560934    1.000000
1380    -7.451935727289958    1.000000
1381    -9.63763228162797    1.000000
1382    -2.962534162455665    1.000000
1383    6.436304203252101    1.000000
1384    9.917634167027485    1.000000
1385    4.280737015151094    1.000000
1386    -5.291850006825019    1.000000
1387    -9.99913453714287    1.000000
1388    -5.513260887383076    1.000000
1389    4.041479396531466    1.000000
1390    9.880502161512133    1.000000
1391    6.635436805468823    1.000000
1392    -2.710218548637879    1.000000
1393    -9.56411146794012    1.000000
1394    -7.624804410778051    1.000000
1395    1.3247126580662318    1.000000
1396    9.056295018309847    1.000000
1398    0.0873073653634763    1.000000
1399    -8.367216762313365    1.000000
1401    -1.497579931281822    1.000000
1402    7.510668605929562    1.000000
1403    9.613643064072201    1.000000
1404    2.8778784246933533    1.000000
1405    -6.503794366332224    1.000000
1406    -9.905908610736386    1.000000
1407    -4.200576161867637    1.000000
1408    5.366746638272738    1.000000
1409    9.999907329205332    1.000000
1410    5.439199338601964    1.000000
1411    -4.122283439759128    1.000000
1412    -9.893757834489772    1.000000
1413    -6.568956903592464    1.000000
1414    2.795312710170884    1.000000
1415    9.58958470944816    1.000000
1416    7.567236751494507    1.000000
1417    -1.4123937776829336    1.000000
1418    -9.09347598124631    1.000000
1420    0.0012057741316403748    1.000000
1421    8.415361269452282    1.000000
1423    1.410006362997096    1.000000
1424    -7.568813044633204    1.000000
1425    -9.588900644397448    1.000000
1426    -2.792997213183659    1.000000
1427    6.57077497526461    1.000000
1428    9.893406954135934    1.000000
1429    4.120086205158457    1.000000
1430    -5.441222800090677    1.000000
1431    -9.999896656421035    1.000000
1432    -5.364711643724094    1.000000
1433    4.202764513577463    1.000000
1434    9.906238359137483    1.000000
1435    6.501962342265333    1.000000
1436    -2.8801878667499414    1.000000
1437    -9.614306633742197    1.000000
1438    -7.5090762203185815    1.000000
1439    1.4999642401867077    1.000000
1440    9.129944495703842    1.000000
1442    -0.08971881915771708    1.000000
1443    -8.462846456508485    1.000000
1445    -1.3223223246467237    1.000000
1446    7.626364487946296    1.000000
1447    9.563406961103281    1.000000
1448    2.707897178132746    1.000000
1449    -6.637240782305377    1.000000
1450    -9.880130176696047    1.000000
1451    -4.039273451187154    1.000000
1452    5.515272657279292    1.000000
1453    9.999102519626161    1.000000
1454    5.2898036386525895    1.000000
1455    -4.2829163125188225    1.000000
1456    -9.917942757640969    1.000000
1457    -6.434458370324442    1.000000
1458    2.9648373686432725    1.000000
1459    9.638275303928419    1.000000
1460    7.450327373965665    1.000000
1461    -1.5874171846760747    1.000000
1462    -9.165697704476054    1.000000
1464    0.17822483496456318    1.000000
1465    8.509668603150024    1.000000
1467    1.2345346860305344    1.000000
1468    -7.683318426873779    1.000000
1469    -9.537164011548677    1.000000
1470    -2.6225849868909945    1.000000
1471    6.703186580043937    1.000000
1472    9.866079318615212    1.000000
1473    3.958144231407591    1.000000
1474    -5.588890408238818    1.000000
1475    -9.997524981039117    1.000000
1476    -5.214481192220709    1.000000
1477    4.362732556913325    1.000000
1478    9.928870112993257    1.000000
1479    6.366450276517705    1.000000
1480    -3.049254583798515    1.000000
1481    -9.66148884212837    1.000000
1482    -7.3909948152440075    1.000000
1483    1.6747457594567645    1.000000
1484    9.200732806398765    1.000000
1486    -0.2667168873527077    1.000000
1487    -8.555824040992302    1.000000
1489    -1.1466503250651507    1.000000
1490    7.739670399233398    1.000000
1491    9.51017385179553    1.000000
1492    2.53706732343063    1.000000
1493    -6.768607201810974    1.000000
1494    -9.851255480738962    1.000000
1495    -3.876704902067847    1.000000
1496    5.662070285223805    1.000000
1497    9.995164164255643    1.000000
1498    5.138750205732037    1.000000
1499    -4.44220699338085    1.000000
1500    -9.939019569066533    1.000000
1501    -6.297943389089576    1.000000
1502    3.1334328983623245    1.000000
1503    9.683945429626082    1.000000
1504    7.331083192694085    1.000000
1505    -1.7619431225785263    1.000000
1506    -9.23504705656946    1.000000
1507    -8.217491316351985    1.000000
1508    0.3551880432166747    1.000000
1509    8.60130915388551    1.000000
1511    1.0586761272451206    1.000000
1512    -7.795415990005301    1.000000
1513    -9.482438596447585    1.000000
1514    -2.4513508878220502    1.000000
1515    6.833497522083253    1.000000
1516    9.835659824473652    1.000000
1517    3.7949618437122195    1.000000
1518    -5.734806554795013    1.000000
1519    -9.992020254239156    1.000000
1520    -5.06261661249813    1.000000
1521    4.521333395320976    1.000000
1522    9.948390330679228    1.000000
1523    6.228943075363607    1.000000
1524    -3.217365717198551    1.000000
1525    -9.705643307010563    1.000000
1526    -7.270597200224418    1.000000
1527    1.8490024423711762    1.000000
1528    9.268637766562355    1.000000
1529    8.166730272689152    1.000000
1530    -0.4436313710881727    1.000000
1531    -8.64612037819792    1.000000
1533    -0.9706189851034586    1.000000
1534    7.850550831677941    1.000000
1535    9.453960418484726    1.000000
1536    2.3654423957088997    1.000000
1537    -6.897852456885175    1.000000
1538    -9.819293571695445    1.000000
1539    -3.7129214606813266    1.000000
1540    5.807093518268601    1.000000
1541    9.988093497306235    1.000000
1542    4.986086377373658    1.000000
1543    -4.6001055634008186    1.000000
1544    -9.9569816636583    1.000000
1545    -6.159454741321912    1.000000
1546    3.3010464644049504    1.000000
1547    9.726580774313641    1.000000
1548    7.209541576743801    1.000000
1549    -1.935916897979841    1.000000
1550    -9.30150230463901    1.000000
1551    -8.115329388488705    1.000000
1552    0.5320399416791552    1.000000
1553    8.690254203095101    1.000000
1555    0.8824857976716363    1.000000
1556    -7.905070604590256    1.000000
1557    -9.424741549092767    1.000000
1558    -2.279348577781913    1.000000
1559    6.961666964187102    1.000000
1560    9.8021580046546    1.000000
1561    3.6305901806103447    1.000000
1562    -5.878925512162609    1.000000
1563    -9.983384201107329    1.000000
1564    -4.9091654962890825    1.000000
1565    4.678517326040725    1.000000
1566    9.964792894896776    1.000000
1567    6.089483831181641    1.000000
1568    -3.384468583828387    1.000000
1569    -9.746756191143152    1.000000
1570    -7.147921105790037    1.000000
1571    2.0226796798993525    1.000000
1572    9.333638095954539    1.000000
1573    8.063292690866547    1.000000
1574    -0.6204068284247127    1.000000
1575    -8.73370717081497    1.000000
1577    -0.7942834699390614    1.000000
1578    7.958971037270114    1.000000
1579    9.394784277488627    1.000000
1580    2.1930761792515856    1.000000
1581    -7.024936044300384    1.000000
1582    -9.784254465874996    1.000000
1583    -3.5479744539254248    1.000000
1584    5.9502969086406745    1.000000
1585    9.977892734602666    1.000000
1586    4.831859995780881    1.000000
1587    -4.756562539897804    1.000000
1588    -9.971823412406481    1.000000
1589    -6.019035826968441    1.000000
1590    3.467625539578493    1.000000
1591    9.766167976811465    1.000000
1592    7.085740615155145    1.000000
1593    -2.1092839905077523    1.000000
1594    -9.365042622759324    1.000000
1595    -8.010624256752795    1.000000
1596    0.7087251080257478    1.000000
1597    8.776475876938711    1.000000
1599    0.7060189123120915    1.000000
1600    -8.012247906768954    1.000000
1601    -9.364090950740975    1.000000
1602    -2.1066319593197047    1.000000
1603    7.087654740269067    1.000000
1604    9.76558435804896    1.000000
1605    3.465080753338313    1.000000
1606    -6.021202115952957    1.000000
1607    -9.971619528033322    1.000000
1608    -4.754175932519393    1.000000
1609    4.8342350903472395    1.000000
1610    9.978072665365971    1.000000
1611    5.948116248086938    1.000000
1612    -3.5505108165397297    1.000000
1613    -9.784814610459314    1.000000
1614    -7.02300497650713    1.000000
1615    2.1957230445988674    1.000000
1616    9.39571342459629    1.000000
1617    7.957328212572357    1.000000
1618    -0.7969878609913977    1.000000
1619    -8.818556970657493    1.000000
1621    -0.617699040072622    1.000000
1622    8.064897038992655    1.000000
1623    9.33266397358635    1.000000
1624    2.020022690649785    1.000000
1625    -7.149818138258263    1.000000
1626    -9.746149143927363    1.000000
1627    -3.381915573339238    1.000000
1628    6.09163557887424    1.000000
1629    9.964565072887542    1.000000
1630    4.676119392834294    1.000000
1631    -4.911528891961354    1.000000
1632    -9.983540164163712    1.000000
1633    -5.876730650888324    1.000000
1634    3.6331179208818405    1.000000
1635    9.802694631174965    1.000000
1636    6.9597191050082925    1.000000
1637    -2.2819900699139115    1.000000
1638    -9.42564809849366    1.000000
1639    -7.903408733921631    1.000000
1640    0.8851881721811569    1.000000
1641    8.859947155034996    1.000000
1643    0.5293307728362948    1.000000
1644    -8.11691430902856    1.000000
1645    -9.300505808240754    1.000000
1646    -1.9332551588364504    1.000000
1647    7.211421367939131    1.000000
1648    9.725950346205025    1.000000
1649    3.298485429688082    1.000000
1650    -6.16159177913916    1.000000
1651    -9.956729921862207    1.000000
1652    -4.597696492237744    1.000000
1653    4.988437888986383    1.000000
1654    9.988225480436421    1.000000
1655    5.804884628235028    1.000000
1656    -3.715440380568612    1.000000
1657    -9.819806638108666    1.000000
1658    -6.895887958930143    1.000000
1659    2.3680783076720746    1.000000
1660    9.454844299153232    1.000000
1661    7.848870045241378    1.000000
1662    -0.973319131346658    1.000000
1663    -8.900643187265727    1.000000
1665    -0.44092103401036475    1.000000
1666    8.168295641468653    1.000000
1667    9.267618974206744    1.000000
1668    1.8463361618738    1.000000
1669    -7.272459602870454    1.000000
1670    -9.704989547401404    1.000000
1671    -3.21479685890389    1.000000
1672    6.231065235874553    1.000000
1673    9.94811468881954    1.000000
1674    4.518913374945264    1.000000
1675    -5.064956055816934    1.000000
1676    -9.992128247102638    1.000000
1677    -5.732583809062524    1.000000
1678    3.7974717458649483    1.000000
1679    9.836149290582407    1.000000
1680    6.831516539264934    1.000000
1681    -2.4539810131000515    1.000000
1682    -9.483299739134118    1.000000
1683    -7.793716419485732    1.000000
1684    1.0613738336730723    1.000000
1685    8.94064187892907    1.000000
1687    0.3524767502512696    1.000000
1688    -8.219037010728854    1.000000
1689    -9.234006048076035    1.000000
1690    -1.7592725096228046    1.000000
1691    7.332928060876773    1.000000
1692    9.68326838973662    1.000000
1693    3.1308564177527534    1.000000
1694    -6.300050506028866    1.000000
1695    -9.938720048739027    1.000000
1696    -4.439776213394346    1.000000
1697    5.14107739746806    1.000000
1698    9.995248158391483    1.000000
1699    5.659833857938329    1.000000
1700    -3.879205589842186    1.000000
1701    -9.85172130819495    1.000000
1702    -6.766609889333847    1.000000
1703    2.539691455960477    1.000000
1704    9.511012189031966    1.000000
1705    7.737952177787431    1.000000
1706    -1.149345380320081    1.000000
1707    -8.9799400962391    1.000000
1709    -0.2640048509219466    1.000000
1710    8.269134441364413    1.000000
1712    1.6720710232777738    1.000000
1713    -7.392822004423073    1.000000
1714    -9.66078857500279    1.000000
1715    -3.046670682734103    1.000000
1716    6.368542184798601    1.000000
1717    9.928546737664512    1.000000
1718    4.360291207760863    1.000000
1719    -5.216795950044973    1.000000
1720    -9.997584969866603    1.000000
1721    -5.586640474618192    1.000000
1722    3.9606355088816274    1.000000
1723    9.866521470922146    1.000000
1724    6.701173094391862    1.000000
1725    -2.6252029210792256    1.000000
1726    -9.537979477653625    1.000000
1727    -7.6815816891192705    1.000000
1728    1.237226878962381    1.000000
1729    9.018534760290104    1.000000
1731    0.17551226754893576    1.000000
1732    -8.318584008381377    1.000000
1734    -1.5847385348319338    1.000000
1735    7.452136740985934    1.000000
1736    9.6375518644307    1.000000
1737    2.96224624956546    1.000000
1738    -6.436534906051767    1.000000
1739    -9.91759555264654    1.000000
1740    -4.2804645854732986    1.000000
1741    5.292105781210271    1.000000
1742    9.999138498445342    1.000000
1743    5.513009393599543    1.000000
1744    -4.041755123176248    1.000000
1745    -9.88054861921253    1.000000
1746    -6.635211281229341    1.000000
1747    2.7105087088715174    1.000000
1748    9.56419949218725    1.000000
1749    7.624609369951807    1.000000
1750    -1.3250114443296792    1.000000
1751    -9.056422847297808    1.000000
1753    -0.08700593327931434    1.000000
1754    8.367381837544093    1.000000
1756    1.4972818865421598    1.000000
1757    -7.5108676234211895    1.000000
1758    -9.613560078551805    1.000000
1759    -2.877589732665681    1.000000
1760    6.5040233427483045    1.000000
1761    9.905867351679913    1.000000
1762    4.200302600724853    1.000000
1763    -5.367000990648747    1.000000
1764    -9.999908622413068    1.000000
1765    -5.438946383672199    1.000000
1766    4.12255807723053    1.000000
1767    9.893801654078159    1.000000
1768    6.56872961777036    1.000000
1769    -2.7956021358668215    1.000000
1770    -9.589670178367838    1.000000
1771    -7.567039683907335    1.000000
1772    1.412692198746135    1.000000
1773    9.093601388836275    1.000000
1775    -0.0015072176624960963    1.000000
1776    -8.41552410567876    1.000000
1778    -1.4097079303929052    1.000000
1779    7.569010050328022    1.000000
1780    9.588815097055614    1.000000
1781    2.792707764636735    1.000000
1782    -6.571002207357443    1.000000
1783    -9.89336305363646    1.000000
1784    -4.119811533983435    1.000000
1785    5.441475710529643    1.000000
1786    9.999895281432716    1.000000
1787    5.36445724746641    1.000000
1788    -4.203038040358407    1.000000
1789    -9.906279537180717    1.000000
1790    -6.501733312667813    1.000000
1791    2.8804765352324817    1.000000
1792    9.614389540638173    1.000000
1793    7.508877141410177    1.000000
1794    -1.5002622726692048    1.000000
1795    -9.130067472070472    1.000000
1797    0.09002025051800673    1.000000
1798    8.463007040972952    1.000000
1800    1.3220235275593666    1.000000
1801    -7.626559466409455    1.000000
1802    -9.563318858642402    1.000000
1803    -2.7076069957440567    1.000000
1804    6.637466252271961    1.000000
1805    9.880083638193058    1.000000
1806    4.038997691499615    1.000000
1807    -5.515524105966389    1.000000
1808    -9.999098476549513    1.000000
1809    -5.289547820998222    1.000000
1810    4.283188707179246    1.000000
1811    9.917981290912868    1.000000
1812    6.434227614895337    1.000000
1813    -2.9651252572960454    1.000000
1814    -9.638355642305164    1.000000
1815    -7.450126299333306    1.000000
1816    1.5877148052278538    1.000000
1817    9.165818239984494    1.000000
1819    -0.17852623053798045    1.000000
1820    -8.509826923271133    1.000000
1822    -1.2342355478699298    1.000000
1823    7.683511362829262    1.000000
1824    9.537073360871336    1.000000
1825    2.6222940933955217    1.000000
1826    -6.703410270219329    1.000000
1827    -9.866030145754866    1.000000
1828    -3.9578674048125375    1.000000
1829    5.58914037547374    1.000000
1830    9.9975182701909    1.000000
1831    5.214223973212259    1.000000
1832    -4.363003798111866    1.000000
1833    -9.928905998474846    1.000000
1834    -6.36621781333606    1.000000
1835    3.049541670066248    1.000000
1836    9.661566605691602    1.000000
1837    7.3907917606413305    1.000000
1838    -1.675042944760085    1.000000
1839    -9.200850891605395    1.000000
1841    0.2670182235257501    1.000000
1842    8.555980084366118    1.000000
1844    1.146350869267939    1.000000
1845    -7.73986127756521    1.000000
1846    -9.510080660003956    1.000000
1847    -2.5367757416190653    1.000000
1848    6.768829094669674    1.000000
1849    9.851203677373821    1.000000
1850    3.876427030253871    1.000000
1851    -5.662318751422317    1.000000
1852    -9.995154786161638    1.000000
1853    -5.138491605521896    1.000000
1854    4.44247705986652    1.000000
1855    9.939052803946284    1.000000
1856    6.297709236368234    1.000000
1857    -3.1337191597526077    1.000000
1858    -9.684020612283241    1.000000
1859    -7.33087817402985    1.000000
1860    1.7622398493497486    1.000000
1861    9.235162682222635    1.000000
1862    8.21731953519482    1.000000
1863    -0.3554892963804936    1.000000
1864    -8.601462908286464    1.000000
1866    -1.0583763772728276    1.000000
1867    7.795604795758658    1.000000
1868    9.48234287084309    1.000000
1869    2.4510586405390167    1.000000
1870    -6.833717600240573    1.000000
1871    -9.835605394662359    1.000000
1872    -3.7946829484498026    1.000000
1873    5.735053500490483    1.000000
1874    9.992008209634108    1.000000
1875    5.062356651346902    1.000000
1876    -4.521602265934819    1.000000
1877    -9.948420912353278    1.000000
1878    -6.228707251447778    1.000000
1879    3.2176511312836036    1.000000
1880    9.705715902871297    1.000000
1881    7.270390233561266    1.000000
1882    -1.849298687362586    1.000000
1883    -9.268750923603125    1.000000
1884    -8.166556305717851    1.000000
1885    0.44393251764042285    1.000000
1886    8.64627183157979    1.000000
1888    0.9703189644406591    1.000000
1889    -7.850737550060437    1.000000
1890    -9.453862166567147    1.000000
1891    -2.3651495058511562    1.000000
1892    6.898070703098606    1.000000
1893    9.819236519702429    1.000000
1894    3.7126415638211334    1.000000
1895    -5.8073389241135205    1.000000
1896    -9.988078787133807    1.000000
1897    -4.985825075648576    1.000000
1898    4.60037321707757    1.000000
1899    9.957009589730664    1.000000
1900    6.159217264687744    1.000000
1901    -3.3013310088233747    1.000000
1902    -9.726650777690267    1.000000
1903    -7.209332678296997    1.000000
1904    1.9362126379814697    1.000000
1905    9.30161298420184    1.000000
1906    8.115153249333096    1.000000
1907    -0.5323409580258445    1.000000
1908    -8.690403343591932    1.000000
1910    -0.8821855298241122    1.000000
1911    7.9052552209730305    1.000000
1912    9.424640778559867    1.000000
1913    2.2790550682965636    1.000000
1914    -6.961883361357661    1.000000
1915    -9.802098334949724    1.000000
1916    -3.630309304081516    1.000000
1917    5.879169358930114    1.000000
1918    9.983366826520022    1.000000
1919    4.908902874462407    1.000000
1920    -4.678783741810467    1.000000
1921    -9.964818163179523    1.000000
1922    -6.089244720434766    1.000000
1923    3.3847522362869227    1.000000
1924    9.7468235965511    1.000000
1925    7.147710291926186    1.000000
1926    -2.0229748917407955    1.000000
1927    -9.33374628936799    1.000000
1928    -8.063114393326641    1.000000
1929    0.6207076909820497    1.000000
1930    8.733853986742023    1.000000
1932    0.7939829784319612    1.000000
1933    -7.959153537188984    1.000000
1934    -9.394680996235499    1.000000
1935    -2.1927820731342793    1.000000
1936    7.0251505754739565    1.000000
1937    9.784192183133214    1.000000
1938    3.547692619733851    1.000000
1939    -5.950539177226052    1.000000
1940    -9.977872696961727    1.000000
1941    -4.8315960744283    1.000000
1942    4.756827696887603    1.000000
1943    9.971846020919909    1.000000
1944    6.018795100842518    1.000000
1945    -3.467908277853759    1.000000
1946    -9.766232778969709    1.000000
1947    -7.085527902390929    1.000000
1948    2.1095786510599854    1.000000
1949    9.365148321546748    1.000000
1950    8.010443814797707    1.000000
1951    -0.7090257932219906    1.000000
1952    -8.776620356793362    1.000000
1954    -0.7057182206880863    1.000000
1955    8.01242827592556    1.000000
1956    9.363985166859415    1.000000
1957    2.106337279612836    1.000000
1958    -7.087867388637734    1.000000
1959    -9.765519467149952    1.000000
1960    -3.464797983564918    1.000000
1961    6.0214427873751415    1.000000
1962    9.97159682890865    1.000000
1963    4.753910732318408    1.000000
1964    -4.834498967782786    1.000000
1965    -9.978092612338768    1.000000
1966    -5.947873925442189    1.000000
1967    3.550792618479974    1.000000
1968    9.784876804290787    1.000000
1969    7.022790381508    1.000000
1970    -2.1960171307760583    1.000000
1971    -9.395816620476479    1.000000
1972    -7.957145640339209    1.000000
1973    0.7972883452686998    1.000000
1974    8.818699103120153    1.000000
1976    0.6173981718900622    1.000000
1977    -8.06507526325558    1.000000
1978    -9.33255569536423    1.000000
1979    -2.0197274604406865    1.000000
1980    7.15002888716162    1.000000
1981    9.746081649955151    1.000000
1982    3.3816318901382436    1.000000
1983    -6.091874634277294    1.000000
1984    -9.964539714057548    1.000000
1985    -4.6758529345626005    1.000000
1986    4.911791469168587    1.000000
1987    9.98355744803309    1.000000
1988    5.87648675071005    1.000000
1989    -3.6333987644086645    1.000000
1990    -9.802754211806954    1.000000
1991    -6.9595026445871655    1.000000
1992    2.2822835586752284    1.000000
1993    9.425748783381504    1.000000
1994    7.903224045714451    1.000000
1995    -0.8854884319974129    1.000000
1996    -8.860086928969983    1.000000
1998    -0.5290297516673631    1.000000
1999    8.11709037443443    1.000000
2000    9.300395044161371    1.000000
2001    1.9329594012555862    1.000000
2002    -7.211630200865588    1.000000
2003    -9.725880254447569    1.000000
2004    -3.298200855285277    1.000000
2005    6.161829199793759    1.000000
2006    9.95670190531368    1.000000
2007    4.597428796771604    1.000000
2008    -4.98869914539311    1.000000
2009    -9.988240099848236    1.000000
2010    -5.80463916963213    1.000000
2011    3.715720243678709    1.000000
2012    9.819863600873195    1.000000
2013    6.895669650046092    1.000000
2014    -2.3683711760234916    1.000000
2015    -9.454942465160352    1.000000
2016    -7.848683255529973    1.000000
2017    0.9736191431773494    1.000000
2018    8.90078059172214    1.000000
2020    0.44061988343923003    1.000000
2021    -8.168469534223233    1.000000
2022    -9.267505732948154    1.000000
2023    -1.8460399000929506    1.000000
2024    7.272666503458529    1.000000
2025    9.704916863350201    1.000000
2026    3.2145114155948846    1.000000
2027    -6.231301003179454    1.000000
2028    -9.948084016747504    1.000000
2029    -4.518644463257872    1.000000
2030    5.065215970954443    1.000000
2031    9.992140200911502    1.000000
2032    5.7323368112659985    1.000000
2033    -3.797750606631825    1.000000
2034    -9.8362036310166    1.000000
2035    -6.831296399021851    1.000000
2036    2.4542732380961496    1.000000
2037    9.483395378569481    1.000000
2038    7.793527542904552    1.000000
2039    -1.0616735740131087    1.000000
2040    -8.940776903141655    1.000000
2042    -0.35217549387223923    1.000000
2043    8.21920871720813    1.000000
2044    9.233890338510374    1.000000
2045    1.7589757668532546    1.000000
2046    -7.33313301291639    1.000000
2047    -9.683193119086264    1.000000
2048    -3.1305701279012337    1.000000
2049    6.300284601512355    1.000000
2050    9.938686723546553    1.000000
2051    4.439506106554183    1.000000
2052    -5.141335950972729    1.000000
2053    -9.995257445660842    1.000000
2054    -5.659585340299762    1.000000
2055    3.8794834264178784    1.000000
2056    9.851773022041385    1.000000
2057    6.766387934979106    1.000000
2058    -2.539983014706244    1.000000
2059    -9.51110529440249    1.000000
2060    -7.737761229134431    1.000000
2061    1.1496448256856426    1.000000
2062    8.980072729629088    1.000000
2064    0.26370351233761763    1.000000
2065    -8.269303948115663    1.000000
2067    -1.6717738227684913    1.000000
2068    7.393024991856806    1.000000
2069    9.660710723650526    1.000000
2070    3.0463835687700813    1.000000
2071    -6.3687745901199495    1.000000
2072    -9.928510761962531    1.000000
2073    -4.360019926930045    1.000000
2074    5.21705312165985    1.000000
2075    9.997591589868831    1.000000
2076    5.586390456608251    1.000000
2077    -3.9609122994984163    1.000000
2078    -9.86657055412919    1.000000
2079    -6.7009493433149645    1.000000
2080    2.625493790731846    1.000000
2081    9.538070041664763    1.000000
2082    7.681388683354745    1.000000
2083    -1.237526005892759    1.000000
2084    -9.01866499246604    1.000000
2086    -0.17521087036834576    1.000000
2087    8.318751302124218    1.000000
2089    1.58444089986775    1.000000
2090    -7.452337747910285    1.000000
2091    -9.637471438475963    1.000000
2092    -2.9619583339835147    1.000000
2093    6.436765603002669    1.000000
2094    9.917556929253653    1.000000
2095    4.280192151905921    1.000000
2096    -5.292361550786683    1.000000
2097    -9.999142450661779    1.000000
2098    -5.512757894806439    1.000000
2099    4.042030846148358    1.000000
2100    9.880595067934651    1.000000
2101    6.6349857509605625    1.000000
2102    -2.7107988666421656    1.000000
2103    -9.564287507743565    1.000000
2104    -7.624414322197218    1.000000
2105    1.3253102293891132    1.000000
2106    9.05655066805636    1.000000
2108    0.08670450111609167    1.000000
2109    -8.367546905171528    1.000000
2111    -1.4969838404419444    1.000000
2112    7.511066634087827    1.000000
2113    9.613477084295745    1.000000
2114    2.877301038023195    1.000000
2115    -6.504252313254296    1.000000
2116    -9.90582608362215    1.000000
2117    -4.200029035765328    1.000000
2118    5.367255338147859    1.000000
2119    9.999909906534068    1.000000
2120    5.438693423800163    1.000000
2121    -4.122832710955838    1.000000
2122    -9.893845464676227    1.000000
2123    -6.568502325979367    1.000000
2124    2.7958915590224462    1.000000
2125    9.589755638573557    1.000000
2126    7.56684260944413    1.000000
2127    -1.412990618525648    1.000000
2128    -9.093726788163043    1.000000
2130    0.0018086611919822357    1.000000
2131    8.415686934258204    1.000000
2133    1.4094094965077384    1.000000
2134    -7.569207049145015    1.000000
2135    -9.588729541000598    1.000000
2136    -2.7924183135521274    1.000000
2137    6.571229433479324    1.000000
2138    9.893319144147064    1.000000
2139    4.119536859064815    1.000000
2140    -5.441728616024038    1.000000
2141    -9.999893897357671    1.000000
2142    -5.3642028463341385    1.000000
2143    4.203311563320124    1.000000
2144    9.906320706222296    1.000000
2145    6.501504277162285    1.000000
2146    -2.880765201097585    1.000000
2147    -9.614472438797726    1.000000
2148    -7.50867805567859    1.000000
2149    1.5005603037884403    1.000000
2150    9.13019044014077    1.000000
2152    -0.0903216817964966    1.000000
2153    -8.46316761774724    1.000000
2155    -1.3217247292707106    1.000000
2156    7.626754437942497    1.000000
2157    9.56323074749151    1.000000
2158    2.7073168108950143    1.000000
2159    -6.6376917162071996    1.000000
2160    -9.880037090712214    1.000000
2161    -4.0387219281419116    1.000000
2162    5.515775549641625    1.000000
2163    9.999094424386863    1.000000
2164    5.289291998537338    1.000000
2165    -4.2834610979476135    1.000000
2166    -9.918019815172476    1.000000
2167    -6.433996853619566    1.000000
2168    2.965413143254462    1.000000
2169    9.638435971923712    1.000000
2170    7.449925217931152    1.000000
2171    -1.5880124243369043    1.000000
2172    -9.16593876716412    1.000000
2174    0.17882762594917415    1.000000
2175    8.509985235659519    1.000000
2177    1.2339364085877973    1.000000
2178    -7.683704291802876    1.000000
2179    -9.536982701527828    1.000000
2180    -2.6220031975172158    1.000000
2181    6.703633954303453    1.000000
2182    9.865980963929438    1.000000
2183    3.9575905746210416    1.000000
2184    -5.589390337629908    1.000000
2185    -9.997511550258121    1.000000
2186    -5.213966749465737    1.000000
2187    4.3632750353458265    1.000000
2188    9.928941874934214    1.000000
2189    6.365985344369546    1.000000
2190    -3.049828753562916    1.000000
2191    -9.661644360475542    1.000000
2192    -7.390588699322772    1.000000
2193    1.6753401285413243    1.000000
2194    9.200968968451377    1.000000
2196    -0.2673195594561578    1.000000
2197    -8.556136119965267    1.000000
2199    -1.1460514124290582    1.000000
2200    7.74005214886395    1.000000
2201    9.509987459570743    1.000000
2202    2.536484157502378    1.000000
2203    -6.76905098137766    1.000000
2204    -9.851151865057068    1.000000
2205    -3.876149154917456    1.000000
2206    5.662567212475581    1.000000
2207    9.995145398985215    1.000000
2208    5.138233000642499    1.000000
2209    -4.442747122315391    1.000000
2210    -9.939086029794597    1.000000
2211    -6.297475077924277    1.000000
2212    3.1340054182953363    1.000000
2213    9.684095786140706    1.000000
2214    7.33067314870418    1.000000
2215    -1.7625365745196555    1.000000
2216    -9.235278299483983    1.000000
2217    -8.21714774657072    1.000000
2218    0.3557905492212857    1.000000
2219    8.601616654871426    1.000000
2221    1.058076626338807    1.000000
2222    -7.795793594428289    1.000000
2223    -9.482247136622162    1.000000
2224    -2.45076639102875    1.000000
2225    6.833937672188216    1.000000
2226    9.835550955913632    1.000000
2227    3.7944040497392253    1.000000
2228    -5.735300440974609    1.000000
2229    -9.991996155949506    1.000000
2230    -5.062096685595602    1.000000
2231    4.521871132439963    1.000000
2232    9.948451484987377    1.000000
2233    6.228471421872035    1.000000
2234    -3.2179365424448343    1.000000
2235    -9.705788489912623    1.000000
2236    -7.2701832602916445    1.000000
2237    1.8495949306735715    1.000000
2238    9.26886407222155    1.000000
2239    8.166382331325746    1.000000
2240    -0.4442336637892795    1.000000
2241    -8.646423277104944    1.000000
2243    -0.9700189428961481    1.000000
2244    7.85092426130911    1.000000
2245    9.453763906059015    1.000000
2246    2.364856613844245    1.000000
2247    -6.898288943043882    1.000000
2248    -9.819179458786849    1.000000
2249    -3.712361663587331    1.000000
2250    5.807584324681413    1.000000
2251    9.988064067885393    1.000000
2252    4.985563769392964    1.000000
2253    -4.600640866574046    1.000000
2254    -9.95703750675527    1.000000
2255    -6.1589797824568056    1.000000
2256    3.3016155502419395    1.000000
2257    9.72672077222846    1.000000
2258    7.209123773299199    1.000000
2259    -1.9365083762236968    1.000000
2260    -9.301723655312461    1.000000
2261    -8.11497710280339    1.000000
2262    0.5326419738888051    1.000000
2263    8.690552476191948    1.000000
2265    0.881885261174962    1.000000
2266    -7.90543983017244    1.000000
2267    -9.42453999946297    1.000000
2268    -2.278761556740278    1.000000
2269    6.962099752202082    1.000000
2270    9.802038656337857    1.000000
2271    3.630028424253889    1.000000
2272    -5.879413200355323    1.000000
2273    -9.98334944286101    1.000000
2274    -4.9086402481751    1.000000
2275    4.679050153328682    1.000000
2276    9.96484342240742    1.000000
2277    6.089005604154705    1.000000
2278    -3.385035885669795    1.000000
2279    -9.746890993102287    1.000000
2280    -7.147499471567341    1.000000
2281    2.023270101743998    1.000000
2282    9.333854474300034    1.000000
2283    8.062936088459926    1.000000
2284    -0.6210085529753607    1.000000
2285    -8.734000794732776    1.000000
2287    -0.7936824862033829    1.000000
2288    7.959336029875513    1.000000
2289    9.394577706445592    1.000000
2290    2.192487965024432    1.000000
2291    -7.025365100263901    1.000000
2292    -9.784129891500712    1.000000
2293    -3.547410782318552    1.000000
2294    5.950781440404283    1.000000
2295    9.977852650254079    1.000000
2296    4.831332148685334    1.000000
2297    -4.757092849554959    1.000000
2298    -9.971868620372101    1.000000
2299    -6.018554369247424    1.000000
2300    3.4681910129778    1.000000
2301    9.766297572253555    1.000000
2302    7.08531518318822    1.000000
2303    -2.109873309695282    1.000000
2304    -9.365254011824229    1.000000
2305    -8.010263365563672    1.000000
2306    0.7093264777739542    1.000000
2307    8.776764828672858    1.000000
2309    0.7054175284228078    1.000000
2310    -8.012608637801419    1.000000
2311    -9.363879374468969    1.000000
2312    -2.106042597991976    1.000000
2313    7.088080030565784    1.000000
2314    9.76545456737719    1.000000
2315    3.464515210643122    1.000000
2316    -6.021683453325746    1.000000
2317    -9.971574120722968    1.000000
2318    -4.753645527797629    1.000000
2319    4.83476284082531    1.000000
2320    9.978112550244655    1.000000
2321    5.9476315973927125    1.000000
2322    -3.551074417193676    1.000000
2323    -9.78493898923092    1.000000
2324    -7.022575780127384    1.000000
2325    2.1963112149577673    1.000000
2326    9.395919807818858    1.000000
2327    7.956963060875548    1.000000
2328    -0.7975888288215199    1.000000
2329    -8.818841227569418    1.000000
2331    -0.6170973031464836    1.000000
2332    8.065253480189915    1.000000
2333    9.332447408661784    1.000000
2334    2.0194322283962984    1.000000
2335    -7.150239629567872    1.000000
2336    -9.746014147126846    1.000000
2337    -3.381348203864421    1.000000
2338    6.092113684144769    1.000000
2339    9.964514346172953    1.000000
2340    4.675586472042042    1.000000
2341    -4.912054041912562    1.000000
2342    -9.983574722830587    1.000000
2343    -5.87624284519192    1.000000
2344    3.6336796046338837    1.000000
2345    9.802813783531356    1.000000
2346    6.959286177842065    1.000000
2347    -2.2825770453626752    1.000000
2348    -9.425849459704343    1.000000
2349    -7.903039350325755    1.000000
2350    0.8857886910090416    1.000000
2351    8.860226694853967    1.000000
2353    0.5287287300177116    1.000000
2354    -8.117266432464444    1.000000
2355    -9.300284271630886    1.000000
2356    -1.9326636419182757    1.000000
2357    7.2118390272389625    1.000000
2358    9.725810153852382    1.000000
2359    3.2979162778854554    1.000000
2360    -6.1620666148492145    1.000000
2361    -9.95667387971768    1.000000
2362    -4.597161097127864    1.000000
2363    4.988960397266696    1.000000
2364    9.988254710183917    1.000000
2365    5.80439370575466    1.000000
2366    -3.7160001034123984    1.000000
2367    -9.81992055471459    1.000000
2368    -6.8954513348960695    1.000000
2369    2.3686640422228114    1.000000
2370    9.455040622575936    1.000000
2371    7.848496458686609    1.000000
2372    -0.9739191541233303    1.000000
2373    -8.900917988090576    1.000000
2375    -0.4403187324677121    1.000000
2376    8.16864341955527    1.000000
2377    9.267392483268347    1.000000
2378    1.845743636634638    1.000000
2379    -7.272873397438065    1.000000
2380    -9.704844170480316    1.000000
2381    -3.2142259693649096    1.000000
2382    6.2315367648220805    1.000000
2383    9.948053335635825    1.000000
2384    4.518375547464469    1.000000
2385    -5.065475881489283    1.000000
2386    -9.992152145640683    1.000000
2387    -5.7320898082606    1.000000
2388    3.798029463947753    1.000000
2389    9.836257962512812    1.000000
2390    6.83107625257129    1.000000
2391    -2.454565460862094    1.000000
2392    -9.483491009387455    1.000000
2393    -7.793338659241535    1.000000
2394    1.061973313388421    1.000000
2395    8.940911919229919    1.000000
2397    0.3518742371731934    1.000000
2398    -8.21938041621876    1.000000
2399    -9.233774620554044    1.000000
2400    -1.7586790224853552    1.000000
2401    7.33333795829252    1.000000
2402    9.683117839636962    1.000000
2403    3.130283835205022    1.000000
2404    -6.300518691270888    1.000000
2405    -9.938653389322972    1.000000
2406    -4.439235995679919    1.000000
2407    5.1415944998055565    1.000000
2408    9.995266723847692    1.000000
2409    5.659336817518432    1.000000
2410    -3.8797612594683546    1.000000
2411    -9.851824726935693    1.000000
2412    -6.766165974475866    1.000000
2413    2.540274571143974    1.000000
2414    9.511198391130446    1.000000
2415    7.737570273450266    1.000000
2416    -1.1499442700065428    1.000000
2417    -8.980205354859045    1.000000
2419    -0.263402173513666    1.000000
2420    8.269473447352746    1.000000
2422    1.6714766207400984    1.000000
2423    -7.393227972572629    1.000000
2424    -9.660632863519746    1.000000
2425    -3.0460964520378666    1.000000
2426    6.369006989654108    1.000000
2427    9.928474777238694    1.000000
2428    4.359748642137355    1.000000
2429    -5.217310288534087    1.000000
2430    -9.997598200786427    1.000000
2431    -5.586140433522057    1.000000
2432    3.9611890865159944    1.000000
2433    9.866619628370659    1.000000
2434    6.700725586149035    1.000000
2435    -2.6257846579987274    1.000000
2436    -9.53816059700883    1.000000
2437    -7.681195670610278    1.000000
2438    1.2378251316986193    1.000000
2439    9.018795216446874    1.000000
2441    0.17490947302854473    1.000000
2442    -8.31891858830796    1.000000
2444    -1.5841432634638137    1.000000
2445    7.452538748062831    1.000000
2446    9.637391003763828    1.000000
2447    2.961670415710092    1.000000
2448    -6.436996294104598    1.000000
2449    -9.91751829684886    1.000000
2450    -4.279919714449213    1.000000
2451    5.292617315554021    1.000000
2452    9.999146393792174    1.000000
2453    5.51250639100399    1.000000
2454    -4.042306565447548    1.000000
2455    -9.880641507678453    1.000000
2456    -6.634760214662691    1.000000
2457    2.71108902194956    1.000000
2458    9.564375514608987    1.000000
2459    7.6242192675144596    1.000000
2460    -1.3256090132442606    1.000000
2461    -9.056678480585388    1.000000
2463    -0.08640306887408214    1.000000
2464    8.367711965195529    1.000000
2466    1.4966857929814465    1.000000
2467    -7.511265637929294    1.000000
2468    -9.613394081304088    1.000000
2469    -2.877012340766157    1.000000
2470    6.504481277849991    1.000000
2471    9.905784806563146    1.000000
2472    4.199755466989313    1.000000
2473    -5.3675096807698415    1.000000
2474    -9.99991118156833    1.000000
2475    -5.438440458986081    1.000000
2476    4.123107340934801    1.000000
2477    9.893889266283935    1.000000
2478    6.568275028219693    1.000000
2479    -2.7961809796374935    1.000000
2480    -9.589841090065239    1.000000
2481    -7.566645528105071    1.000000
2482    1.413289037021202    1.000000
2483    9.093852179226507    1.000000
2485    -0.0021101047198248775    1.000000
2486    -8.415849755190466    1.000000
2488    -1.4091110613418665    1.000000
2489    7.569404041084007    1.000000
2490    9.588643976232474    1.000000
2491    2.7921288599301    1.000000
2492    -6.5714566536300465    1.000000
2493    -9.893275225667788    1.000000
2494    -4.119262180402845    1.000000
2495    5.441981516573631    1.000000
2496    9.999892504195902    1.000000
2497    5.363948440327513    1.000000
2498    -4.203585082462369    1.000000
2499    -9.906361866262177    1.000000
2500    -6.501275235748955    1.000000
2501    2.8810538643449886    1.000000
2502    9.61455532822078    1.000000
2503    7.508478963124005    1.000000
2504    -1.500858333544143    1.000000
2505    -9.130313399914632    1.000000
2507    0.09062311299291276    1.000000
2508    8.463328186831195    1.000000
2510    1.3214259297810271    1.000000
2511    -7.626949402545243    1.000000
2512    -9.563142627650679    1.000000
2513    -2.707026623585881    1.000000
2514    6.637917174110886    1.000000
2515    9.879990534253556    1.000000
2516    4.038446161114294    1.000000
2517    -5.516026988304777    1.000000
2518    -9.999090363138215    1.000000
2519    -5.28903617127017    1.000000
2520    4.283733484823678    1.000000
2521    9.918058330419758    1.000000
2522    6.433766086497337    1.000000
2523    -2.96570102651826    1.000000
2524    -9.638516292783986    1.000000
2525    -7.449724129759382    1.000000
2526    1.5883100420029568    1.000000
2527    9.166059286014823    1.000000
2529    -0.1791290211978704    1.000000
2530    -8.510143540315033    1.000000
2532    -1.2336372681844092    1.000000
2533    7.683897213794444    1.000000
2534    9.536892033518235    1.000000
2535    2.6217122992563437    1.000000
2536    -6.703857632296105    1.000000
2537    -9.86593177313897    1.000000
2538    -3.9573137408333543    1.000000
2539    5.5896402947071    1.000000
2540    9.997504821240781    1.000000
2541    5.213709520981377    1.000000
2542    -4.363546268614956    1.000000
2543    -9.928977742371334    1.000000
2544    -6.365752869618378    1.000000
2545    3.0501158342882597    1.000000
2546    9.661722106480122    1.000000
2547    7.390385631288521    1.000000
2548    -1.6756373108002116    1.000000
2549    -9.201087036936606    1.000000
2551    0.2676208951436571    1.000000
2552    8.55629214778961    1.000000
2554    1.1457519545487815    1.000000
2555    -7.740243013129442    1.000000
2556    -9.509894250495972    1.000000
2557    -2.5361925710808335    1.000000
2558    6.769272861934731    1.000000
2559    9.851100043788747    1.000000
2560    3.875871276058853    1.000000
2561    -5.662815668383372    1.000000
2562    -9.995136002726385    1.000000
2563    -5.137974391094083    1.000000
2564    4.443017180727218    1.000000
2565    9.939119246611437    1.000000
2566    6.297240913757917    1.000000
2567    -3.1342916739902513    1.000000
2568    -9.684170951198405    1.000000
2569    -7.330468116717259    1.000000
2570    1.7628332980879775    1.000000
2571    9.2353939083534    1.000000
2572    8.21697595047985    1.000000
2573    -0.35609180173877736    1.000000
2574    -8.601770393640253    1.000000
2576    -1.0577768744433313    1.000000
2577    7.795982386014021    1.000000
2578    9.482151393784886    1.000000
2579    2.4504741392915164    1.000000
2580    -6.834157737925984    1.000000
2581    -9.835496508227514    1.000000
2582    -3.7941251475807407    1.000000
2583    5.735547376247172    1.000000
2584    9.991984093185353    1.000000
2585    5.061836715244466    1.000000
2586    -4.522139994836163    1.000000
2587    -9.948482048581498    1.000000
2588    -6.228235586636593    1.000000
2589    3.2182219506819845    1.000000
2590    9.705861068134471    1.000000
2591    7.269976280415736    1.000000
2592    -1.8498911723038636    1.000000
2593    -9.268977212417523    1.000000
2594    -8.166208349512996    1.000000
2595    0.4445348095344691    1.000000
2596    8.646574714773253    1.000000
2598    0.9697189204701984    1.000000
2599    -7.851110965423788    1.000000
2600    -9.453665636960418    1.000000
2601    -2.36456371968843    1.000000
2602    6.898507176720809    1.000000
2603    9.819122388948758    1.000000
2604    3.712081759980171    1.000000
2605    -5.80782971997206    1.000000
2606    -9.988049339561003    1.000000
2607    -4.985302458607062    1.000000
2608    4.60090851189    1.000000
2609    9.957065414732098    1.000000
2610    6.158742294629315    1.000000
2611    -3.3019000886603855    1.000000
2612    -9.726790757928157    1.000000
2613    -7.208914861750601    1.000000
2614    1.9368041127062536    1.000000
2615    9.301834317970771    1.000000
2616    8.11480094889975    1.000000
2617    -0.5329429892677633    1.000000
2618    -8.690701600895016    1.000000
2620    -0.8815849917244586    1.000000
2621    7.905624432188316    1.000000
2622    9.42443921180216    1.000000
2623    2.278468043113323    1.000000
2624    -6.962316136720166    1.000000
2625    -9.801978968819052    1.000000
2626    -3.629747541127721    1.000000
2627    5.879657036438015    1.000000
2628    9.983332050130306    1.000000
2629    4.908377617427399    1.000000
2630    -4.679316560595127    1.000000
2631    -9.96486867258044    1.000000
2632    -6.088766482341672    1.000000
2633    3.385319531976745    1.000000
2634    9.746958380796647    1.000000
2635    7.14728864471369    1.000000
2636    -2.0235653099086908    1.000000
2637    -9.333962650750575    1.000000
2638    -8.062757776266567    1.000000
2639    0.6213094144043726    1.000000
2640    8.734147594787098    1.000000
2642    0.7933819932535995    1.000000
2643    -7.959518515329538    1.000000
2644    -9.394474408119002    1.000000
2645    -2.19219385492231    1.000000
2646    7.0255796186700215    1.000000
2647    9.784067590977548    1.000000
2648    3.5471289416797855    1.000000
2649    -5.951023698175143    1.000000
2650    -9.977832594479732    1.000000
2651    -4.831068218552223    1.000000
2652    4.757357997899629    1.000000
2653    9.971891210763035    1.000000
2654    6.0183136321833794    1.000000
2655    -3.4684737449503587    1.000000
2656    -9.76636235666294    1.000000
2657    -7.085102457547212    1.000000
2658    2.110167966413375    1.000000
2659    9.365359693591673    1.000000
2660    8.010082909050855    1.000000
2661    -0.7096271616813656    1.000000
2662    -8.776909292577063    1.000000
2664    -0.7051168355165288    1.000000
2665    8.012788992396365    1.000000
2666    9.363773573569736    1.000000
2667    2.1057479144573934    1.000000
2668    -7.088292666053022    1.000000
2669    -9.765389658730736    1.000000
2670    -3.464232434573184    1.000000
2671    6.021924113804555    1.000000
2672    9.971551403476294    1.000000
2673    4.753380318957297    1.000000
2674    -4.835026709474572    1.000000
2675    -9.978132479083609    1.000000
2676    -5.947389263938731    1.000000
2677    3.5513562126805795    1.000000
2678    9.785001165279652    1.000000
2679    7.022361172365481    1.000000
2680    -2.1966052971437278    1.000000
2681    -9.396022986623333    1.000000
2682    -7.956780474181536    1.000000
2683    0.7978893116495857    1.000000
2684    8.818983344005165    1.000000
2686    0.6167964338421599    1.000000
2687    -8.0654316897955    1.000000
2688    -9.332339113479112    1.000000
2689    -2.0191369945168884    1.000000
2690    7.15045036547683    1.000000
2691    9.745946635442516    1.000000
2692    3.3810645145180285    1.000000
2693    -6.092352728476451    1.000000
2694    -9.964488969233786    1.000000
2695    -4.675320005272863    1.000000
2696    4.912316610193042    1.000000
2697    9.983591988556192    1.000000
2698    5.875998934334152    1.000000
2699    -3.6339604415572437    1.000000
2700    -9.802873346348116    1.000000
2701    -6.959069704773186    1.000000
2702    2.2828705299759844    1.000000
2703    9.425950127462078    1.000000
2704    7.902854647755708    1.000000
2705    -0.8860889492157701    1.000000
2706    -8.860366452686822    1.000000
2708    -0.5284277078876137    1.000000
2709    8.117442483118444    1.000000
2710    9.300173490649398    1.000000
2711    1.9323678808247893    1.000000
2712    -7.212047847059071    1.000000
2713    -9.725740044419524    1.000000
2714    -3.2976316974888764    1.000000
2715    6.162304024305311    1.000000
2716    9.95664584507423    1.000000
2717    4.596893393306766    1.000000
2718    -4.989221644606903    1.000000
2719    -9.98826931144345    1.000000
2720    -5.804148236602842    1.000000
2721    3.716279959769425    1.000000
2722    9.819977499632797    1.000000
2723    6.895233013480274    1.000000
2724    -2.3689569062697697    1.000000
2725    -9.455138771399895    1.000000
2726    -7.848309654711457    1.000000
2727    0.9742191641843284    1.000000
2728    8.901055376370907    1.000000
2730    0.44001758109608424    1.000000
2731    -8.168817297464606    1.000000
2732    -9.26727922516743    1.000000
2733    -1.8454473714991315    1.000000
2734    7.273080284808873    1.000000
2735    9.704771468791812    1.000000
2736    3.2139405202142255    1.000000
2737    -6.231772520802222    1.000000
2738    -9.948022645484526    1.000000
2739    -4.518106627565301    1.000000
2740    5.0657357874212146    1.000000
2741    9.992164081290177    1.000000
2742    5.731842800046555    1.000000
2743    -3.7983083178124817    1.000000
2744    -9.836312285070994    1.000000
2745    -6.830856099913452    1.000000
2746    2.454857681397619    1.000000
2747    9.48358663158795    1.000000
2748    7.793149768496849    1.000000
2749    -1.0622730517987378    1.000000
2750    -8.941046927193737    1.000000
2752    -0.35157298015440586    1.000000
2753    8.219552107760585    1.000000
2754    9.233658894207151    1.000000
2755    1.7583822765193757    1.000000
2756    -7.333542897004976    1.000000
2757    -9.683042551388786    1.000000
2758    -3.1299975396643775    1.000000
2759    6.300752775304252    1.000000
2760    9.938620046068314    1.000000
2761    4.438965880771802    1.000000
2762    -5.141853043966309    1.000000
2763    -9.995275992952022    1.000000
2764    -5.659088289594566    1.000000
2765    3.880039088993361    1.000000
2766    9.851876422877824    1.000000
2767    6.765944007824335    1.000000
2768    -2.540566125273401    1.000000
2769    -9.511291479215743    1.000000
2770    -7.7373793107351085    1.000000
2771    1.1502437132825092    1.000000
2772    8.98033797192885    1.000000
2774    0.2631008344503656    1.000000
2775    -8.269642939075506    1.000000
2777    -1.6711794171928647    1.000000
2778    7.39343094657036    1.000000
2779    9.660554994610521    1.000000
2780    3.0458093325377176    1.000000
2781    -6.369239383400864    1.000000
2782    -9.928438783493029    1.000000
2783    -4.359477353383038    1.000000
2784    5.217567450667448    1.000000
2785    9.997604802619383    1.000000
2786    5.585890405359835    1.000000
2787    -3.961465869934111    1.000000
2788    -9.866668693646508    1.000000
2789    -6.700501822894278    1.000000
2790    2.626075522879605    1.000000
2791    9.53825114368574    1.000000
2792    7.681002650886048    1.000000
2793    -1.23812425637969    1.000000
2794    -9.018925432232491    1.000000
2796    -0.17460807552980662    1.000000
2797    8.319085866932454    1.000000
2799    1.5838456256203948    1.000000
2800    -7.452739741443387    1.000000
2801    -9.637310560294365    1.000000
2802    -2.9613824947454517    1.000000
2803    6.437226979357344    1.000000
2804    9.917479655432196    1.000000
2805    4.279647273103415    1.000000
2806    -5.292873075512052    1.000000
2807    -9.999150327836526    1.000000
2808    -5.512254882192425    1.000000
2809    4.042582281073567    1.000000
2810    9.880687938443891    1.000000
2811    6.634534672335933    1.000000
2812    -2.711379174793436    1.000000
2813    -9.564463512783426    1.000000
2814    -7.624024205903711    1.000000
2815    1.3259077958948517    1.000000
2816    9.056806284884775    1.000000
2818    0.08610163655355972    1.000000
2819    -8.367877017615935    1.000000
2821    -1.4963877441609372    1.000000
2822    7.511464634945409    1.000000
2823    9.613311069576914    1.000000
2824    2.87672364089483    1.000000
2825    -6.504710236535179    1.000000
2826    -9.90574352050293    1.000000
2827    -4.199481894397055    1.000000
2828    5.367764018514465    1.000000
2829    9.999912447515852    1.000000
2830    5.438187489230187    1.000000
2831    -4.1233819671671705    1.000000
2832    -9.893933058901244    1.000000
2833    -6.5680477244915485    1.000000
2834    2.7964703977117016    1.000000
2835    9.589926532842801    1.000000
2836    7.566448439890338    1.000000
2837    -1.4135874542325257    1.000000
2838    -9.09397756202655    1.000000
2840    0.002411548245750105    1.000000
2841    8.416012568475395    1.000000
2843    1.4088126248955606    1.000000
2844    -7.569601026144817    1.000000
2845    -9.588558402751321    1.000000
2846    -2.7918394037709158    1.000000
2847    6.571683867809406    1.000000
2848    9.89323129819867    1.000000
2849    4.118987497997775    1.000000
2850    -5.442234412178195    1.000000
2851    -9.999891101947412    1.000000
2852    -5.363694029446765    1.000000
2853    4.20385859778489    1.000000
2854    9.906403017300327    1.000000
2855    6.5010461884280355    1.000000
2856    -2.88134252497443    1.000000
2857    -9.614638208907259    1.000000
2858    -7.508279863746597    1.000000
2859    1.5011563619360435    1.000000
2860    9.130436351391939    1.000000
2862    -0.09092454410698134    1.000000
2863    -8.46348874822468    1.000000
2865    -1.321127129090588    1.000000
2866    7.627144360217518    1.000000
2867    9.563054499119993    1.000000
2868    2.7067364338169213    1.000000
2869    -6.638142625982817    1.000000
2870    -9.87994396881713    1.000000
2871    -4.038170390417013    1.000000
2872    5.5162784219556125    1.000000
2873    9.999086292803574    1.000000
2874    5.288780339196946    1.000000
2875    -4.284005867807188    1.000000
2876    -9.918096836654676    1.000000
2877    -6.43353531352886    1.000000
2878    2.9659889070871803    1.000000
2879    9.638596604885915    1.000000
2880    7.449523034818184    1.000000
2881    -1.5886076582257407    1.000000
2882    -9.166179796536492    1.000000
2884    0.17943041628379527    1.000000
2885    8.510301837237533    1.000000
2887    1.233338126660037    1.000000
2888    -7.684090128803794    1.000000
2889    -9.53680135684264    1.000000
2890    -2.6214213986131685    1.000000
2891    6.704081304197081    1.000000
2892    9.865882573383505    1.000000
2893    3.9570369034497266    1.000000
2894    -5.589890246705084    1.000000
2895    -9.99749808313889    1.000000
2896    -5.213452287759414    1.000000
2897    4.363817497919011    1.000000
2898    9.929013600786169    1.000000
2899    6.365520389082764    1.000000
2900    -3.050402912242018    1.000000
2901    -9.661799843705264    1.000000
2902    -7.390182556538758    1.000000
2903    1.6759344915364778    1.000000
2904    9.20120509706097    1.000000
2906    -0.267922230587974    1.000000
2907    -8.556448167839005    1.000000
2909    -1.1454524956273804    1.000000
2910    7.740433870361514    1.000000
2911    9.50980103277973    1.000000
2912    2.535900982354696    1.000000
2913    -6.769494736340684    1.000000
2914    -9.851048213568909    1.000000
2915    -3.875593393678316    1.000000
2916    5.663064119145464    1.000000
2917    9.995126597385156    1.000000
2918    5.137715776876882    1.000000
2919    -4.443287235101756    1.000000
2920    -9.939152454396782    1.000000
2921    -6.297006743869367    1.000000
2922    3.134577926837091    1.000000
2923    9.684246107456273    1.000000
2924    7.33026307806927    1.000000
2925    -1.7631300200544442    1.000000
2926    -9.23550950883078    1.000000
2927    -8.216804146922358    1.000000
2928    0.35639305393269477    1.000000
2929    8.601924124592804    1.000000
2931    1.057477121586673    1.000000
2932    -7.7961711705156835    1.000000
2933    -9.482055642331348    1.000000
2934    -2.4501818853275807    1.000000
2935    6.834377797453674    1.000000
2936    9.835442051604057    1.000000
2937    3.7938462419746033    1.000000
2938    -5.735794306307947    1.000000
2939    -9.991972021341665    1.000000
2940    -5.06157674029373    1.000000
2941    4.522408853123176    1.000000
2942    9.948512603135612    1.000000
2943    6.2279997457416645    1.000000
2944    -3.218507355994794    1.000000
2945    -9.705933637536779    1.000000
2946    -7.26976929393373    1.000000
2947    1.8501874122531925    1.000000
2948    9.269090344190944    1.000000
2949    8.166034360279758    1.000000
2950    -0.4448359548757179    1.000000
2951    -8.646726144584571    1.000000
2953    -0.9694188971630825    1.000000
2954    7.851297662404304    1.000000
2955    9.453567359271442    1.000000
2956    2.364270823383979    1.000000
2957    -6.898725404129184    1.000000
2958    -9.819065310188204    1.000000
2959    -3.7118018529999097    1.000000
2960    5.808075109985234    1.000000
2961    9.988034602160653    1.000000
2962    4.9850411432911015    1.000000
2963    -4.601176153025193    1.000000
2964    -9.957093313661119    1.000000
2965    -6.158504801205483    1.000000
2966    3.3021846240784534    1.000000
2967    9.726860734789295    1.000000
2968    7.208705943651391    1.000000
2969    -1.9370998474288708    1.000000
2970    -9.301944972176672    1.000000
2971    -8.114624787622338    1.000000
2972    0.533244004162446    1.000000
2973    8.690850717700998    1.000000
2975    0.8812847214728746    1.000000
2976    -7.905809027020496    1.000000
2977    -9.42433841557753    1.000000
2978    -2.278174527415964    1.000000
2979    6.96253251491172    1.000000
2980    9.801919272393366    1.000000
2981    3.629466654703267    1.000000
2982    -5.879900867177969    1.000000
2983    -9.983314648327926    1.000000
2984    -4.908114982219544    1.000000
2985    4.679582963609563    1.000000
2986    9.964893913698562    1.000000
2987    6.088527354995888    1.000000
2988    -3.3856031752075157    1.000000
2989    -9.74702575963412    1.000000
2990    -7.147077811365427    1.000000
2991    2.0238605162346057    1.000000
2992    9.334070818719507    1.000000
2993    8.062579456746725    1.000000
2994    -0.6216102752688116    1.000000
2995    -8.734294386904862    1.000000
2997    -0.7930814995828841    1.000000
2998    7.95970099355089    1.000000
2999    9.394371101255823    1.000000
3000    2.191899742828181    1.000000
3001    -7.025794130692126    1.000000
3002    -9.784005281563775    1.000000
3003    -3.5468470978178055    1.000000
3004    5.951265950538415    1.000000
3005    9.977812529638712    1.000000
3006    4.830804284029207    1.000000
3007    -4.757623141921375    1.000000
3008    -9.971913792092693    1.000000
3009    -6.018072889650599    1.000000
3010    3.4687564737711774    1.000000
3011    9.766427132197807    1.000000
3012    7.084889725468099    1.000000
3013    -2.110462621213996    1.000000
3014    -9.365465366848982    1.000000
3015    -8.009902445259419    1.000000
3016    0.7099278449439516    1.000000
3017    8.77705374850585    1.000000
3019    0.7048161419695229    1.000000
3020    -8.012969339710232    1.000000
3021    -9.363667764161807    1.000000
3022    -2.1054532290093557    1.000000
3023    7.088505295099257    1.000000
3024    9.765324741210648    1.000000
3025    3.4639496553553606    1.000000
3026    -6.022164768811352    1.000000
3027    -9.971528677168651    1.000000
3028    -4.753115105797656    1.000000
3029    4.835290573730331    1.000000
3030    9.978152398855613    1.000000
3031    5.947146925080462    1.000000
3032    -3.551638004940431    1.000000
3033    -9.78506333243693    1.000000
3034    -7.022146558222484    1.000000
3035    2.1968993773336734    1.000000
3036    9.396126156889812    1.000000
3037    7.95659788025734    1.000000
3038    -0.7981897937526236    1.000000
3039    -8.819125452427256    1.000000
3041    -0.6164955639773642    1.000000
3042    8.065609892072171    1.000000
3043    9.33223080981631    1.000000
3044    2.0188417588027243    1.000000
3045    -7.150661094888304    1.000000
3046    -9.745879114902218    1.000000
3047    -3.380780822099323    1.000000
3048    6.09259176727212    1.000000
3049    9.964463583240063    1.000000
3050    4.675053534255306    1.000000
3051    -4.912579174009789    1.000000
3052    -9.983609245209886    1.000000
3053    -5.87575501813697    1.000000
3054    3.6342412751784905    1.000000
3055    9.802932900257183    1.000000
3056    6.958853225380723    1.000000
3057    -2.283164012514891    1.000000
3058    -9.426050786654622    1.000000
3059    -7.902669938004478    1.000000
3060    0.8863892066173253    1.000000
3061    8.860506202468423    1.000000
3063    0.528126685277343    1.000000
3064    -8.117618526396269    1.000000
3065    -9.300062701217012    1.000000
3066    -1.9320721179753944    1.000000
3067    7.212256660325719    1.000000
3068    9.725669926149065    1.000000
3069    3.297347114095799    1.000000
3070    -6.1625414281618305    1.000000
3071    -9.956617801383352    1.000000
3072    -4.596625685308554    1.000000
3073    4.989482887413492    1.000000
3074    9.988283903626822    1.000000
3075    5.803902762176898    1.000000
3076    -3.716559812749534    1.000000
3077    -9.82003443562777    1.000000
3078    -6.895014685798904    1.000000
3079    2.369249768164099    1.000000
3080    9.45523691163214    1.000000
3081    7.8481228436046875    1.000000
3082    -0.9745191733600712    1.000000
3083    -8.901192756563006    1.000000
3085    -0.43971642932462046    1.000000
3086    8.168991167951086    1.000000
3087    9.267165958645501    1.000000
3088    1.8451511046866997    1.000000
3089    -7.273287165570761    1.000000
3090    -9.704698758284756    1.000000
3091    -3.2136550681430913    1.000000
3092    6.232008271119666    1.000000
3093    9.947991946293637    1.000000
3094    4.517837703560607    1.000000
3095    -5.065995688750004    1.000000
3096    -9.992176007859973    1.000000
3097    -5.731595786624088    1.000000
3098    3.7985871682257546    1.000000
3099    9.836366598691093    1.000000
3100    6.830635941048541    1.000000
3101    -2.4551498997024583    1.000000
3102    -9.483682245170879    1.000000
3103    -7.792960870670668    1.000000
3104    1.0625727892437855    1.000000
3105    8.941181927032984    1.000000
3107    0.3512717228161501    1.000000
3108    -8.21972379183345    1.000000
3109    -9.233543159469795    1.000000
3110    -1.7580855289555857    1.000000
3111    7.333747829053573    1.000000
3112    9.682967254341804    1.000000
3113    3.1297112412795594    1.000000
3114    -6.300986853612236    1.000000
3115    -9.938586693782613    1.000000
3116    -4.4386957618300755    1.000000
3117    5.142111583454754    1.000000
3118    9.995285252973824    1.000000
3119    5.658839756528386    1.000000
3120    -3.8803169149926457    1.000000
3121    -9.851928109867734    1.000000
3122    -6.765722035024711    1.000000
3123    2.540857677094263    1.000000
3124    9.511384558658303    1.000000
3125    7.737188340989135    1.000000
3126    -1.1505431555132695    1.000000
3127    -8.980470580838386    1.000000
3129    -0.26279949514799017    1.000000
3130    8.26981242328379    1.000000
3132    1.6708822121270606    1.000000
3133    -7.393633913849813    1.000000
3134    -9.660477116922927    1.000000
3135    -3.0455222102698976    1.000000
3136    6.369471771360007    1.000000
3137    9.92840278072557    1.000000
3138    4.359206060667344    1.000000
3139    -5.217824608059698    1.000000
3140    -9.997611395367697    1.000000
3141    -5.5856403721218175    1.000000
3142    3.9617426497525154    1.000000
3143    9.866717749956694    1.000000
3144    6.7002780535508935    1.000000
3145    -2.626366385374216    1.000000
3146    -9.538341681695414    1.000000
3147    -7.680809624182228    1.000000
3148    1.2384233799356996    1.000000
3149    9.019055639822774    1.000000
3151    0.17430667787240528    1.000000
3152    -8.319253137997539    1.000000
3154    -1.583547986337764    1.000000
3155    7.452940728051774    1.000000
3156    9.637230108067655    1.000000
3157    2.961094571089857    1.000000
3158    -6.437457658760696    1.000000
3159    -9.917441005003697    1.000000
3160    -4.27937482786878    1.000000
3161    5.293128830660545    1.000000
3162    9.999154252794826    1.000000
3163    5.512003368371975    1.000000
3164    -4.042857993026163    1.000000
3165    -9.880734360230926    1.000000
3166    -6.634309123980492    1.000000
3167    2.711669325173531    1.000000
3168    9.564551502266813    1.000000
3169    7.623829137365148    1.000000
3170    -1.326206577340614    1.000000
3171    -9.0569340809544    1.000000
3173    -0.08580020415479826    1.000000
3174    8.368042062432606    1.000000
3176    1.4960896939806874    1.000000
3177    -7.5116636251359905    1.000000
3178    -9.613228049114296    1.000000
3179    -2.876434938409476    1.000000
3180    6.504939189309656    1.000000
3181    9.905702225441544    1.000000
3182    4.199208317988804    1.000000
3183    -5.368018351381498    1.000000
3184    -9.999913704376631    1.000000
3185    -5.437934514532711    1.000000
3186    4.123656589652698    1.000000
3187    9.893976842528115    1.000000
3188    6.567820414795135    1.000000
3189    -2.7967598132448077    1.000000
3190    -9.59001196690617    1.000000
3191    -7.566251344800108    1.000000
3192    1.4138858701593475    1.000000
3193    9.09410293656306    1.000000
3195    -0.002712991769484001    1.000000
3196    -8.416175374112845    1.000000
3198    -1.408514187169092    1.000000
3199    7.569798004327264    1.000000
3200    9.58847282055722    1.000000
3201    2.7915499450748364    1.000000
3202    -6.571911076017193    1.000000
3203    -9.893187361739749    1.000000
3204    -4.118712811849856    1.000000
3205    5.442487302837497    1.000000
3206    9.9998896906122    1.000000
3207    5.3634396136921225    1.000000
3208    -4.204132109287443    1.000000
3209    -9.906444159336704    1.000000
3210    -6.50081713519973    1.000000
3211    2.881631182985647    1.000000
3212    9.614721080857091    1.000000
3213    7.508080757546551    1.000000
3214    -1.5014543889638698    1.000000
3215    -9.130559294572588    1.000000
3217    0.09122597513842841    1.000000
3218    8.463649301927543    1.000000
3220    1.3208283271996641    1.000000
3221    -7.627339310959145    1.000000
3222    -9.56296636189953    1.000000
3223    -2.706446241588399    1.000000
3224    6.638368071822785    1.000000
3225    9.879897394402976    1.000000
3226    4.03789461605032    1.000000
3227    -5.516529850593906    1.000000
3228    -9.999082213382945    1.000000
3229    -5.288524502317906    1.000000
3230    4.2842782468979    1.000000
3231    9.918135333877203    1.000000
3232    6.433304534714346    1.000000
3233    -2.9662767849609595    1.000000
3234    -9.63867690822942    1.000000
3235    -7.449321933107739    1.000000
3236    1.5889052730049846    1.000000
3237    9.166300298729016    1.000000
3239    -0.179731811206675    1.000000
3240    -8.510460126426874    1.000000
3242    -1.2330389840149525    1.000000
3243    7.684283036830751    1.000000
3244    9.536710671501123    1.000000
3245    2.6211304955879546    1.000000
3246    -6.704304970006181    1.000000
3247    -9.865833364663093    1.000000
3248    -3.956760062470411    1.000000
3249    5.590140193623636    1.000000
3250    9.99749133595245    1.000000
3251    5.2131950498000785    1.000000
3252    -4.364088723257742    1.000000
3253    -9.929049450178686    1.000000
3254    -6.365287902762917    1.000000
3255    3.050689987423929    1.000000
3256    9.661877572150907    1.000000
3257    7.389979475073667    1.000000
3258    -1.6762316707498521    1.000000
3259    -9.201323148824365    1.000000
3261    0.26822356578883483    1.000000
3262    8.556604180113307    1.000000
3264    1.1451530356651274    1.000000
3265    -7.740624720559993    1.000000
3266    -9.509707806422107    1.000000
3267    -2.5356093913242317    1.000000
3268    6.769716604595322    1.000000
3269    9.850996374397603    1.000000
3270    3.8753155077760972    1.000000
3271    -5.663312564761631    1.000000
3272    -9.995117182961533    1.000000
3273    -5.13745715799113    1.000000
3274    4.443557285438756    1.000000
3275    9.939185653150593    1.000000
3276    6.29677256825884    1.000000
3277    -3.1348641768355954    1.000000
3278    -9.68432125491424    1.000000
3279    -7.330058032760404    1.000000
3280    1.7634267404187864    1.000000
3281    9.23562510091602    1.000000
3282    8.216632335898407    1.000000
3283    -0.3566943058027642    1.000000
3284    -8.602077847728944    1.000000
3286    -1.0571773677691034    1.000000
3287    7.796359947933108    1.000000
3288    9.48195988226164    1.000000
3289    2.4498896291372088    1.000000
3290    -6.834597850771087    1.000000
3291    -9.835387586043309    1.000000
3292    -3.7935673329210657    1.000000
3293    5.736041231156708    1.000000
3294    9.991959940418452    1.000000
3295    5.061316760743629    1.000000
3296    -4.522677707300757    1.000000
3297    -9.94854314864969    1.000000
3298    -6.227763899187465    1.000000
3299    3.2187927583830027    1.000000
3300    9.706006198119479    1.000000
3301    7.269562300845818    1.000000
3302    -1.8504836505212896    1.000000
3303    -9.269203467541708    1.000000
3304    -8.165860363626193    1.000000
3305    0.4451370998127522    1.000000
3306    8.646877566538766    1.000000
3308    0.969118872975073    1.000000
3309    -7.851484352250485    1.000000
3310    -9.453469072992181    1.000000
3311    -2.363977924931157    1.000000
3312    6.898943625268813    1.000000
3313    9.819008222505243    1.000000
3314    3.7115219426468005    1.000000
3315    -5.808320494720716    1.000000
3316    -9.988019855684355    1.000000
3317    -4.984779823445326    1.000000
3318    4.601443789979379    1.000000
3319    9.957121203542307    1.000000
3320    6.15826730218553    1.000000
3321    -3.3024691564958863    1.000000
3322    -9.726930702811808    1.000000
3323    -7.2084970190017605    1.000000
3324    1.9373955803912806    1.000000
3325    9.302055617930064    1.000000
3326    8.114448618971315    1.000000
3327    -0.5335450185725793    1.000000
3328    -8.690999826609763    1.000000
3330    -0.880984450420483    1.000000
3331    7.905993614668808    1.000000
3332    9.424237610789174    1.000000
3333    2.27788100964847    1.000000
3334    -6.962748886776546    1.000000
3335    -9.80185956706085    1.000000
3336    -3.629185764980781    1.000000
3337    5.880144692574962    1.000000
3338    9.983297237453892    1.000000
3339    4.907852342551772    1.000000
3340    -4.679849362371745    1.000000
3341    -9.964919145761767    1.000000
3342    -6.088288222117566    1.000000
3343    3.385886815361851    1.000000
3344    9.747093129614646    1.000000
3345    7.146866971522741    1.000000
3346    -2.0241557207214758    1.000000
3347    -9.33417897820674    1.000000
3348    -8.062401129900561    1.000000
3349    0.6219111355684046    1.000000
3350    8.734441171085926    1.000000
3352    0.7927810051915097    1.000000
3353    -7.959883464539407    1.000000
3354    -9.394267785856146    1.000000
3355    -2.191605628742311    1.000000
3356    7.026008636330015    1.000000
3357    9.783942963259454    1.000000
3358    3.54656525073287    1.000000
3359    -5.951508197493881    1.000000
3360    -9.977792455731029    1.000000
3361    -4.8305403451165265    1.000000
3362    4.757888281619952    1.000000
3363    9.97193636436105    1.000000
3364    6.017832141649304    1.000000
3365    -3.4690391994399983    1.000000
3366    -9.766491898858098    1.000000
3367    -7.084676986951074    1.000000
3368    2.1107572740968776    1.000000
3369    9.365571031596058    1.000000
3370    8.009721974189528    1.000000
3371    -0.7102285275614388    1.000000
3372    -8.777198196459086    1.000000
3374    -0.7045154477820634    1.000000
3375    8.013149679742856    1.000000
3376    9.363561946245285    1.000000
3377    2.10515854164813    1.000000
3378    -7.088717917704294    1.000000
3379    -9.765259814816986    1.000000
3380    -3.4636668729899074    1.000000
3381    6.0224054183459135    1.000000
3382    9.97150594180006    1.000000
3383    4.752849888318942    1.000000
3384    -4.83555443359235    1.000000
3385    -9.978172309560648    1.000000
3386    -5.946904580818129    1.000000
3387    3.551919793972972    1.000000
3388    9.785125490702697    1.000000
3389    7.021931937698588    1.000000
3390    -2.197193455527335    1.000000
3391    -9.396229318618198    1.000000
3392    -7.956415279103128    1.000000
3393    0.798490275130361    1.000000
3394    8.819267552835568    1.000000
3396    0.6161946935523702    1.000000
3397    -8.06578808701977    1.000000
3398    -9.332122497673476    1.000000
3399    -2.0185465212540756    1.000000
3400    7.1508718178020985    1.000000
3401    9.745811585506015    1.000000
3402    3.380497126608563    1.000000
3403    -6.09283080053156    1.000000
3404    -9.964438188191814    1.000000
3405    -4.674787058989611    1.000000
3406    4.912841733362562    1.000000
3407    9.983626492791652    1.000000
3408    5.875511096600594    1.000000
3409    -3.634522105497366    1.000000
3410    -9.8029924452585    1.000000
3411    -6.958636739664876    1.000000
3412    2.283457492979127    1.000000
3413    9.426151437281884    1.000000
3414    7.902485221072236    1.000000
3415    -0.8866894632134347    1.000000
3416    -8.86064594419864    1.000000
3418    -0.5278256621871731    1.000000
3419    8.11779456229776    1.000000
3420    9.299951903333824    1.000000
3421    1.9317763533703605    1.000000
3422    -7.2124654670387205    1.000000
3423    -9.72559979904106    1.000000
3424    -3.297062527706482    1.000000
3425    6.162778826418562    1.000000
3426    9.956589748645076    1.000000
3427    4.59635797313347    1.000000
3428    -4.98974412568623    1.000000
3429    -9.988298486734019    1.000000
3430    -5.803657282477053    1.000000
3431    3.716839662352473    1.000000
3432    9.820091362699452    1.000000
3433    6.8947963518521584    1.000000
3434    -2.369542627905534    1.000000
3435    -9.455335043272582    1.000000
3436    -7.8479360253664705    1.000000
3437    0.9748191816502859    1.000000
3438    8.901330128666755    1.000000
3440    0.4394152771535943    1.000000
3441    -8.16916503101455    1.000000
3442    -9.267052683702662    1.000000
3443    -1.8448548361976127    1.000000
3444    7.273494039723545    1.000000
3445    9.704626038959217    1.000000
3446    3.2133696131517664    1.000000
3447    -6.232244015774193    1.000000
3448    -9.94796123806319    1.000000
3449    -4.517568775450637    1.000000
3450    5.066255585475415    1.000000
3451    9.992187925350054    1.000000
3452    5.7313487679934205    1.000000
3453    -3.79886601518732    1.000000
3454    -9.836420903373062    1.000000
3455    -6.830415775976751    1.000000
3456    2.4554421157763477    1.000000
3457    9.483777850136159    1.000000
3458    7.792771965763163    1.000000
3459    -1.0628725257232927    1.000000
3460    -8.94131691874754    1.000000
3462    -0.35097046515870006    1.000000
3463    8.219895468437201    1.000000
3464    9.233427416342085    1.000000
3465    1.757788779794255    1.000000
3466    -7.333952754438126    1.000000
3467    -9.682891948496083    1.000000
3468    -3.1294249400508307    1.000000
3469    6.301220926194627    1.000000
3470    9.938553332465894    1.000000
3471    4.438425638854986    1.000000
3472    -5.1423701182706525    1.000000
3473    -9.99529450391309    1.000000
3474    -5.658591218320121    1.000000
3475    3.8805947374659557    1.000000
3476    9.85197978790537    1.000000
3477    6.765500056077198    1.000000
3478    -2.5411492266062923    1.000000
3479    -9.511477629458037    1.000000
3480    -7.736997364212518    1.000000
3481    1.150842596698552    1.000000
3482    8.98060318158753    1.000000
3484    0.26249815560681355    1.000000
3485    -8.269981899977445    1.000000
3487    -1.6705850055429554    1.000000
3488    7.393836874410802    1.000000
3489    9.660399230457026    1.000000
3490    3.0452350852346655    1.000000
3491    -6.369704153531325    1.000000
3492    -9.928366768936348    1.000000
3493    -4.3589347639905185    1.000000
3494    5.2180817607106045    1.000000
3495    9.997617979031364    1.000000
3496    5.5853903338082285    1.000000
3497    -3.962019425970955    1.000000
3498    -9.86676679730117    1.000000
3499    -6.700054278119088    1.000000
3500    2.626657245482294    1.000000
3501    9.538432211037767    1.000000
3502    7.680616590498993    1.000000
3503    -1.238722502366376    1.000000
3504    -9.019185839217604    1.000000
3506    -0.17400528005661464    1.000000
3507    8.31942040150307    1.000000
3509    1.5832503456161913    1.000000
3510    -7.453141707887807    1.000000
3511    -9.637149647083767    1.000000
3512    -2.9608066447435677    1.000000
3513    6.437688332314448    1.000000
3514    9.917402345563398    1.000000
3515    4.279102378745555    1.000000
3516    -5.293384580999267    1.000000
3517    -9.999158168667076    1.000000
3518    -5.511751849542865    1.000000
3519    4.043133701305088    1.000000
3520    9.880780773039517    1.000000
3521    6.634083569596575    1.000000
3522    -2.71195947308958    1.000000
3523    -9.564639483059063    1.000000
3524    -7.623634061898949    1.000000
3525    1.326505357581276    1.000000
3526    9.05706186879416    1.000000
3528    0.08549877167807172    1.000000
3529    -8.368207099645385    1.000000
3531    -1.4957916424409672    1.000000
3532    7.511862608500857    1.000000
3533    9.61314501991631    1.000000
3534    2.8761462333103562    1.000000
3535    -6.505168136173211    1.000000
3536    -9.905660921379026    1.000000
3537    -4.198934737764807    1.000000
3538    5.368272679370709    1.000000
3539    9.99991495215067    1.000000
3540    5.43768153489388    1.000000
3541    -4.123931208391132    1.000000
3542    -9.894020617164506    1.000000
3543    -6.567593099130661    1.000000
3544    2.7970492262365485    1.000000
3545    9.590097392255268    1.000000
3546    7.56605424283456    1.000000
3547    -1.414184284801397    1.000000
3548    -9.094228302835921    1.000000
3550    0.0030144352907526518    1.000000
3551    8.416338172102668    1.000000
3553    1.4082157481627315    1.000000
3554    -7.569994975631174    1.000000
3555    -9.588387229650243    1.000000
3556    -2.791260483842126    1.000000
3557    6.572138278253202    1.000000
3558    9.893143416291068    1.000000
3559    4.118438121959336    1.000000
3560    -5.442740188551308    1.000000
3561    -9.999888270190267    1.000000
3562    -5.363185193063821    1.000000
3563    4.204405616969774    1.000000
3564    9.906485292371276    1.000000
3565    6.500588076064251    1.000000
3566    -2.8819198383783777    1.000000
3567    -9.614803944070198    1.000000
3568    -7.507881644524049    1.000000
3569    1.5017524146273518    1.000000
3570    9.130682229456456    1.000000
3572    -0.09152740608698008    1.000000
3573    -8.46380984793964    1.000000
3575    -1.320529524108527    1.000000
3576    7.627534254769943    1.000000
3577    9.562878215989373    1.000000
3578    2.706156046900578    1.000000
3579    -6.638593511630589    1.000000
3580    -9.879850811011135    1.000000
3581    -4.037618838014463    1.000000
3582    5.5167812742194275    1.000000
3583    9.999078124876325    1.000000
3584    5.288268660633278    1.000000
3585    -4.2845506220955665    1.000000
3586    -9.918173822087292    1.000000
3587    -6.433073750054003    1.000000
3588    2.966564660139336    1.000000
3589    9.638757202814437    1.000000
3590    7.449120824628226    1.000000
3591    -1.5892028863404195    1.000000
3592    -9.16642079259229    1.000000
3594    0.18003320596623565    1.000000
3595    8.510618407882912    1.000000
3597    1.2327398402494278    1.000000
3598    -7.684475937875135    1.000000
3599    -9.536619977493771    1.000000
3600    -2.6208395901809665    1.000000
3601    6.704528629723199    1.000000
3602    9.865784146977772    1.000000
3603    3.9564832178956575    1.000000
3604    -5.590390135462529    1.000000
3605    -9.997484579681469    1.000000
3606    -5.212937807103607    1.000000
3607    4.3643599446309045    1.000000
3608    9.929085290548857    1.000000
3609    6.365055410659045    1.000000
3610    -3.0509770598337336    1.000000
3611    -9.661955291816973    1.000000
3612    -7.389776386893437    1.000000
3613    1.6765288484400651    1.000000
3614    9.201441192226685    1.000000
3616    -0.26852490074596574    1.000000
3617    -8.556760184612378    1.000000
3619    -1.1448535746622943    1.000000
3620    7.740815563724708    1.000000
3621    9.50961457142318    1.000000
3622    2.535317797989704    1.000000
3623    -6.769938466698438    1.000000
3624    -9.850944526274873    1.000000
3625    -3.8750376183524478    1.000000
3626    5.663561005231648    1.000000
3627    9.995107759455525    1.000000
3628    5.137198534437063    1.000000
3629    -4.443827331737978    1.000000
3630    -9.939218842872847    1.000000
3631    -6.296538386926548    1.000000
3632    3.135150423985506    1.000000
3633    9.68439639357224    1.000000
3634    7.3298529807908475    1.000000
3635    -1.7637234591807345    1.000000
3636    -9.235740684609013    1.000000
3637    -8.216460517408148    1.000000
3638    0.35699555734871197    1.000000
3639    8.602231563048528    1.000000
3641    1.0568776129908966    1.000000
3642    -7.796548718266117    1.000000
3643    -9.481864113575842    1.000000
3644    -2.4495973707206664    1.000000
3645    6.834817897878025    1.000000
3646    9.835333111545323    1.000000
3647    3.7932884204203816    1.000000
3648    -5.736288150793231    1.000000
3649    -9.991947850415722    1.000000
3650    -5.061056776594403    1.000000
3651    4.522946557368663    1.000000
3652    9.948573685123709    1.000000
3653    6.227528046974207    1.000000
3654    -3.219078157846353    1.000000
3655    -9.706078749882504    1.000000
3656    -7.269355301152181    1.000000
3657    1.850779887107885    1.000000
3658    9.269316582469713    1.000000
3659    8.165686359552456    1.000000
3660    -0.4454382443452984    1.000000
3661    -8.647028980635698    1.000000
3663    -0.9688188479064426    1.000000
3664    7.851671034962164    1.000000
3665    9.453370778122723    1.000000
3666    2.363685024330231    1.000000
3667    -6.899161840139496    1.000000
3668    -9.818951125899929    1.000000
3669    -3.711242028921098    1.000000
3670    5.8085658741782815    1.000000
3671    9.988005100132122    1.000000
3672    4.984518499069969    1.000000
3673    -4.601711422752316    1.000000
3674    -9.957149084375638    1.000000
3675    -6.158029797569671    1.000000
3676    3.302753685912425    1.000000
3677    9.727000661995632    1.000000
3678    7.208288087801899    1.000000
3679    -1.9376913115932137    1.000000
3680    -9.302166255230846    1.000000
3681    -8.114272442946833    1.000000
3682    0.5338460324978899    1.000000
3683    8.69114892762117    1.000000
3685    0.8806841785675567    1.000000
3686    -7.906178195133088    1.000000
3687    -9.424136797437184    1.000000
3688    -2.2775874898111055    1.000000
3689    6.962965252314447    1.000000
3690    9.801799852821564    1.000000
3691    3.6289048719605197    1.000000
3692    -5.880388512628773    1.000000
3693    -9.983279817508214    1.000000
3694    -4.9075896984243235    1.000000
3695    4.680115756881432    1.000000
3696    9.964944368770025    1.000000
3697    6.0880490837069265    1.000000
3698    -3.3861704524394907    1.000000
3699    -9.747160490738164    1.000000
3700    -7.146656125185827    1.000000
3701    2.0244509233690313    1.000000
3702    9.334287129212173    1.000000
3703    8.062222795728237    1.000000
3704    -0.6222119953028781    1.000000
3705    -8.734587947330159    1.000000
3707    -0.7924805100797497    1.000000
3708    7.960065928294918    1.000000
3709    9.394164461920067    1.000000
3710    2.19131151266497    1.000000
3711    -7.026223135583498    1.000000
3712    -9.783880636064639    1.000000
3713    -3.5462834004252346    1.000000
3714    5.951750439041317    1.000000
3715    9.977772372756707    1.000000
3716    4.83027640181442    1.000000
3717    -4.758153416995122    1.000000
3718    -9.971958927568085    1.000000
3719    -6.017591388179715    1.000000
3720    3.4693219219565665    1.000000
3721    9.766556656643754    1.000000
3722    7.084464241996332    1.000000
3723    -2.1110519250617523    1.000000
3724    -9.36567668783281    1.000000
3725    -8.009541495841347    1.000000
3726    0.7105292095335544    1.000000
3727    8.77734263643664    1.000000
3729    0.7042147529544234    1.000000
3730    -8.013330012494075    1.000000
3731    -9.36345611982026    1.000000
3732    -2.104863852373985    1.000000
3733    7.0889305338679405    1.000000
3734    9.765194879549806    1.000000
3735    3.4633840874770825    1.000000
3736    -6.0226460624080245    1.000000
3737    -9.97148319737054    1.000000
3738    -4.7525846665214    1.000000
3739    4.835818289060386    1.000000
3740    9.978192211198698    1.000000
3741    5.946662231151952    1.000000
3742    -3.5522015797779476    1.000000
3743    -9.785187640076899    1.000000
3744    -7.0217173107939885    1.000000
3745    2.1974875317244473    1.000000
3746    9.3963324718084    1.000000
3747    7.956232670719063    1.000000
3748    -0.7987907557825242    1.000000
3749    -8.819409645229968    1.000000
3751    -0.6158938225674512    1.000000
3752    8.065966274638129    1.000000
3753    9.332014177050711    1.000000
3754    2.0182512818712097    1.000000
3755    -7.151082534218025    1.000000
3756    -9.745744047253968    1.000000
3757    -3.3802134280460057    1.000000
3758    6.093069828254556    1.000000
3759    9.964412784089058    1.000000
3760    4.67452057947602    1.000000
3761    -4.913104288251127    1.000000
3762    -9.983643731301477    1.000000
3763    -5.875267169725247    1.000000
3764    3.6348029325136166    1.000000
3765    9.803051981352015    1.000000
3766    6.958420247625842    1.000000
3767    -2.2837509713684265    1.000000
3768    -9.42625207934377    1.000000
3769    -7.902300496959145    1.000000
3770    0.8869897190038252    1.000000
3771    8.860785677877345    1.000000
3773    0.5275246386173775    1.000000
3774    -8.117970590822758    1.000000
3775    -9.29984109699994    1.000000
3776    -1.931480587009956    1.000000
3777    7.212674267197885    1.000000
3778    9.725529663095578    1.000000
3779    3.2967779383211826    1.000000
3780    -6.163016219075286    1.000000
3781    -9.956561686859425    1.000000
3782    -4.596090256781759    1.000000
3783    4.990005359424876    1.000000
3784    9.988313060765028    1.000000
3785    5.803411797503528    1.000000
3786    -3.7171195085779862    1.000000
3787    -9.820148280847793    1.000000
3788    -6.894578011640235    1.000000
3789    2.369835485493807    1.000000
3790    9.455433166321127    1.000000
3791    7.847749199996974    1.000000
3792    -0.9751191890546997    1.000000
3793    -8.901467492682025    1.000000
3795    -0.4391141245832792    1.000000
3796    8.16933888665484    1.000000
3797    9.266939400339023    1.000000
3798    1.844558566032139    1.000000
3799    -7.273700907267035    1.000000
3800    -9.704553310815255    1.000000
3801    -3.2130841552405105    1.000000
3802    6.232479754765593    1.000000
3803    9.947930520793205    1.000000
3804    4.517299843235635    1.000000
3805    -5.066515477597208    1.000000
3806    -9.992199833760415    1.000000
3807    -5.731101744154782    1.000000
3808    3.799144858696924    1.000000
3809    9.836475199116853    1.000000
3810    6.830195604698285    1.000000
3811    -2.4557343296190206    1.000000
3812    -9.4838734464837    1.000000
3813    -7.792583053774508    1.000000
3814    1.0631722612369867    1.000000
3815    8.941451902337283    1.000000
3817    0.3506692071823296    1.000000
3818    -8.22006713757168    1.000000
3819    -9.233311664824125    1.000000
3820    -1.7574920290356533    1.000000
3821    7.334157673158448    1.000000
3822    9.682816633851692    1.000000
3823    3.1291386359784483    1.000000
3824    -6.30145499305121    1.000000
3825    -9.93851996211819    1.000000
3826    -4.438155511846779    1.000000
3827    5.142628648413772    1.000000
3828    9.995303745769812    1.000000
3829    5.658342674969995    1.000000
3830    -3.8808725564130406    1.000000
3831    -9.852031456990689    1.000000
3832    -6.765278070981997    1.000000
3833    2.541440773809225    1.000000
3834    9.511570691614862    1.000000
3835    7.7368063804054295    1.000000
3836    -1.1511420368380847    1.000000
3837    -8.980735774176157    1.000000
3839    -0.2621968158271096    1.000000
3840    8.270151369156315    1.000000
3842    1.6702877974408197    1.000000
3843    -7.394039828253145    1.000000
3844    -9.660321335212897    1.000000
3845    -3.0449479574322833    1.000000
3846    6.369936529914608    1.000000
3847    9.928330748125399    1.000000
3848    4.358663463352806    1.000000
3849    -5.218338908619935    1.000000
3850    -9.99762455361037    1.000000
3851    -5.585140290419294    1.000000
3852    3.9622961985891783    1.000000
3853    9.86681583567989    1.000000
3854    6.699830496599061    1.000000
3855    -2.6269481032035764    1.000000
3856    -9.538522731712717    1.000000
3857    -7.6804235498365205    1.000000
3858    1.2390216236714477    1.000000
3859    9.01931603041686    1.000000
3861    0.1737038820827085    1.000000
3862    -8.319587657448894    1.000000
3864    -1.5829527034559474    1.000000
3865    7.453342680951306    1.000000
3866    9.637069177342774    1.000000
3867    2.960518715706848    1.000000
3868    -6.437919000018386    1.000000
3869    -9.917363677111332    1.000000
3870    -4.2788299257339855    1.000000
3871    5.293640326527985    1.000000
3872    9.99916207545327    1.000000
3873    5.5115003257053266    1.000000
3874    -4.043409405910089    1.000000
3875    -9.88082717686962    1.000000
3876    -6.633858009184382    1.000000
3877    2.712249618541321    1.000000
3878    9.5647274551601    1.000000
3879    7.6234389795052895    1.000000
3880    -1.3268041366165666    1.000000
3881    -9.057189648403924    1.000000
3883    -0.08519733912365399    1.000000
3884    8.368372129254125    1.000000
3886    1.4954935895420487    1.000000
3887    -7.51206158503983    1.000000
3888    -9.613061981983034    1.000000
3889    -2.8758575255977354    1.000000
3890    6.505397077125635    1.000000
3891    9.90561960831541    1.000000
3892    4.198661153725314    1.000000
3893    -5.3685270024818665    1.000000
3894    -9.999916190837965    1.000000
3895    -5.437428550313927    1.000000
3896    4.124205823382224    1.000000
3897    9.894064382810377    1.000000
3898    6.567365777498334    1.000000
3899    -2.79733863668666    1.000000
3900    -9.590182808890017    1.000000
3901    -7.565857133993876    1.000000
3902    1.4144826981584024    1.000000
3903    9.094353660845023    1.000000
3905    -0.0033158788092821382    1.000000
3906    -8.416500962444713    1.000000
3908    -1.4079173078767513    1.000000
3909    7.570191940056365    1.000000
3910    9.588301630030472    1.000000
3911    2.7909710200730484    1.000000
3912    -6.572365474517229    1.000000
3913    -9.893099461852664    1.000000
3914    -4.118163428326467    1.000000
3915    5.4429930693193995    1.000000
3916    9.999886840681617    1.000000
3917    5.362930767562087    1.000000
3918    -4.2046791208316385    1.000000
3919    -9.906526416404    1.000000
3920    -6.5003590110218035    1.000000
3921    2.8822084911523604    1.000000
3922    9.614886798546507    1.000000
3923    7.507682524679267    1.000000
3924    -1.502050438926218    1.000000
3925    -9.13080515604344    1.000000
3927    0.09182883695236245    1.000000
3928    8.463970386260824    1.000000
3930    1.3202307198174488    1.000000
3931    -7.627729191649739    1.000000
3932    -9.5627900613896    1.000000
3933    -2.705865849753721    1.000000
3934    6.6388189454060225    1.000000
3935    9.879804218641654    1.000000
3936    4.037343056309695    1.000000
3937    -5.5170326928319495    1.000000
3938    -9.999074027283724    1.000000
3939    -5.288012814143296    1.000000
3940    4.284822993399938    1.000000
3941    9.91821230128492    1.000000
3942    6.432842959548042    1.000000
3943    -2.966852532622048    1.000000
3944    -9.638837488640887    1.000000
3945    -7.448919709379832    1.000000
3946    1.5895004982317738    1.000000
3947    9.166541278126202    1.000000
3949    -0.18033460056220332    1.000000
3950    -8.510776681605506    1.000000
3952    -1.2324406953637341    1.000000
3953    7.684668831936776    1.000000
3954    9.536529274820662    1.000000
3955    2.6205486823924686    1.000000
3956    -6.70475228334793    1.000000
3957    -9.865734920327592    1.000000
3958    -3.9562063697257206    1.000000
3959    5.590640072221534    1.000000
3960    9.997477814325956    1.000000
3961    5.2126805596702335    1.000000
3962    -4.364631162038251    1.000000
3963    -9.929121121896646    1.000000
3964    -6.364822912771363    1.000000
3965    3.051264129471171    1.000000
3966    9.662033002703394    1.000000
3967    7.389573291998249    1.000000
3968    -1.6768260246068463    1.000000
3969    -9.201559227267818    1.000000
3971    0.26882623545909284    1.000000
3972    8.556916181336073    1.000000
3974    1.1445541126191534    1.000000
3975    -7.741006399855479    1.000000
3976    -9.509521327783037    1.000000
3977    -2.5350262023513785    1.000000
3978    6.770160322649832    1.000000
3979    9.850892669200764    1.000000
3980    3.8747597254076216    1.000000
3981    -5.663809440555289    1.000000
3982    -9.995098326867142    1.000000
3983    -5.136939906214917    1.000000
3984    4.444097373999173    1.000000
3985    9.939252023563514    1.000000
3986    6.296304199872707    1.000000
3987    -3.1354366682865615    1.000000
3988    -9.684471523430199    1.000000
3989    -7.329647922160783    1.000000
3990    1.7640201763400183    1.000000
3991    9.235856259909653    1.000000
3992    8.216288691451737    1.000000
3993    -0.3572968085702642    1.000000
3994    -8.60238527055142    1.000000
3996    -1.056577857252324    1.000000
3997    7.796737481514544    1.000000
3998    9.481768336274044    1.000000
3999    2.4493051100782184    1.000000
4000    -6.835037938774287    1.000000
4001    -9.835278628110146    1.000000
4002    -3.793009504472805    1.000000
4003    5.736535065217293    1.000000
4004    9.991935751333491    1.000000
4005    5.060796787846282    1.000000
4006    -4.523215403326648    1.000000
4007    -9.948604212557633    1.000000
4008    -6.227292189102108    1.000000
4009    3.219363554384585    1.000000
4010    9.706151292825789    1.000000
4011    7.269148294853016    1.000000
4012    -1.8510761220127103    1.000000
4013    -9.269429688974858    1.000000
4014    -8.165512348058709    1.000000
4015    0.445739388473083    1.000000
4016    8.647180386875231    1.000000
4018    0.9685188219574641    1.000000
4019    -7.851857710539171    1.000000
4020    -9.453272474663157    1.000000
4021    -2.3633921215814673    1.000000
4022    6.899380048741033    1.000000
4023    9.818894020372305    1.000000
4024    3.710962111823056    1.000000
4025    -5.808811248357708    1.000000
4026    -9.98799033550397    1.000000
4027    -4.984257170165271    1.000000
4028    4.60197905134376    1.000000
4029    9.957176956161087    1.000000
4030    6.157792287358119    1.000000
4031    -3.30303821232781    1.000000
4032    -9.727070612340707    1.000000
4033    -7.208079150051994    1.000000
4034    1.9379870410344018    1.000000
4035    9.302276884078914    1.000000
4036    8.114096259549061    1.000000
4037    -0.5341470459381041    1.000000
4038    -8.691298020735085    1.000000
4040    -0.8803839059143683    1.000000
4041    7.906362768413163    1.000000
4042    9.424035975521651    1.000000
4043    2.277293967904139    1.000000
4044    -6.963181611525225    1.000000
4045    -9.801740129675556    1.000000
4046    -3.6286239756427374    1.000000
4047    5.880632327339182    1.000000
4048    9.983262388490907    1.000000
4049    4.907327049837437    1.000000
4050    -4.680382147138381    1.000000
4051    -9.96496958272332    1.000000
4052    -6.087809939764188    1.000000
4053    3.3864540864401786    1.000000
4054    9.747227843004614    1.000000
4055    7.1464452723548755    1.000000
4056    -2.024746124177005    1.000000
4057    -9.334395271735705    1.000000
4058    -8.062044454229918    1.000000
4059    0.6225128544719587    1.000000
4060    8.734734715637433    1.000000
4062    0.7921800142478768    1.000000
4063    -7.9602483848172625    1.000000
4064    -9.39406112944768    1.000000
4065    -2.1910173945964226    1.000000
4066    7.026437628452379    1.000000
4067    9.783818299979387    1.000000
4068    3.5460015468951545    1.000000
4069    -5.951992675180504    1.000000
4070    -9.977752280715762    1.000000
4071    -4.830012454123129    1.000000
4072    4.758418548046645    1.000000
4073    9.971981481713783    1.000000
4074    6.017350629242048    1.000000
4075    -3.4696046413206245    1.000000
4076    -9.766621405554714    1.000000
4077    -7.084251490604063    1.000000
4078    2.1113465741083512    1.000000
4079    9.36578233555914    1.000000
4080    8.00936101021504    1.000000
4081    -0.7108298908600246    1.000000
4082    -8.777487068438377    1.000000
4084    -0.7039140574868759    1.000000
4085    8.013510337963728    1.000000
4086    9.363350284886831    1.000000
4087    2.104569161187188    1.000000
4088    -7.089143143590002    1.000000
4089    -9.76512993540917    1.000000
4090    -3.463101298817143    1.000000
4091    6.022886700997467    1.000000
4092    9.97146044388011    1.000000
4093    4.75231944040527    1.000000
4094    -4.836082140134202    1.000000
4095    -9.978212103769746    1.000000
4096    -5.946419876082146    1.000000
4097    3.552483362355101    1.000000
4098    9.785249780559473    1.000000
4099    7.021502677508882    1.000000
4100    -2.197781605924741    1.000000
4101    -9.396435616460323    1.000000
4102    -7.956050055105314    1.000000
4103    0.7990912357088409    1.000000
4104    8.819551729610332    1.000000
4106    0.6155929510228804    1.000000
4107    -8.066144454927091    1.000000
4108    -9.331905847948114    1.000000
4109    -2.0179560406543953    1.000000
4110    7.151293244135891    1.000000
4111    9.745676500146137    1.000000
4112    3.3799297264119086    1.000000
4113    -6.093308850440888    1.000000
4114    -9.964387370931819    1.000000
4115    -4.674254095714778    1.000000
4116    4.9133668386752385    1.000000
4117    9.983660960739345    1.000000
4118    5.875023237511151    1.000000
4119    -3.6350837562269875    1.000000
4120    -9.803111508537672    1.000000
4121    -6.958203749263815    1.000000
4122    2.2840444476825223    1.000000
4123    9.426352712840194    1.000000
4124    7.902115765665378    1.000000
4125    -0.8872899739882241    1.000000
4126    -8.860925403504416    1.000000
4128    -0.5272236145682299    1.000000
4129    8.1181466119711    1.000000
4130    9.299730282215455    1.000000
4131    1.9311848188944498    1.000000
4132    -7.21288306080302    1.000000
4133    -9.725459518312684    1.000000
4134    -3.296493345940161    1.000000
4135    6.163253606131787    1.000000
4136    9.956533616026425    1.000000
4137    4.595822536253662    1.000000
4138    -4.9902665886291935    1.000000
4139    -9.98832762571984    1.000000
4140    -5.803166307256548    1.000000
4141    3.717399351425819    1.000000
4142    9.820205190072741    1.000000
4143    6.894359665163332    1.000000
4144    -2.370128340928654    1.000000
4145    -9.455531280777691    1.000000
4146    -7.847562367496369    1.000000
4147    0.9754191955730405    1.000000
4148    8.90160484860869    1.000000
4150    0.43881297161394905    1.000000
4151    -8.1695127348718    1.000000
4152    -9.266826108554682    1.000000
4153    -1.8442622941905482    1.000000
4154    7.273907768201043    1.000000
4155    9.704480573852942    1.000000
4156    3.2127986944095834    1.000000
4157    -6.232715488093651    1.000000
4158    -9.947899794483718    1.000000
4159    -4.517030906915841    1.000000
4160    5.066775365115151    1.000000
4161    9.992211733091045    1.000000
4162    5.730854715108393    1.000000
4163    -3.7994236987543135    1.000000
4164    -9.836529485922416    1.000000
4165    -6.829975427213344    1.000000
4166    2.456026541230212    1.000000
4167    9.483969034213414    1.000000
4168    7.792394134704871    1.000000
4169    -1.0634719957845953    1.000000
4170    -8.94158687780209    1.000000
4172    -0.3503679488873121    1.000000
4173    8.220238799236734    1.000000
4174    9.233195904916021    1.000000
4175    1.75719527668005    1.000000
4176    -7.334362585214351    1.000000
4177    -9.682741310408701    1.000000
4178    -3.128852329062674    1.000000
4179    6.301689054181775    1.000000
4180    9.938486582739534    1.000000
4181    4.437885380805701    1.000000
4182    -5.142887173883878    1.000000
4183    -9.995312978543982    1.000000
4184    -5.658094126478235    1.000000
4185    3.881150371833644    1.000000
4186    9.852083117123646    1.000000
4187    6.765056079739306    1.000000
4188    -2.5417323187027954    1.000000
4189    -9.511663745128695    1.000000
4190    -7.736615389568043    1.000000
4191    1.1514414759315952    1.000000
4192    8.980868358604154    1.000000
4194    0.26189547580915207    1.000000
4195    -8.270320830820246    1.000000
4197    -1.6699905878209238    1.000000
4198    7.394242775376658    1.000000
4199    9.660243431190606    1.000000
4200    3.0446608268630113    1.000000
4201    -6.370168900509643    1.000000
4202    -9.928294718292756    1.000000
4203    -4.358392158754454    1.000000
4204    5.218596051787454    1.000000
4205    9.997631119104717    1.000000
4206    5.584890241955244    1.000000
4207    -3.9625729676069352    1.000000
4208    -9.866864865092811    1.000000
4209    -6.69960670899102    1.000000
4210    2.627238958537798    1.000000
4211    9.538613243720185    1.000000
4212    7.680230502194984    1.000000
4213    -1.2393207438506424    1.000000
4214    -9.019446213420427    1.000000
4216    -0.17340248395096078    1.000000
4217    8.319754905834857    1.000000
4219    1.582655059857303    1.000000
4220    -7.453543647242085    1.000000
4221    -9.636988698844746    1.000000
4222    -2.9602307839799566    1.000000
4223    6.438149661872303    1.000000
4224    9.917324999647537    1.000000
4225    4.278557468834319    1.000000
4226    -5.293896067246467    1.000000
4227    -9.999165973153406    1.000000
4228    -5.5112487968595865    1.000000
4229    4.043685106840917    1.000000
4230    9.88087357172119    1.000000
4231    6.6336324427441244    1.000000
4232    -2.7125397615284887    1.000000
4233    -9.564815418569836    1.000000
4234    -7.623243890184349    1.000000
4235    1.327102914446214    1.000000
4236    9.057317419783585    1.000000
4238    0.08489590649181894    1.000000
4239    -8.368537151258675    1.000000
4241    -1.495195535284202    1.000000
4242    7.512260554752727    1.000000
4243    9.612978935314539    1.000000
4244    2.8755688152718735    1.000000
4245    -6.505626012166723    1.000000
4246    -9.905578286250735    1.000000
4247    -4.198387565870573    1.000000
4248    5.368781320714742    1.000000
4249    9.999917420438516    1.000000
4250    5.437175560793078    1.000000
4251    -4.124480434625724    1.000000
4252    -9.89410813946569    1.000000
4253    -6.567138449898359    1.000000
4254    2.797628044594881    1.000000
4255    9.590268216810337    1.000000
4256    7.565660018278235    1.000000
4257    -1.4147811102300927    1.000000
4258    -9.094479010590247    1.000000
4260    0.0036173223247985453    1.000000
4261    8.416663745138838    1.000000
4263    1.4076188663114213    1.000000
4264    -7.570388897602659    1.000000
4265    -9.588216021697983    1.000000
4266    -2.7906815537678638    1.000000
4267    6.572592664809063    1.000000
4268    9.893055498424578    1.000000
4269    4.117888730951495    1.000000
4270    -5.44324594514154    1.000000
4271    -9.999885402086246    1.000000
4272    -5.362676337187156    1.000000
4273    4.204952620872786    1.000000
4274    9.906567531434844    1.000000
4275    6.500129940072596    1.000000
4276    -2.882497141307331    1.000000
4277    -9.614969644285939    1.000000
4278    -7.507483398012389    1.000000
4279    1.5023484618601979    1.000000
4280    9.130928074333426    1.000000
4282    -0.0921302677343016    1.000000
4283    -8.46413091689095    1.000000
4285    -1.3199319143267005    1.000000
4286    7.627924121598355    1.000000
4287    9.562701898100292    1.000000
4288    2.705575650148092    1.000000
4289    -6.639044373148879    1.000000
4290    -9.879757617294569    1.000000
4291    -4.037067270936267    1.000000
4292    5.517284106431243    1.000000
4293    9.999069920605145    1.000000
4294    5.28775696284819    1.000000
4295    -4.285095360810767    1.000000
4296    -9.918250771470042    1.000000
4297    -6.432612163196672    1.000000
4298    2.9671404024088353    1.000000
4299    9.6389177657087    1.000000
4300    7.448718587362739    1.000000
4301    -1.5897981086787778    1.000000
4302    -9.16666175533064    1.000000
4304    0.18063599499430424    1.000000
4305    8.510934947594508    1.000000
4307    1.2321415493581442    1.000000
4308    -7.684861719015496    1.000000
4309    -9.53643856348188    1.000000
4310    -2.620257772222725    1.000000
4311    6.704975930880175    1.000000
4312    9.865685684712595    1.000000
4313    3.9559295179608487    1.000000
4314    -5.590890003900424    1.000000
4315    -9.997471039885914    1.000000
4316    -5.21242330750019    1.000000
4317    4.364902375479537    1.000000
4318    9.929156944222019    1.000000
4319    6.364590409100081    1.000000
4320    -3.0515511963359785    1.000000
4321    -9.662110704810098    1.000000
4322    -7.38937019038829    1.000000
4323    1.6771231992499258    1.000000
4324    9.201677253947663    1.000000
4326    -0.2691275699279424    1.000000
4327    -8.557072170284252    1.000000
4329    -1.1442546495359767    1.000000
4330    7.741197228952139    1.000000
4331    9.509428075501765    1.000000
4332    2.53473460440952    1.000000
4333    -6.7703821724493025    1.000000
4334    -9.850840803175327    1.000000
4335    -3.874481828941871    1.000000
4336    5.664057870732328    1.000000
4337    9.995088885196395    1.000000
4338    5.136681273324926    1.000000
4339    -4.444367412222096    1.000000
4340    -9.939285195222558    1.000000
4341    -6.2960700070975255    1.000000
4342    3.135722909738502    1.000000
4343    9.684546644488055    1.000000
4344    7.329442856870401    1.000000
4345    -1.7643168918963692    1.000000
4346    -9.235971826817837    1.000000
4347    -8.216116858029334    1.000000
4348    0.35759805946714734    1.000000
4349    8.602538970237479    1.000000
4351    1.0562781005536577    1.000000
4352    -7.796926237678216    1.000000
4353    -9.481672550356336    1.000000
4354    -2.449012847210131    1.000000
4355    6.835257973459672    1.000000
4356    9.835224135737828    1.000000
4357    3.792730585078588    1.000000
4358    -5.736781974428669    1.000000
4359    -9.991923643171765    1.000000
4360    -5.060536794499509    1.000000
4361    4.523484245174468    1.000000
4362    9.94863473095144    1.000000
4363    6.22705632557138    1.000000
4364    -3.219648947997439    1.000000
4365    -9.706223826949273    1.000000
4366    -7.268941281948504    1.000000
4367    1.8513723552354961    1.000000
4368    9.269542787057038    1.000000
4369    8.165338329145104    1.000000
4370    -0.44604053219583206    1.000000
4371    -8.647331785257226    1.000000
4373    -0.9682187951284097    1.000000
4374    7.8520443789813354    1.000000
4375    9.453174162613571    1.000000
4376    2.3630992166851312    1.000000
4377    -6.899598251073229    1.000000
4378    -9.81883690592243    1.000000
4379    -3.7106821913529298    1.000000
4380    5.80905661725877    1.000000
4381    9.987975561799908    1.000000
4382    4.983995836731467    1.000000
4383    -4.602246675753468    1.000000
4384    -9.957204818898628    1.000000
4385    -6.1575547715510925    1.000000
4386    3.3033227357417836    1.000000
4387    9.727140553846969    1.000000
4388    7.207870205752236    1.000000
4389    -1.9382827687145754    1.000000
4390    -9.30238750447417    1.000000
4391    -8.113920068778153    1.000000
4392    0.5344480588929486    1.000000
4393    8.691447105951376    1.000000
4395    0.8800836324611911    1.000000
4396    -7.906547334508868    1.000000
4397    -9.423935145042662    1.000000
4398    -2.2770004439278355    1.000000
4399    6.963397964408688    1.000000
4400    9.801680397622883    1.000000
4401    3.62834307602769    1.000000
4402    -5.880876136705965    1.000000
4403    -9.98324495040199    1.000000
4404    -4.907064396791349    1.000000
4405    4.680648533142353    1.000000
4406    9.964994787621627    1.000000
4407    6.087570790289565    1.000000
4408    -3.3867377173636566    1.000000
4409    -9.747295186413933    1.000000
4410    -7.146234413030077    1.000000
4411    2.025041323145128    1.000000
4412    9.33450340577724    1.000000
4413    8.061866105405763    1.000000
4414    -0.6228137130753731    1.000000
4415    -8.734881476007606    1.000000
4417    -0.7918795176961639    1.000000
4418    7.960430834106272    1.000000
4419    9.393957788439078    1.000000
4420    2.190723274536937    1.000000
4421    -7.02665211493646    1.000000
4422    -9.783755955003757    1.000000
4423    -3.5457196901428865    1.000000
4424    5.952234905911222    1.000000
4425    9.977732179608212    1.000000
4426    4.829748502042891    1.000000
4427    -4.758683674774276    1.000000
4428    -9.972004026798121    1.000000
4429    -6.01710986483652    1.000000
4430    3.469887357531914    1.000000
4431    9.76668614559092    1.000000
4432    7.084038732774461    1.000000
4433    -2.111641221236408    1.000000
4434    -9.365887974774955    1.000000
4435    -8.009180517310769    1.000000
4436    0.7111305715405764    1.000000
4437    8.777631492464172    1.000000
4439    0.7036133613796944    1.000000
4440    -8.013690656151645    1.000000
4441    -9.363244441445095    1.000000
4442    -2.1042744680880063    1.000000
4443    7.089355746870289    1.000000
4444    9.765064982395135    1.000000
4445    3.4628185070103457    1.000000
4446    -6.023127334114018    1.000000
4447    -9.971437681328794    1.000000
4448    -4.752054209970792    1.000000
4449    4.836345986813556    1.000000
4450    9.978231987273768    1.000000
4451    5.946177515608938    1.000000
4452    -3.552765141704177    1.000000
4453    -9.785311912150368    1.000000
4454    -7.021288037843462    1.000000
4455    2.1980756781279505    1.000000
4456    9.396538752573875    1.000000
4457    7.9558674322620435    1.000000
4458    -0.7993917149090377    1.000000
4459    -8.819693805976524    1.000000
4461    -0.6152920789189315    1.000000
4462    8.066322627886493    1.000000
4463    9.33179751036578    1.000000
4464    2.0176607976039    1.000000
4465    -7.151503947555505    1.000000
4466    -9.745608944182585    1.000000
4467    -3.379646021706531    1.000000
4468    6.093547867090338    1.000000
4469    9.964361948720121    1.000000
4470    4.673987607706123    1.000000
4471    -4.913629384634663    1.000000
4472    -9.983678181105237    1.000000
4473    -5.8747792999585275    1.000000
4474    3.635364576637223    1.000000
4475    9.803171026815416    1.000000
4476    6.957987244578995    1.000000
4477    -2.284337921921148    1.000000
4478    -9.426453337771056    1.000000
4479    -7.9019310271910985    1.000000
4480    0.8875902281663586    1.000000
4481    8.861065121079722    1.000000
4483    0.5269225900400034    1.000000
4484    -8.11832262574263    1.000000
4485    -9.299619458980471    1.000000
4486    -1.9308890490241106    1.000000
4487    7.2130918478539385    1.000000
4488    9.725389364692438    1.000000
4489    3.2962087505636752    1.000000
4490    -6.163490987587852    1.000000
4491    -9.956505536146102    1.000000
4492    -4.595554811549424    1.000000
4493    4.990527813298946    1.000000
4494    9.988342181598435    1.000000
4495    5.802920811736334    1.000000
4496    -3.7176791908957183    1.000000
4497    -9.820262090374248    1.000000
4498    -6.894141312421649    1.000000
4499    2.3704211942098077    1.000000
4500    9.455629386642185    1.000000
4501    7.847375527864825    1.000000
4502    -0.9757192012050351    1.000000
4503    -8.901742196446625    1.000000
4505    -0.4385118182458775    1.000000
4506    8.169686575665269    1.000000
4507    9.26671280834974    1.000000
4508    1.8439660206731094    1.000000
4509    -7.274114622525382    1.000000
4510    -9.704407828072345    1.000000
4511    -3.2125132306592423    1.000000
4512    6.232951215758151    1.000000
4513    9.947869059134751    1.000000
4514    4.516761966491503    1.000000
4515    -5.067035248029006    1.000000
4516    -9.99222362334193    1.000000
4517    -5.7306076808544795    1.000000
4518    3.799702535359234    1.000000
4519    9.836583763789703    1.000000
4520    6.829755243522125    1.000000
4521    -2.456318750609656    1.000000
4522    -9.484064613325216    1.000000
4523    -7.792205208554426    1.000000
4524    1.063771729365846    1.000000
4525    8.941721845141837    1.000000
4527    0.3500666902739216    1.000000
4528    -8.220410453432201    1.000000
4529    -9.233080136617879    1.000000
4530    -1.756898522727715    1.000000
4531    7.334567490605652    1.000000
4532    9.682665978167176    1.000000
4533    3.1285660193037685    1.000000
4534    -6.301923109586109    1.000000
4535    -9.938453194329952    1.000000
4536    -4.437615245731996    1.000000
4537    5.143145694680734    1.000000
4538    9.995322202235588    1.000000
4539    5.6578455728450665    1.000000
4540    -3.8814281837275173    1.000000
4541    -9.852134768304193    1.000000
4542    -6.764834082349333    1.000000
4543    2.54202386128674    1.000000
4544    9.51175678999945    1.000000
4545    7.7364243917005355    1.000000
4546    -1.1517409139788117    1.000000
4547    -8.981000934871396    1.000000
4549    -0.26159413555321487    1.000000
4550    8.270490284969085    1.000000
4552    1.669693376683537    1.000000
4553    -7.394445715781154    1.000000
4554    -9.660165518390228    1.000000
4555    -3.04437369352711    1.000000
4556    6.370401265316221    1.000000
4557    9.928258679438448    1.000000
4558    4.35812085019571    1.000000
4559    -5.218853190212928    1.000000
4560    -9.997637675514396    1.000000
4561    -5.584640188416304    1.000000
4562    3.962849733023973    1.000000
4563    9.866913885539892    1.000000
4564    6.699382915295167    1.000000
4565    -2.6275298114846946    1.000000
4566    -9.538703747060087    1.000000
4567    -7.680037447574563    1.000000
4568    1.2396198629036888    1.000000
4569    9.019576388228183    1.000000
4571    0.1731010856616453    1.000000
4572    -8.31992214666081    1.000000
4574    -1.5823574148205282    1.000000
4575    7.453744606759962    1.000000
4576    9.636908211589764    1.000000
4577    2.9599428495631575    1.000000
4578    -6.438380317875992    1.000000
4579    -9.917286313172045    1.000000
4580    -4.278285008046807    1.000000
4581    5.294151803154482    1.000000
4582    9.999169861767479    1.000000
4583    5.510997263005871    1.000000
4584    -4.0439608040973205    1.000000
4585    -9.88091995759419    1.000000
4586    -6.633406870276003    1.000000
4587    2.712829902050821    1.000000
4588    9.5649033732882    1.000000
4589    7.623048793936304    1.000000
4590    -1.327401691069947    1.000000
4591    -9.057445182933025    1.000000
4593    -0.08459447378284049    1.000000
4594    8.368702165658886    1.000000
4596    1.4948974796676973    1.000000
4597    -7.512459517639367    1.000000
4598    -9.612895879910905    1.000000
4599    -2.8752801023330345    1.000000
4600    6.505854941296265    1.000000
4601    9.90553695518504    1.000000
4602    4.198113974200833    1.000000
4603    -5.369035634069101    1.000000
4604    -9.999918640952322    1.000000
4605    -5.436922566331566    1.000000
4606    4.124755042121382    1.000000
4607    9.894151887130404    1.000000
4608    6.566911116330943    1.000000
4609    -2.7979174499609476    1.000000
4610    -9.590353616016154    1.000000
4611    -7.565462895687813    1.000000
4612    1.4150795210161973    1.000000
4613    9.094604352071482    1.000000
4615    -0.003918765837027957    1.000000
4616    -8.41682652018489    1.000000
4618    -1.4073204234670136    1.000000
4619    7.570585848269876    1.000000
4620    9.588130404652855    1.000000
4621    2.7903920849268373    1.000000
4622    -6.572819849128502    1.000000
4623    -9.893011526006852    1.000000
4624    -4.117614029834671    1.000000
4625    5.4434988160175015    1.000000
4626    9.99988395440416    1.000000
4627    5.362421901939257    1.000000
4628    -4.205226117092969    1.000000
4629    -9.906608637463767    1.000000
4630    -6.499900863216836    1.000000
4631    2.8827857888430284    1.000000
4632    9.615052481288421    1.000000
4633    7.507284264523596    1.000000
4634    -1.502646483429021    1.000000
4635    -9.131050984326299    1.000000
4637    0.0924316984325236    1.000000
4638    8.464291439829875    1.000000
4640    1.319633107636554    1.000000
4641    -7.628119044615612    1.000000
4642    -9.562613726121526    1.000000
4643    -2.705285448083956    1.000000
4644    6.639269794858958    1.000000
4645    9.879711006969927    1.000000
4646    4.0367914818944275    1.000000
4647    -5.517535515017079    1.000000
4648    -9.999065804840589    1.000000
4649    -5.287501106748196    1.000000
4650    4.285367724327809    1.000000
4651    9.91828923264263    1.000000
4652    6.432381361000102    1.000000
4653    -2.9674282694994347    1.000000
4654    -9.6389980340178    1.000000
4655    -7.448517458577127    1.000000
4656    1.590095717681161    1.000000
4657    9.166782224205502    1.000000
4659    -0.18093738926226444    1.000000
4660    -8.511093205849777    1.000000
4662    -1.2318424022329293    1.000000
4663    7.685054599111119    1.000000
4664    9.53634784347751    1.000000
4665    2.619966859672    1.000000
4666    -6.705199572319729    1.000000
4667    -9.865636440132826    1.000000
4668    -3.955652662601295    1.000000
4669    5.591139930498976    1.000000
4670    9.997464256361349    1.000000
4671    5.21216605059371    1.000000
4672    -4.365173584954513    1.000000
4673    -9.929192757524946    1.000000
4674    -6.364357899645409    1.000000
4675    3.0518382604278957    1.000000
4676    9.662188398137017    1.000000
4677    7.38916708206374    1.000000
4678    -1.6774203723690335    1.000000
4679    -9.201795272266105    1.000000
4681    0.2694289041522406    1.000000
4682    8.557228151456776    1.000000
4684    1.1439551854130359    1.000000
4685    -7.741388051014511    1.000000
4686    -9.509334814579447    1.000000
4687    -2.534443004164395    1.000000
4688    6.77060401609665    1.000000
4689    9.850788928198607    1.000000
4690    3.8742039289554486    1.000000
4691    -5.664306295762538    1.000000
4692    -9.995079434443289    1.000000
4693    -5.136422635767324    1.000000
4694    4.444637446406503    1.000000
4695    9.939318357849952    1.000000
4696    6.295835808601217    1.000000
4697    -3.1360091483410675    1.000000
4698    -9.684621756745738    1.000000
4699    -7.329237784919886    1.000000
4700    1.7646136058495165    1.000000
4701    9.236087385333457    1.000000
4702    8.215945017141093    1.000000
4703    -0.3578993100390875    1.000000
4704    -8.602692662106563    1.000000
4706    -1.0559783428951706    1.000000
4707    7.79711498675696    1.000000
4708    9.481576755822802    1.000000
4709    2.4487205821166693    1.000000
4710    -6.835478001933981    1.000000
4711    -9.83516963442842    1.000000
4712    -3.792451662237985    1.000000
4713    5.737028878427132    1.000000
4714    9.99191152593056    1.000000
4715    5.060276796554316    1.000000
4716    -4.52375308291188    1.000000
4717    -9.948665240305106    1.000000
4718    -6.226820456382237    1.000000
4719    3.2199343386846553    1.000000
4720    9.706296352252883    1.000000
4721    7.268734262438836    1.000000
4722    -1.8516685867759728    1.000000
4723    -9.26965587671615    1.000000
4724    -8.165164302811805    1.000000
4725    0.44634167551327214    1.000000
4726    8.647483175781545    1.000000
4728    0.9679187674195523    1.000000
4729    -7.852231040288489    1.000000
4730    -9.453075841974057    1.000000
4731    -2.3628063096414893    1.000000
4732    6.899816447135883    1.000000
4733    9.818779782550354    1.000000
4734    3.7104022675109736    1.000000
4735    -5.80930198088125    1.000000
4736    -9.987960779019955    1.000000
4737    -4.983734498768795    1.000000
4738    4.602514295981199    1.000000
4739    9.957232672588233    1.000000
4740    6.157317250148807    1.000000
4741    -3.3036072561540872    1.000000
4742    -9.72721048651435    1.000000
4743    -7.207661254902818    1.000000
4744    1.9385784946334663    1.000000
4745    9.302498116416515    1.000000
4746    8.113743870634273    1.000000
4747    -0.5347490713621496    1.000000
4748    -8.691596183269905    1.000000
4750    -0.8797833582082979    1.000000
4751    7.906731893420036    1.000000
4752    9.423834306000314    1.000000
4753    2.2767069178824633    1.000000
4754    -6.963614310964634    1.000000
4755    -9.8016206566636    1.000000
4756    -3.628062173115632    1.000000
4757    5.8811199407289    1.000000
4758    9.983227503241476    1.000000
4759    4.906801739286301    1.000000
4760    -4.680914914893102    1.000000
4761    -9.965019983464922    1.000000
4762    -6.087331635283276    1.000000
4763    3.387021345209667    1.000000
4764    9.747362520966057    1.000000
4765    7.146023547211623    1.000000
4766    -2.025336520273133    1.000000
4767    -9.334611531336678    1.000000
4768    -8.061687749255936    1.000000
4769    0.6231145711128477    1.000000
4770    8.735028228440552    1.000000
4772    0.7915790204248845    1.000000
4773    -7.960613276161779    1.000000
4774    -9.393854438894353    1.000000
4775    -2.190429152486781    1.000000
4776    7.02686659503555    1.000000
4777    9.783693601137802    1.000000
4778    3.5454378301686877    1.000000
4779    -5.952477131233251    1.000000
4780    -9.977712069434077    1.000000
4781    -4.8294845455739495    1.000000
4782    4.758948797177778    1.000000
4783    9.972026562821076    1.000000
4784    6.016869094963356    1.000000
4785    -3.47017007059018    1.000000
4786    -9.766750876752313    1.000000
4787    -7.083825968507722    1.000000
4788    2.1119358664456547    1.000000
4789    9.365993605480151    1.000000
4790    8.0090000171287    1.000000
4791    -0.7114312515749367    1.000000
4792    -8.77777590851389    1.000000
4794    -0.703312664633152    1.000000
4795    8.013870967057668    1.000000
4796    9.363138589495145    1.000000
4797    2.103979773076709    1.000000
4798    -7.089568343708602    1.000000
4799    -9.765000020507761    1.000000
4800    -3.4625357120569475    1.000000
4801    6.023367961757462    1.000000
4802    9.971414909716614    1.000000
4803    4.751788975218208    1.000000
4804    -4.836609829098209    1.000000
4805    -9.978251861710753    1.000000
4806    -5.945935149732545    1.000000
4807    3.553046917824919    1.000000
4808    9.785374034849525    1.000000
4809    7.021073391797923    1.000000
4810    -2.1983697483338087    1.000000
4811    -9.39664188014896    1.000000
4812    -7.955684802189421    1.000000
4813    0.7996921933828416    1.000000
4814    8.81983587432842    1.000000
4816    0.6149912062558777    1.000000
4817    -8.06650079351617    1.000000
4818    -9.331689164303809    1.000000
4819    -2.017365552719993    1.000000
4820    7.151714644476677    1.000000
4821    9.745541379363376    1.000000
4822    3.3793623139301294    1.000000
4823    -6.093786878202693    1.000000
4824    -9.964336517453985    1.000000
4825    -4.673721115450301    1.000000
4826    4.913891926129162    1.000000
4827    9.983695392399143    1.000000
4828    5.874535357067595    1.000000
4829    -3.635645393744068    1.000000
4830    -9.803230536185199    1.000000
4831    -6.957770733571576    1.000000
4832    2.2846313940840375    1.000000
4833    9.42655395413627    1.000000
4834    7.901746281536477    1.000000
4835    -0.8878904815379557    1.000000
4836    -8.861204830603139    1.000000
4838    -0.526621565032972    1.000000
4839    8.118498632137186    1.000000
4840    9.29950862729509    1.000000
4841    1.9305932773992072    1.000000
4842    -7.21330062835045    1.000000
4843    -9.725319202234905    1.000000
4844    -3.295924152191983    1.000000
4845    6.163728363443261    1.000000
4846    9.956477447218482    1.000000
4847    4.595287082669289    1.000000
4848    -4.990789033433895    1.000000
4849    -9.988356728400804    1.000000
4850    -5.802675310943109    1.000000
4851    3.7179590269874296    1.000000
4852    9.820318981752258    1.000000
4853    6.893922953415382    1.000000
4854    -2.3707140453370026    1.000000
4855    -9.455727483914517    1.000000
4856    -7.847188681102512    1.000000
4857    0.9760192059504114    1.000000
4858    8.90187953619571    1.000000
4860    0.43821066447933804    1.000000
4861    -8.16986040903509    1.000000
4862    -9.266599499724304    1.000000
4863    -1.8436697454800914    1.000000
4864    7.274321470239865    1.000000
4865    9.704335073473523    1.000000
4866    3.2122277639897487    1.000000
4867    -6.233186937758882    1.000000
4868    -9.947838314746333    1.000000
4869    -4.516493021962865    1.000000
4870    5.067295126338537    1.000000
4871    9.992235504513062    1.000000
4872    5.730360641393265    1.000000
4873    -3.799981368511434    1.000000
4874    -9.83663803271866    1.000000
4875    -6.8295350536248325    1.000000
4876    2.4566109577570874    1.000000
4877    9.48416018381902    1.000000
4878    7.792016275323345    1.000000
4879    -1.0640714619804663    1.000000
4880    -8.941856804356402    1.000000
4882    -0.3497654313424319    1.000000
4883    8.22058210015793    1.000000
4884    9.232964359929802    1.000000
4885    1.7566017671789178    1.000000
4886    -7.334772389332164    1.000000
4887    -9.682590637127182    1.000000
4888    -3.1282797067019907    1.000000
4889    6.302157159263997    1.000000
4890    9.938419796889477    1.000000
4891    4.437345106625909    1.000000
4892    -5.143404210804108    1.000000
4893    -9.995331416844625    1.000000
4894    -5.657597014070716    1.000000
4895    3.8817059920944064    1.000000
4896    9.85218641053228    1.000000
4897    6.764612078812278    1.000000
4898    -2.5423154015607934    1.000000
4899    -9.51184982622704    1.000000
4900    -7.736233386803075    1.000000
4901    1.152040350979462    1.000000
4902    8.981133502977764    1.000000
4904    0.26129279505957176    1.000000
4905    -8.27065973160268    1.000000
4907    -1.6693961640289299    1.000000
4908    7.39464864946645    1.000000
4909    9.66008759681183    1.000000
4910    3.0440865574248424    1.000000
4911    -6.370633624334128    1.000000
4912    -9.92822263156251    1.000000
4913    -4.357849537676819    1.000000
4914    5.219110323896124    1.000000
4915    9.9976442228394    1.000000
4916    5.584390129802701    1.000000
4917    -3.96312649484004    1.000000
4918    -9.866962897021086    1.000000
4919    -6.699159115511705    1.000000
4920    2.6278206620440026    1.000000
4921    9.538794241732337    1.000000
4922    7.679844385975427    1.000000
4923    -1.2399189808303148    1.000000
4924    -9.019706554840013    1.000000
4926    -0.17279968721503597    1.000000
4927    8.320089379926598    1.000000
4929    1.582059768345894    1.000000
4930    -7.4539455595047555    1.000000
4931    -9.636827715577894    1.000000
4932    -2.959654912456712    1.000000
4933    6.438610968029237    1.000000
4934    9.917247617684897    1.000000
4935    4.278012543371692    1.000000
4936    -5.294407534251796    1.000000
4937    -9.999173741295486    1.000000
4938    -5.510745724144414    1.000000
4939    4.04423649767905    1.000000
4940    9.880966334488575    1.000000
4941    6.6331812917802235    1.000000
4942    -2.713120040108053    1.000000
4943    -9.564991319315107    1.000000
4944    -7.62285369076133    1.000000
4945    1.3277004664874938    1.000000
4946    9.057572937852125    1.000000
4948    0.08429304099699261    1.000000
4949    -8.368867172454607    1.000000
4951    -1.4945994226928068    1.000000
4952    7.512658473699572    1.000000
4953    9.612812815772202    1.000000
4954    2.87499138678148    1.000000
4955    -6.506083864514053    1.000000
4956    -9.90549561511836    1.000000
4957    -4.19784037871634    1.000000
4958    5.369289942544713    1.000000
4959    9.99991985237938    1.000000
4960    5.436669566929621    1.000000
4961    -4.125029645868952    1.000000
4962    -9.894195625804482    1.000000
4963    -6.566683776796295    1.000000
4964    2.798206852784596    1.000000
4965    9.59043900650739    1.000000
4966    7.565265766222789    1.000000
4967    -1.4153779305164442    1.000000
4968    -9.094729685288613    1.000000
4970    0.004220209345696456    1.000000
4971    8.416989287582723    1.000000
4973    1.407021979343799    1.000000
4974    -7.570782792057838    1.000000
4975    -9.588044778895163    1.000000
4976    -2.7901026135502325    1.000000
4977    6.573047027475337    1.000000
4978    9.892967544599523    1.000000
4979    4.117339324976246    1.000000
4980    -5.443751681947053    1.000000
4981    -9.999882497635358    1.000000
4982    -5.362167461818621    1.000000
4983    4.205499609491938    1.000000
4984    9.906649734490731    1.000000
4985    6.499671780454734    1.000000
4986    -2.883074433759191    1.000000
4987    -9.615135309553878    1.000000
4988    -7.507085124213068    1.000000
4989    1.5029445036324156    1.000000
4990    9.13117388602195    1.000000
4992    -0.09273312904675461    1.000000
4993    -8.464451955077445    1.000000
4995    -1.3193342997472801    1.000000
4996    7.628313960701336    1.000000
4997    9.562525545453386    1.000000
4998    2.7049952435615756    1.000000
4999    -6.639495210536048    1.000000
5000    -9.87966438766777    1.000000
5001    -4.036515689184427    1.000000
5002    5.51778691858923    1.000000
5003    9.999061679990064    1.000000
5004    5.287245245843542    1.000000
5005    -4.285640083950812    1.000000
5006    -9.918327684802646    1.000000
5007    -6.432150552958543    1.000000
5008    2.9677161338935854    1.000000
5009    9.639078293568113    1.000000
5010    7.448316323023185    1.000000
5011    -1.5903933252386524    1.000000
5012    -9.166902684750669    1.000000
5014    0.18123878336581006    1.000000
5015    8.511251456371168    1.000000
5017    1.2315432539883613    1.000000
5018    -7.685247472223472    1.000000
5019    -9.53625711480763    1.000000
5020    -2.619675944740558    1.000000
5021    6.705423207666387    1.000000
5022    9.86558718658833    1.000000
5023    3.9553758036473115    1.000000
5024    -5.591389852016956    1.000000
5025    -9.997457463752266    1.000000
5026    -5.211908788951031    1.000000
5027    4.365444790462935    1.000000
5028    9.929228561805393    1.000000
5029    6.36412538440756    1.000000
5030    -3.0521253217466637    1.000000
5031    -9.66226608268408    1.000000
5032    -7.388963967024789    1.000000
5033    1.6777175439638998    1.000000
5034    9.201913282223043    1.000000
5036    -0.26973023813171354    1.000000
5037    -8.557384124853497    1.000000
5039    -1.1436557202506041    1.000000
5040    7.741578866042423    1.000000
5041    9.509241545016165    1.000000
5042    2.534151401616266    1.000000
5043    -6.770825853591671    1.000000
5044    -9.850737044270655    1.000000
5045    -3.8739260254486063    1.000000
5046    5.6645547156456955    1.000000
5047    9.995069974607834    1.000000
5048    5.136163993542347    1.000000
5049    -4.444907476552149    1.000000
5050    -9.939351511445667    1.000000
5051    -6.295601604383999    1.000000
5052    3.1362953840939976    1.000000
5053    9.684696860203177    1.000000
5054    7.329032706309422    1.000000
5055    -1.7649103181991916    1.000000
5056    -9.236202935456413    1.000000
5057    -8.215773168787171    1.000000
5058    0.35820056028581093    1.000000
5059    8.602846346158536    1.000000
5061    1.0556785842771348    1.000000
5062    -7.797303728750607    1.000000
5063    -9.481480952673529    1.000000
5064    -2.4484283147981    1.000000
5065    6.835698024197014    1.000000
5066    9.835115124181966    1.000000
5067    3.7921727359512496    1.000000
5068    -5.737275777212462    1.000000
5069    -9.991899399609883    1.000000
5070    -5.060016794010939    1.000000
5071    4.524021916538639    1.000000
5072    9.948695740618593    1.000000
5073    6.226584581534893    1.000000
5074    -3.220219726445976    1.000000
5075    -9.706368868736554    1.000000
5076    -7.268527236324199    1.000000
5077    1.8519648166338716    1.000000
5078    9.269768957952094    1.000000
5079    8.164990269058967    1.000000
5080    -0.44664281842512965    1.000000
5081    -8.64763455844805    1.000000
5083    -0.9676187388311644    1.000000
5084    7.852417694460461    1.000000
5085    9.4529775127447    1.000000
5086    2.3625134004508075    1.000000
5087    -6.900034636928799    1.000000
5088    -9.818722650256131    1.000000
5089    -3.7101223402974415    1.000000
5090    5.809547339224919    1.000000
5091    9.987945987164121    1.000000
5092    4.983473156277495    1.000000
5093    -4.602781912026707    1.000000
5094    -9.957260517229885    1.000000
5095    -6.157079723151477    1.000000
5096    3.3038917735644633    1.000000
5097    9.727280410342791    1.000000
5098    7.207452297503928    1.000000
5099    -1.938874218790806    1.000000
5100    -9.302608719905848    1.000000
5101    -8.113567665117579    1.000000
5102    0.5350500833454339    1.000000
5103    8.691745252690536    1.000000
5105    0.8794830831559609    1.000000
5106    -7.9069164451465    1.000000
5107    -9.423733458394697    1.000000
5108    -2.2764133897682877    1.000000
5109    6.963830651192868    1.000000
5110    9.80156090679776    1.000000
5111    3.6277812669068195    1.000000
5112    -5.881363739407767    1.000000
5113    -9.983210047009383    1.000000
5114    -4.906539077322531    1.000000
5115    4.681181292390388    1.000000
5116    9.96504517025318    1.000000
5117    6.087092474745536    1.000000
5118    -3.387304969977951    1.000000
5119    -9.74742984666093    1.000000
5120    -7.1458126748997035    1.000000
5121    2.02563171556075    1.000000
5122    9.334719648413921    1.000000
5123    8.061509385780596    1.000000
5124    -0.6234154285841096    1.000000
5125    -8.735174972936134    1.000000
5127    -0.7912785224343116    1.000000
5128    7.960795710983621    1.000000
5129    9.393751080813605    1.000000
5130    2.190135028446221    1.000000
5131    -7.027081068749452    1.000000
5132    -9.783631238381583    1.000000
5133    -3.5451559669728123    1.000000
5134    5.9527193511463725    1.000000
5135    9.977691950193375    1.000000
5136    4.82922058471654    1.000000
5137    -4.759213915256909    1.000000
5138    -9.972049089782631    1.000000
5139    -6.01662831962277    1.000000
5140    3.4704527804951644    1.000000
5141    9.76681559903884    1.000000
5142    7.083613197804037    1.000000
5143    -2.1122305097358227    1.000000
5144    -9.366099227674638    1.000000
5145    -8.008819509668998    1.000000
5146    0.7117319309628322    1.000000
5147    8.7779203165874    1.000000
5149    0.7030119672475221    1.000000
5150    -8.014051270681628    1.000000
5151    -9.363032729037078    1.000000
5152    -2.1036850761535626    1.000000
5153    7.089780934104755    1.000000
5154    9.764935049747107    1.000000
5155    3.4622529139572045    1.000000
5156    -6.02360858392758    1.000000
5157    -9.971392129043588    1.000000
5158    -4.7515237361477585    1.000000
5159    4.836873666987922    1.000000
5160    9.978271727080678    1.000000
5161    5.9456927784531866    1.000000
5162    -3.5533286907170707    1.000000
5163    -9.78543614865689    1.000000
5164    -7.02085873937246    1.000000
5165    2.198663816542047    1.000000
5166    9.396744999185486    1.000000
5167    7.95550216488761    1.000000
5168    -0.7999926711299796    1.000000
5169    -8.819977934665891    1.000000
5171    -0.6146903330339922    1.000000
5172    8.066678951815966    1.000000
5173    9.3315808097623    1.000000
5174    2.017070306002942    1.000000
5175    -7.1519253348992144    1.000000
5176    -9.745473805688567    1.000000
5177    -3.3790786030829616    1.000000
5178    6.094025883777733    1.000000
5179    9.964311077133436    1.000000
5180    4.673454618947552    1.000000
5181    -4.914154463158495    1.000000
5182    -9.983712594621041    1.000000
5183    -5.8742914088385785    1.000000
5184    3.6359262075472674    1.000000
5185    9.803290036646958    1.000000
5186    6.957554216241755    1.000000
5187    -2.284924864170922    1.000000
5188    -9.426654561935745    1.000000
5189    -7.901561528701682    1.000000
5190    0.8881907341027426    1.000000
5191    8.861344532074536    1.000000
5193    0.526320539547409    1.000000
5194    -8.118674631154608    1.000000
5195    -9.299397787159414    1.000000
5196    -1.9302975040200085    1.000000
5197    7.213509402292364    1.000000
5198    9.72524903094015    1.000000
5199    3.2956395508253444    1.000000
5200    -6.163965733697802    1.000000
5201    -9.956449349243588    1.000000
5202    -4.595019349613498    1.000000
5203    4.991050249033803    1.000000
5204    9.988371266126933    1.000000
5205    5.8024298048771    1.000000
5206    -3.7182388597006986    1.000000
5207    -9.820375864206719    1.000000
5208    -6.893704588144734    1.000000
5209    2.3710068943099714    1.000000
5210    9.455825572594602    1.000000
5211    7.847001827209599    1.000000
5212    -0.9763192098088964    1.000000
5213    -8.902016867855814    1.000000
5215    -0.43790951031460446    1.000000
5216    8.170034234981108    1.000000
5217    9.266486182678474    1.000000
5218    1.8433734686117642    1.000000
5219    -7.274528311344302    1.000000
5220    -9.704262310056547    1.000000
5221    -3.211942294401362    1.000000
5222    6.233422654095627    1.000000
5223    9.947807561318495    1.000000
5224    4.516224073330171    1.000000
5225    -5.067555000043509    1.000000
5226    -9.992247376604428    1.000000
5227    -5.730113596724975    1.000000
5228    3.800260198210659    1.000000
5229    9.836692292709241    1.000000
5230    6.829314857521664    1.000000
5231    -2.45690316267224    1.000000
5232    -9.484255745694735    1.000000
5233    -7.791827335011797    1.000000
5234    1.0643711936281839    1.000000
5235    8.941991755445661    1.000000
5237    0.3494641720931166    1.000000
5238    -8.220753739413764    1.000000
5239    -9.232848574851896    1.000000
5240    -1.7563050100339284    1.000000
5241    7.3349772813937    1.000000
5242    9.682515287288796    1.000000
5243    3.127993391257601    1.000000
5244    -6.302391203215229    1.000000
5245    -9.938386390418136    1.000000
5246    -4.437074963487686    1.000000
5247    5.14366272225376    1.000000
5248    9.995340622371085    1.000000
5249    5.657348450155406    1.000000
5250    -3.8819837969340587    1.000000
5251    -9.852238043807864    1.000000
5252    -6.764390069128339    1.000000
5253    2.5426069395246906    1.000000
5254    9.511942853811385    1.000000
5255    7.73604237487584    1.000000
5256    -1.1523397869332737    1.000000
5257    -8.981266062923138    1.000000
5259    -0.26099145432849663    1.000000
5260    8.270829170720875    1.000000
5262    1.6690989498573727    1.000000
5263    -7.394851576432364    1.000000
5264    -9.66000966645548    1.000000
5265    -3.043799418556467    1.000000
5266    6.370865977563156    1.000000
5267    9.928186574664975    1.000000
5268    4.357578221198031    1.000000
5269    -5.219367452836809    1.000000
5270    -9.997650761079724    1.000000
5271    -5.5841400661146645    1.000000
5272    3.963403253054885    1.000000
5273    9.867011899536344    1.000000
5274    6.698935309640837    1.000000
5275    -2.6281115102154566    1.000000
5276    -9.538884727736857    1.000000
5277    -7.679651317397756    1.000000
5278    1.2402180976302488    1.000000
5279    9.019836713255796    1.000000
5281    0.17249828861140667    1.000000
5282    -8.32025660563207    1.000000
5284    -1.58176212043367    1.000000
5285    7.454146505476283    1.000000
5286    9.636747210809213    1.000000
5287    2.9593669726608804    1.000000
5288    -6.438841612331834    1.000000
5289    -9.917208913186121    1.000000
5290    -4.277740074809224    1.000000
5291    5.294663260538177    1.000000
5292    9.999177611737425    1.000000
5293    5.51049418027544    1.000000
5294    -4.044512187585854    1.000000
5295    -9.881012702404304    1.000000
5296    -6.6329557072569925    1.000000
5297    2.7134101756999214    1.000000
5298    9.565079256650476    1.000000
5299    7.622658580659606    1.000000
5300    -1.3279992406985832    1.000000
5301    -9.057700684540773    1.000000
5303    -0.08399160813454914    1.000000
5304    8.36903217164569    1.000000
5306    1.4943013643598002    1.000000
5307    -7.512857422933157    1.000000
5308    -9.61272974289851    1.000000
5309    -2.8747026686174713    1.000000
5310    6.506312781819881    1.000000
5311    9.905454266050736    1.000000
5312    4.197566779417348    1.000000
5313    -5.369544246141348    1.000000
5314    -9.99992105471969    1.000000
5315    -5.43641656258747    1.000000
5316    4.125304245868178    1.000000
5317    9.89423935548788    1.000000
5318    6.566456431294616    1.000000
5319    -2.7984962530655646    1.000000
5320    -9.590524388283963    1.000000
5321    -7.565068629883348    1.000000
5322    1.4156763387305626    1.000000
5323    9.094855010241524    1.000000
5325    -0.0045216528505301265    1.000000
5326    -8.41715204733219    1.000000
5328    -1.406723533942049    1.000000
5329    7.570979728966365    1.000000
5330    9.58795914442499    1.000000
5331    2.7898131396383112    1.000000
5332    -6.573274199849362    1.000000
5333    -9.892923554202634    1.000000
5334    -4.117064616376469    1.000000
5335    5.4440045429299655    1.000000
5336    9.999881031779845    1.000000
5337    5.361913016825481    1.000000
5338    -4.205773098069445    1.000000
5339    -9.906690822515703    1.000000
5340    -6.499442691786498    1.000000
5341    2.8833630760555553    1.000000
5342    9.615218129082235    1.000000
5343    7.50688597708099    1.000000
5344    -1.5032425224701123    1.000000
5345    -9.131296779420271    1.000000
5347    0.09303455957672067    1.000000
5348    8.464612462633523    1.000000
5350    1.3190354906591513    1.000000
5351    -7.628508869855346    1.000000
5352    -9.562437356095952    1.000000
5353    -2.7047050365812138    1.000000
5354    6.63972062017995    1.000000
5355    9.879617759388136    1.000000
5356    4.036239892806519    1.000000
5357    -5.518038317147467    1.000000
5358    -9.99905754605357    1.000000
5359    -5.286989380134467    1.000000
5360    4.2859124396795325    1.000000
5361    9.918366127950058    1.000000
5362    6.431919739072205    1.000000
5363    -2.968003995591026    1.000000
5364    -9.63915854435957    1.000000
5365    -7.448115180701088    1.000000
5366    1.590690931350982    1.000000
5367    9.167023136966037    1.000000
5369    -0.18154017730466732    1.000000
5370    -8.51140969915854    1.000000
5372    -1.231244104624712    1.000000
5373    7.68544033835238    1.000000
5374    9.536166377472325    1.000000
5375    2.6193850274286645    1.000000
5376    -6.705646836919948    1.000000
5377    -9.865537924079156    1.000000
5378    -3.955098941099148    1.000000
5379    5.591639768454142    1.000000
5380    9.997450662058675    1.000000
5381    5.2116515225723825    1.000000
5382    -4.365715992004556    1.000000
5383    -9.929264357063332    1.000000
5384    -6.363892863386744    1.000000
5385    3.0524123802920196    1.000000
5386    9.662343758451215    1.000000
5387    7.388760845271618    1.000000
5388    -1.6780147140342538    1.000000
5389    -9.202031283818368    1.000000
5391    0.27003157186608745    1.000000
5392    8.55754009047428    1.000000
5394    1.1433562540489528    1.000000
5395    -7.741769674035702    1.000000
5396    -9.509148266812007    1.000000
5397    -2.533859796765399    1.000000
5398    6.771047684934163    1.000000
5399    9.850685151391513    1.000000
5400    3.873648118421597    1.000000
5401    -5.664803130381575    1.000000
5402    -9.995060505690038    1.000000
5403    -5.1359053466502305    1.000000
5404    4.445177502658784    1.000000
5405    9.939384656009672    1.000000
5406    6.295367394446079    1.000000
5407    -3.136581616997032    1.000000
5408    -9.68477195486031    1.000000
5409    -7.328827621039201    1.000000
5410    1.7652070289451243    1.000000
5411    9.236318477186597    1.000000
5412    8.21560131296772    1.000000
5413    -0.358501810207044    1.000000
5414    -8.603000022393259    1.000000
5416    -1.055378824699823    1.000000
5417    7.797492463658983    1.000000
5418    9.481385140908602    1.000000
5419    2.4481360452546874    1.000000
5420    -6.835918040248571    1.000000
5421    -9.835060604998521    1.000000
5422    -3.7918938062186354    1.000000
5423    5.737522670784432    1.000000
5424    9.991887264209748    1.000000
5425    5.059756786869617    1.000000
5426    -4.5242907460545    1.000000
5427    -9.948726231891882    1.000000
5428    -6.226348701029566    1.000000
5429    3.22050511128114    1.000000
5430    9.706441376400226    1.000000
5431    7.268320203604783    1.000000
5432    -1.8522610448089232    1.000000
5433    -9.269882030764764    1.000000
5434    -8.16481622788675    1.000000
5435    0.4469439609311307    1.000000
5436    8.647785933256607    1.000000
5438    0.9673187093635192    1.000000
5439    -7.852604341497082    1.000000
5440    -9.452879174925595    1.000000
5441    -2.3622204891133523    1.000000
5442    6.900252820451776    1.000000
5443    9.81866550903981    1.000000
5444    3.7098424097125875    1.000000
5445    -5.809792692289557    1.000000
5446    -9.987931186232418    1.000000
5447    -4.983211809257802    1.000000
5448    4.603049523889749    1.000000
5449    9.95728835282355    1.000000
5450    6.1568421905593205    1.000000
5451    -3.3041762879726506    1.000000
5452    -9.727350325332228    1.000000
5453    -7.207243333555753    1.000000
5454    1.9391699411863252    1.000000
5455    9.302719314942065    1.000000
5456    8.113391452228232    1.000000
5457    -0.5353510948425277    1.000000
5458    -8.691894314213135    1.000000
5460    -0.8791828073044538    1.000000
5461    7.9071009896880895    1.000000
5462    9.423632602225904    1.000000
5463    2.2761198595855765    1.000000
5464    -6.964046985093196    1.000000
5465    -9.801501148025418    1.000000
5466    -3.627500357401507    1.000000
5467    5.881607532742348    1.000000
5468    9.983192581705728    1.000000
5469    4.906276410900276    1.000000
5470    -4.681447665633969    1.000000
5471    -9.965070347986382    1.000000
5472    -6.0868533086765675    1.000000
5473    3.3875885916682527    1.000000
5474    9.747497163498489    1.000000
5475    7.1456017960945175    1.000000
5476    -2.0259269090077123    1.000000
5477    -9.334827757008876    1.000000
5478    -8.06133101497991    1.000000
5479    0.6237162854888849    1.000000
5480    8.73532170949422    1.000000
5482    0.790978023724718    1.000000
5483    -7.9609781385716305    1.000000
5484    -9.393647714196923    1.000000
5485    -2.1898409024155248    1.000000
5486    7.027295536077973    1.000000
5487    9.783568866735152    1.000000
5488    3.5448741005555173    1.000000
5489    -5.952961565650363    1.000000
5490    -9.977671821886123    1.000000
5491    -4.828956619470906    1.000000
5492    4.759479029011428    1.000000
5493    9.972071607682764    1.000000
5494    6.016387538814981    1.000000
5495    -3.470735487246611    1.000000
5496    -9.766880312450432    1.000000
5497    -7.083400420663599    1.000000
5498    2.1125251511066447    1.000000
5499    9.366204841358321    1.000000
5500    8.008638994931824    1.000000
5501    -0.7120326097039896    1.000000
5502    -8.778064716684574    1.000000
5504    -0.702711269223078    1.000000
5505    8.014231567023366    1.000000
5506    9.362926860070996    1.000000
5507    2.1033903773188354    1.000000
5508    -7.089993518058549    1.000000
5509    -9.764870070113231    1.000000
5510    -3.4619701127113753    1.000000
5511    6.023849200624153    1.000000
5512    9.971369339309735    1.000000
5513    4.751258492759685    1.000000
5514    -4.837137500482456    1.000000
5515    -9.978291583383527    1.000000
5516    -5.945450401771084    1.000000
5517    3.553610460380377    1.000000
5518    9.785498253572403    1.000000
5519    7.02064408056727    1.000000
5520    -2.1989578827523997    1.000000
5521    -9.396848109683358    1.000000
5522    -7.955319520356777    1.000000
5523    0.8002931481501785    1.000000
5524    8.820119986988804    1.000000
5526    0.6143894592535489    1.000000
5527    -8.066857102785713    1.000000
5528    -9.331472446741353    1.000000
5529    -2.0167750574530157    1.000000
5530    7.152136018822924    1.000000
5531    9.745406223158222    1.000000
5532    3.3787948891652864    1.000000
5533    -6.094264883815241    1.000000
5534    -9.964285627758496    1.000000
5535    -4.6731881181981185    1.000000
5536    4.914416995722424    1.000000
5537    9.983729787770923    1.000000
5538    5.8740474552717    1.000000
5539    -3.636207018046566    1.000000
5540    -9.803349528200645    1.000000
5541    -6.9573376925897294    1.000000
5542    2.2852183321815374    1.000000
5543    9.426755161169387    1.000000
5544    7.901376768686876    1.000000
5545    -0.8884909858604468    1.000000
5546    -8.861484225493788    1.000000
5548    -0.5260195135835879    1.000000
5549    8.118850622794735    1.000000
5550    9.299286938573543    1.000000
5551    1.930001728886783    1.000000
5552    -7.213718169679492    1.000000
5553    -9.725178850808236    1.000000
5554    -3.2953549464640166    1.000000
5555    6.164203098351258    1.000000
5556    9.956421242221449    1.000000
5557    4.5947516123822965    1.000000
5558    -4.9913114600984345    1.000000
5559    -9.988385794776807    1.000000
5560    -5.802184293538525    1.000000
5561    3.7185186890352693    1.000000
5562    9.820432737737583    1.000000
5563    6.893486216609897    1.000000
5564    -2.3712997411284498    1.000000
5565    -9.455923652682346    1.000000
5566    -7.846814966186258    1.000000
5567    0.9766192127802178    1.000000
5568    8.902154191426817    1.000000
5570    0.4376083557519504    1.000000
5571    -8.170208053503162    1.000000
5572    -9.266372857212357    1.000000
5573    -1.8430771900683964    1.000000
5574    7.2747351458385054    1.000000
5575    9.704189537821481    1.000000
5576    3.2116568218943407    1.000000
5577    -6.233658364768173    1.000000
5578    -9.947776798851264    1.000000
5579    -4.515955120593664    1.000000
5580    5.067814869143683    1.000000
5581    9.992259239616018    1.000000
5582    5.729866546849835    1.000000
5583    -3.800539024456656    1.000000
5584    -9.836746543761397    1.000000
5585    -6.829094655212817    1.000000
5586    2.4571953653548495    1.000000
5587    9.48435129895228    1.000000
5588    7.791638387619957    1.000000
5589    -1.0646709243087267    1.000000
5590    -8.942126698409494    1.000000
5592    -0.3491629125262494    1.000000
5593    8.220925371199547    1.000000
5594    9.232732781384264    1.000000
5595    1.7560082512930157    1.000000
5596    -7.335182166790072    1.000000
5597    -9.682439928652084    1.000000
5598    -3.127707072970861    1.000000
5599    6.302625241439591    1.000000
5600    9.938352974915965    1.000000
5601    4.436804816317573    1.000000
5602    -5.143921229029459    1.000000
5603    -9.995349818814956    1.000000
5604    -5.657099881099368    1.000000
5605    3.8822615982462216    1.000000
5606    9.852289668130894    1.000000
5607    6.764168053297721    1.000000
5608    -2.542898475178166    1.000000
5609    -9.5120358727524    1.000000
5610    -7.735851355919002    1.000000
5611    1.1526392218399746    1.000000
5612    8.981398614707395    1.000000
5614    0.2606901133602632    1.000000
5615    -8.270998602323514    1.000000
5617    -1.668801734169135    1.000000
5618    7.395054496678706    1.000000
5619    9.659931727321256    1.000000
5620    3.0435122769222467    1.000000
5621    -6.371098325003093    1.000000
5622    -9.928150508745874    1.000000
5623    -4.357306900759587    1.000000
5624    5.219624577034749    1.000000
5625    9.997657290235363    1.000000
5626    5.58388999735242    1.000000
5627    -3.9636800076682572    1.000000
5628    -9.867060893085629    1.000000
5629    -6.698711497682767    1.000000
5630    2.6284023559987935    1.000000
5631    9.538975205073564    1.000000
5632    7.679458241841722    1.000000
5633    -1.2405172133032187    1.000000
5634    -9.019966863475418    1.000000
5636    -0.1721968898510313    1.000000
5637    8.320423823777075    1.000000
5639    1.5814644710841272    1.000000
5640    -7.454347444674361    1.000000
5641    -9.636666697283793    1.000000
5642    -2.9590790301759258    1.000000
5643    6.439072250783571    1.000000
5644    9.917170199675757    1.000000
5645    4.277467602359652    1.000000
5646    -5.2949189820133915    1.000000
5647    -9.999181473093287    1.000000
5648    -5.510242631399179    1.000000
5649    4.044787873817483    1.000000
5650    9.88105906134133    1.000000
5651    6.6327301167065125    1.000000
5652    -2.713700308826163    1.000000
5653    -9.56516718529423    1.000000
5654    -7.622463463631309    1.000000
5655    1.3282980137029432    1.000000
5656    9.05782842299885    1.000000
5658    0.083690175195784    1.000000
5659    -8.369197163231984    1.000000
5661    -1.4940033046689492    1.000000
5662    7.513056365339945    1.000000
5663    9.612646661289904    1.000000
5664    2.8744139478412736    1.000000
5665    -6.506541693213538    1.000000
5666    -9.905412907982203    1.000000
5667    -4.1972931763041    1.000000
5668    5.369798544858775    1.000000
5669    9.999922247973254    1.000000
5670    5.436163553305348    1.000000
5671    -4.125578842118816    1.000000
5672    -9.89428307618056    1.000000
5673    -6.566229079826118    1.000000
5674    2.7987856508035907    1.000000
5675    9.590609761345803    1.000000
5676    7.564871486669662    1.000000
5677    -1.4159747456582814    1.000000
5678    -9.094980326930106    1.000000
5680    0.0048230963512550535    1.000000
5681    8.417314799433141    1.000000
5683    1.4064250872620345    1.000000
5684    -7.571176658995277    1.000000
5685    -9.58787350124241    1.000000
5686    -2.7895236631913365    1.000000
5687    6.573501366250371    1.000000
5688    9.892879554816222    1.000000
5689    4.116789904035588    1.000000
5690    -5.444257398966008    1.000000
5691    -9.99987955683762    1.000000
5692    -5.361658566960065    1.000000
5693    4.206046582825242    1.000000
5694    9.90673190153864    1.000000
5695    6.499213597212334    1.000000
5696    -2.883651715731858    1.000000
5697    -9.615300939873414    1.000000
5698    -7.506686823127535    1.000000
5699    1.5035405399418391    1.000000
5700    9.131419664521143    1.000000
5702    -0.09333599002214793    1.000000
5703    -8.46477296249796    1.000000
5705    -1.3187366803724385    1.000000
5706    7.628703772077468    1.000000
5707    9.562349158049301    1.000000
5708    2.7044148271431356    1.000000
5709    -6.639946023790458    1.000000
5710    -9.879571122131074    1.000000
5711    -4.035964092760952    1.000000
5712    5.518289710691562    1.000000
5713    9.999053403031112    1.000000
5714    5.286733509621197    1.000000
5715    -4.286184791513721    1.000000
5716    -9.918404562084827    1.000000
5717    -6.431688919341296    1.000000
5718    2.9682918545914947    1.000000
5719    9.639238786392099    1.000000
5720    7.447914031611025    1.000000
5721    -1.5909885360178793    1.000000
5722    -9.167143580851498    1.000000
5724    0.18184157107856222    1.000000
5725    8.511567934211744    1.000000
5727    1.2309449541422532    1.000000
5728    -7.685633197497665    1.000000
5729    -9.536075631471677    1.000000
5730    -2.6190941077365824    1.000000
5731    6.705870460080209    1.000000
5732    9.865488652605341    1.000000
5733    3.9548220749570575    1.000000
5734    -5.591889679810304    1.000000
5735    -9.997443851280579    1.000000
5736    -5.2113942514580005    1.000000
5737    4.365987189579128    1.000000
5738    9.929300143298724    1.000000
5739    6.363660336583172    1.000000
5740    -3.0526994360637025    1.000000
5741    -9.66242142543835    1.000000
5742    -7.388557716804414    1.000000
5743    1.678311882579826    1.000000
5744    9.20214927705197    1.000000
5746    -0.2703329053550885    1.000000
5747    -8.557696048318979    1.000000
5749    -1.143056786808354    1.000000
5750    7.741960474994173    1.000000
5751    9.509054979967054    1.000000
5752    2.5335681896120597    1.000000
5753    -6.7712695101239255    1.000000
5754    -9.85063324956123    1.000000
5755    -3.8733702078746735    1.000000
5756    5.665051539969947    1.000000
5757    9.995051027689911    1.000000
5758    5.135646695091209    1.000000
5759    -4.445447524726168    1.000000
5760    -9.939417791541935    1.000000
5761    -6.295133178787672    1.000000
5762    3.1368678470499116    1.000000
5763    9.684847040717061    1.000000
5764    7.328622529109404    1.000000
5765    -1.765503738087045    1.000000
5766    -9.236434010523903    1.000000
5767    -8.215429449682905    1.000000
5768    0.35880305980251287    1.000000
5769    8.603153690810588    1.000000
5771    1.0550790641635073    1.000000
5772    -7.797681191481916    1.000000
5773    -9.481289320528115    1.000000
5774    -2.4478437734866976    1.000000
5775    6.8361380500884525    1.000000
5776    9.835006076878136    1.000000
5777    3.7916148730403942    1.000000
5778    -5.737769559142817    1.000000
5779    -9.991875119730162    1.000000
5780    -5.059496775130585    1.000000
5781    4.5245595714592195    1.000000
5782    9.948756714124942    1.000000
5783    6.2261128148664655    1.000000
5784    -3.22079049318989    1.000000
5785    -9.706513875243827    1.000000
5786    -7.268113164280774    1.000000
5787    1.8525572713008585    1.000000
5788    9.26999509515406    1.000000
5789    8.16464217929531    1.000000
5790    -0.44724510303100184    1.000000
5791    -8.64793730020708    1.000000
5793    -0.9670186790168883    1.000000
5794    7.852790981398181    1.000000
5795    9.452780828516827    1.000000
5796    2.3619275756293905    1.000000
5797    -6.900470997704618    1.000000
5798    -9.818608358901445    1.000000
5799    -3.709562475756667    1.000000
5800    5.810038040074942    1.000000
5801    9.987916376224863    1.000000
5802    4.982950457709952    1.000000
5803    -4.6033171315700825    1.000000
5804    -9.957316179369204    1.000000
5805    -6.156604652372552    1.000000
5806    3.304460799378393    1.000000
5807    9.727420231482595    1.000000
5808    7.207034363058486    1.000000
5809    -1.9394656618197559    1.000000
5810    -9.30282990152507    1.000000
5811    -8.113215231966393    1.000000
5812    0.5356521058531576    1.000000
5813    8.692043367837565    1.000000
5815    0.8788825306540488    1.000000
5816    -7.90728552704464    1.000000
5817    -9.423531737494022    1.000000
5818    -2.275826327334596    1.000000
5819    6.96426331266542    1.000000
5820    9.801441380346628    1.000000
5821    3.62721944459995    1.000000
5822    -5.881851320732414    1.000000
5823    -9.983175107330522    1.000000
5824    -4.906013740019776    1.000000
5825    4.681714034623602    1.000000
5826    9.965095516664503    1.000000
5827    6.086614137076583    1.000000
5828    -3.387872210280313    1.000000
5829    -9.747564471478672    1.000000
5830    -7.145390910796249    1.000000
5831    2.0262221006137517    1.000000
5832    9.33493585712144    1.000000
5833    8.061152636854034    1.000000
5834    -0.6240171418269005    1.000000
5835    -8.735468438114674    1.000000
5837    -0.7906775242963767    1.000000
5838    7.961160558925643    1.000000
5839    9.393544339044402    1.000000
5840    2.189546774394959    1.000000
5841    -7.027509997020913    1.000000
5842    -9.783506486198567    1.000000
5843    -3.544592230917059    1.000000
5844    5.953203774745005    1.000000
5845    9.977651684512336    1.000000
5846    4.828692649837285    1.000000
5847    -4.759744138441093    1.000000
5848    -9.972094116521454    1.000000
5849    -6.016146752540209    1.000000
5850    3.471018190844263    1.000000
5851    9.766945016987036    1.000000
5852    7.083187637086603    1.000000
5853    -2.112819790557853    1.000000
5854    -9.366310446531099    1.000000
5855    -8.008458472917344    1.000000
5856    0.7123332877981359    1.000000
5857    8.778209108805276    1.000000
5859    0.7024105705600927    1.000000
5860    -8.014411856082713    1.000000
5861    -9.362820982596988    1.000000
5862    -2.103095676572795    1.000000
5863    7.090206095569794    1.000000
5864    9.764805081606195    1.000000
5865    3.4616873083197155    1.000000
5866    -6.024089811846962    1.000000
5867    -9.971346540515079    1.000000
5868    -4.750993245054229    1.000000
5869    4.837401329581568    1.000000
5870    9.97831143061928    1.000000
5871    5.945208019686459    1.000000
5872    -3.553892226814581    1.000000
5873    -9.78556034959601    1.000000
5874    -7.020429415382547    1.000000
5875    2.199251946964598    1.000000
5876    9.396951211642483    1.000000
5877    7.955136868597086    1.000000
5878    -0.8005936244431654    1.000000
5879    -8.820262031297034    1.000000
5881    -0.6140885849148208    1.000000
5882    8.067035246425254    1.000000
5883    9.331364075241062    1.000000
5884    2.0164798070704815    1.000000
5885    -7.1523466962476165    1.000000
5886    -9.745338631772398    1.000000
5887    -3.37851117217736    1.000000
5888    6.094503878314999    1.000000
5889    9.964260169329188    1.000000
5890    4.672921613202243    1.000000
5891    -4.914679523820712    1.000000
5892    -9.983746971848765    1.000000
5893    -5.873803496367181    1.000000
5894    3.6364878252417085    1.000000
5895    9.803409010846204    1.000000
5896    6.957121162615696    1.000000
5897    -2.2855117981156154    1.000000
5898    -9.426855751837108    1.000000
5899    -7.901192001492235    1.000000
5900    0.888791236810795    1.000000
5901    8.861623910860772    1.000000
5903    0.5257184871417824    1.000000
5904    -8.119026607057409    1.000000
5905    -9.299176081537576    1.000000
5906    -1.9297059519997997    1.000000
5907    7.213926930511645    1.000000
5908    9.725108661839224    1.000000
5909    3.2950703391082596    1.000000
5910    -6.164440457403415    1.000000
5911    -9.956393126152088    1.000000
5912    -4.5944838709759255    1.000000
5913    4.99157266662755    1.000000
5914    9.988400314350416    1.000000
5915    5.801938776927611    1.000000
5916    -3.7187985149908904    1.000000
5917    -9.820489602344795    1.000000
5918    -6.893267838811075    1.000000
5919    2.3715925857921696    1.000000
5920    9.456021724177663    1.000000
5921    7.846628098032657    1.000000
5922    -0.9769192148641029    1.000000
5923    -8.902291506908592    1.000000
5925    -0.4373072007916495    1.000000
5926    8.170381864601094    1.000000
5927    9.266259523326054    1.000000
5928    1.8427809098502577    1.000000
5929    -7.274941973722288    1.000000
5930    -9.704116756768393    1.000000
5931    -3.211371346468944    1.000000
5932    6.233894069776306    1.000000
5933    9.947746027344664    1.000000
5934    4.515686163753592    1.000000
5935    -5.068074733638825    1.000000
5936    -9.992271093547823    1.000000
5937    -5.729619491768068    1.000000
5938    3.8008178472491707    1.000000
5939    9.836800785875079    1.000000
5940    6.828874446698498    1.000000
5941    -2.4574875658046493    1.000000
5942    -9.484446843591567    1.000000
5943    -7.791449433147995    1.000000
5944    1.064970654021822    1.000000
5945    8.942261633247778    1.000000
5947    0.3488616526421042    1.000000
5948    -8.221096995515122    1.000000
5949    -9.232616979527016    1.000000
5950    -1.7557114909564502    1.000000
5951    7.335387045521097    1.000000
5952    9.682364561217112    1.000000
5953    3.127420751842029    1.000000
5954    -6.302859273936871    1.000000
5955    -9.93831955038299    1.000000
5956    -4.436534665115814    1.000000
5957    5.14417973113097    1.000000
5958    9.995359006176235    1.000000
5959    5.656851306902825    1.000000
5960    -3.882539396030644    1.000000
5961    -9.852341283501326    1.000000
5962    -6.763946031320625    1.000000
5963    2.5431900085209556    1.000000
5964    9.512128883049996    1.000000
5965    7.735660329932735    1.000000
5966    -1.1529386556992935    1.000000
5967    -8.981531158330418    1.000000
5969    -0.2603887721551453    1.000000
5970    8.271168026410447    1.000000
5972    1.668504516964487    1.000000
5973    -7.395257410205298    1.000000
5974    -9.659853779409225    1.000000
5975    -3.0432251325224406    1.000000
5976    6.371330666653726    1.000000
5977    9.92811443380524    1.000000
5978    4.357035576361737    1.000000
5979    -5.219881696489709    1.000000
5980    -9.99766381030631    1.000000
5981    -5.583639923516193    1.000000
5982    3.9639567586799043    1.000000
5983    9.867109877668891    1.000000
5984    6.698487679637696    1.000000
5985    -2.6286931993937475    1.000000
5986    -9.539065673742376    1.000000
5987    -7.679265159307504    1.000000
5988    1.240816327848953    1.000000
5989    9.020097005498759    1.000000
5991    0.1718954909341837    1.000000
5992    -8.320591034361458    1.000000
5994    -1.5811668202975369    1.000000
5995    7.454548377098807    1.000000
5996    9.636586175001707    1.000000
5997    2.958791085002108    1.000000
5998    -6.439302883384237    1.000000
5999    -9.917131477153836    1.000000
6000    -4.277195126023221    1.000000
6001    5.295174698677209    1.000000
6002    9.999185325363074    1.000000
6003    5.509991077515862    1.000000
6004    -4.045063556373685    1.000000
6005    -9.88110541129962    1.000000
6006    -6.632504520128991    1.000000
6007    2.7139904394865138    1.000000
6008    9.56525510524629    1.000000
6009    7.6222683396766175    1.000000
6010    -1.3285967855003027    1.000000
6011    -9.057956153226241    1.000000
6013    -0.08338874218097109    1.000000
6014    8.369362147213339    1.000000
6016    1.4937052436205236    1.000000
6017    -7.513255300919754    1.000000
6018    -9.612563570946456    1.000000
6019    -2.874125224453147    1.000000
6020    6.506770598694818    1.000000
6021    9.905371540912798    1.000000
6022    4.197019569376848    1.000000
6023    -5.370052838696762    1.000000
6024    -9.999923432140069    1.000000
6025    -5.43591053908348    1.000000
6026    4.125853434620615    1.000000
6027    9.894326787882484    1.000000
6028    6.5660017223910065    1.000000
6029    -2.7990750459984093    1.000000
6030    -9.590695125692825    1.000000
6031    -7.564674336581914    1.000000
6032    1.4162731512993294    1.000000
6033    9.095105635354244    1.000000
6035    -0.005124539847597318    1.000000
6036    -8.417477543885429    1.000000
6038    -1.4061266393040266    1.000000
6039    7.5713735821444    1.000000
6040    9.587787849347501    1.000000
6041    2.789234184209572    1.000000
6042    -6.573728526678157    1.000000
6043    -9.892835546440327    1.000000
6044    -4.116515187953857    1.000000
6045    5.444510250054954    1.000000
6046    9.999878072808682    1.000000
6047    5.361404112222607    1.000000
6048    -4.20632006375908    1.000000
6049    -9.90677297155951    1.000000
6050    -6.498984496732452    1.000000
6051    2.88394035278784    1.000000
6052    9.615383741927344    1.000000
6053    7.5064876623528916    1.000000
6054    -1.5038385560473262    1.000000
6055    -9.131542541324459    1.000000
6057    0.09363742038276243    1.000000
6058    8.46493345467061    1.000000
6060    1.3184378688874128    1.000000
6061    -7.628898667367525    1.000000
6062    -9.562260951313517    1.000000
6063    -2.7041246152476037    1.000000
6064    6.640171421367363    1.000000
6065    9.879524475896622    1.000000
6066    4.035688289047976    1.000000
6067    -5.518541099221284    1.000000
6068    -9.999049250922694    1.000000
6069    -5.286477634303967    1.000000
6070    4.2864571394531295    1.000000
6071    9.91844298720692    1.000000
6072    6.431458093766027    1.000000
6073    -2.96857971089473    1.000000
6074    -9.639319019665622    1.000000
6075    -7.447712875753176    1.000000
6076    1.5912861392390742    1.000000
6077    9.167264016406937    1.000000
6079    -0.18214296468722097    1.000000
6080    -8.511726161530639    1.000000
6082    -1.230645802541257    1.000000
6083    7.685826049659151    1.000000
6084    9.535984876805767    1.000000
6085    2.6188031856645764    1.000000
6086    -6.706094077146965    1.000000
6087    -9.865439372166936    1.000000
6088    -3.954545205221291    1.000000
6089    5.592139586085217    1.000000
6090    9.997437031417986    1.000000
6091    5.211136975608118    1.000000
6092    -4.366258383186406    1.000000
6093    -9.929335920511539    1.000000
6094    -6.363427803997059    1.000000
6095    3.0529864890614538    1.000000
6096    9.662499083645418    1.000000
6097    7.388354581623357    1.000000
6098    -1.6786090496003467    1.000000
6099    -9.202267261923746    1.000000
6101    0.27063423859844293    1.000000
6102    8.557851998387452    1.000000
6104    1.1427573185290802    1.000000
6105    -7.742151268917664    1.000000
6106    -9.508961684481395    1.000000
6107    -2.533276580156513    1.000000
6108    6.771491329160758    1.000000
6109    9.850581338779856    1.000000
6110    3.873092293808088    1.000000
6111    -5.665299944410591    1.000000
6112    -9.995041540607462    1.000000
6113    -5.135388038865518    1.000000
6114    4.445717542754054    1.000000
6115    9.939450918042429    1.000000
6116    6.294898957408991    1.000000
6117    -3.137154074252376    1.000000
6118    -9.684922117773366    1.000000
6119    -7.328417430520218    1.000000
6120    1.765800445624684    1.000000
6121    9.236549535468228    1.000000
6122    8.215257578932873    1.000000
6123    -0.35910430907194385    1.000000
6124    -8.603307351410388    1.000000
6126    -1.0547793026684604    1.000000
6127    7.797869912219238    1.000000
6128    9.481193491532148    1.000000
6129    2.447551499494396    1.000000
6130    -6.836358053716457    1.000000
6131    -9.834951539820855    1.000000
6132    -3.7913359364167816    1.000000
6133    5.738016442287396    1.000000
6134    9.99186296617114    1.000000
6135    5.0592367587940785    1.000000
6136    -4.524828392752552    1.000000
6137    -9.948787187317743    1.000000
6138    -6.225876923045809    1.000000
6139    3.221075872171964    1.000000
6140    9.706586365267292    1.000000
6141    7.2679061183523626    1.000000
6142    -1.852853496109408    1.000000
6143    -9.270108151119878    1.000000
6144    -8.164468123284806    1.000000
6145    0.44754624472446947    1.000000
6146    8.648088659299322    1.000000
6148    0.9667186477915454    1.000000
6149    -7.852977614163591    1.000000
6150    -9.452682473518488    1.000000
6151    -2.3616346599991864    1.000000
6152    6.900689168687125    1.000000
6153    9.818551199841085    1.000000
6154    3.7092825384299326    1.000000
6155    -5.810283382580847    1.000000
6156    -9.987901557141466    1.000000
6157    -4.982689101634187    1.000000
6158    4.603584735067465    1.000000
6159    9.957343996866829    1.000000
6160    6.156367108591387    1.000000
6161    -3.3047453077814315    1.000000
6162    -9.72749012879383    1.000000
6163    -7.2068253860123175    1.000000
6164    1.9397613806908287    1.000000
6165    9.302940479654758    1.000000
6166    8.11303900433222    1.000000
6167    -0.53595311637705    1.000000
6168    -8.692192413563692    1.000000
6170    -0.878582253205019    1.000000
6171    7.907470057215981    1.000000
6172    9.42343086419915    1.000000
6173    2.2755327930156133    1.000000
6174    -6.964479633909341    1.000000
6175    -9.801381603761442    1.000000
6176    -3.626938528502404    1.000000
6177    5.8820951033777495    1.000000
6178    9.983157623883788    1.000000
6179    4.905751064681269    1.000000
6180    -4.681980399359046    1.000000
6181    -9.96512067628752    1.000000
6182    -6.086374959945801    1.000000
6183    3.388155825813875    1.000000
6184    9.747631770601418    1.000000
6185    7.145180019005091    1.000000
6186    -2.0265172903785986    1.000000
6187    -9.335043948751514    1.000000
6188    -8.060974251403135    1.000000
6189    0.6243179975978828    1.000000
6190    8.735615158797366    1.000000
6192    0.7903770241495611    1.000000
6193    -7.96134297204549    1.000000
6194    -9.393440955356134    1.000000
6195    -2.189252644384792    1.000000
6196    7.027724451578085    1.000000
6197    9.783444096771886    1.000000
6198    3.544310358057694    1.000000
6199    -5.953445978430077    1.000000
6200    -9.977631538072043    1.000000
6201    -4.828428675815917    1.000000
6202    4.760009243545665    1.000000
6203    9.972116616298681    1.000000
6204    6.015905960798673    1.000000
6205    -3.471300891287862    1.000000
6206    -9.767009712648594    1.000000
6207    -7.082974847073242    1.000000
6208    2.11311442808918    1.000000
6209    9.366416043192881    1.000000
6210    8.008277943625721    1.000000
6211    -0.7126339652449978    1.000000
6212    -8.778353492949378    1.000000
6214    -0.7021098712588395    1.000000
6215    8.014592137859509    1.000000
6216    9.362715096615153    1.000000
6217    2.1028009739157096    1.000000
6218    -7.090418666638297    1.000000
6219    -9.764740084226053    1.000000
6220    -3.461404500782483    1.000000
6221    6.024330417595789    1.000000
6222    9.97132373265964    1.000000
6223    4.750727993031628    1.000000
6224    -4.837665154285022    1.000000
6225    -9.978331268787922    1.000000
6226    -5.944965632199528    1.000000
6227    3.554173990019427    1.000000
6228    9.785622436727653    1.000000
6229    7.020214743818484    1.000000
6230    -2.1995460091783765    1.000000
6231    -9.397054305062765    1.000000
6232    -7.954954209608708    1.000000
6233    0.8008941000086673    1.000000
6234    8.82040406759045    1.000000
6236    0.6137877100180815    1.000000
6237    -8.067213382734423    1.000000
6238    -9.331255695261529    1.000000
6239    -2.016184554855609    1.000000
6240    7.1525573671731015    1.000000
6241    9.745271031531162    1.000000
6242    3.3782274521194426    1.000000
6243    -6.094742867276792    1.000000
6244    -9.96423470184554    1.000000
6245    -4.672655103960169    1.000000
6246    4.914942047453116    1.000000
6247    9.983764146854558    1.000000
6248    5.873559532125239    1.000000
6249    -3.63676862913244    1.000000
6250    -9.80346848458358    1.000000
6251    -6.9569046263198535    1.000000
6252    2.2858052619728904    1.000000
6253    9.426956333938811    1.000000
6254    7.90100722711792    1.000000
6255    -0.8890914869535145    1.000000
6256    -8.861763588175354    1.000000
6258    -0.525417460222266    1.000000
6259    8.119202583942469    1.000000
6260    9.299065216051615    1.000000
6261    1.9294101733593272    1.000000
6262    -7.214135684788631    1.000000
6263    -9.725038464033185    1.000000
6264    -3.294785728758331    1.000000
6265    6.164677810854052    1.000000
6266    9.956365001035532    1.000000
6267    4.59421612539463    1.000000
6268    -4.9918338686209145    1.000000
6269    -9.988414824847741    1.000000
6270    -5.8016932550445794    1.000000
6271    3.7190783375673053    1.000000
6272    9.820546458028302    1.000000
6273    6.893049454748464    1.000000
6274    -2.371885428300867    1.000000
6275    -9.45611978708046    1.000000
6276    -7.846441222748965    1.000000
6277    0.9772192160602791    1.000000
6278    8.902428814301013    1.000000
6280    0.4370060454339753    1.000000
6281    -8.170555668274746    1.000000
6282    -9.266146181019666    1.000000
6283    -1.842484627957617    1.000000
6284    7.275148794995461    1.000000
6285    9.704043966897348    1.000000
6286    3.211085868125432    1.000000
6287    -6.234129769119811    1.000000
6288    -9.947715246798728    1.000000
6289    -4.515417202810195    1.000000
6290    5.0683345935287    1.000000
6291    9.992282938399828    1.000000
6292    5.729372431479897    1.000000
6293    -3.8010966665879513    1.000000
6294    -9.836855019050237    1.000000
6295    -6.828654231978901    1.000000
6296    2.457779764021375    1.000000
6297    9.484542379612503    1.000000
6298    7.7912604715960825    1.000000
6299    -1.0652703827671977    1.000000
6300    -8.942396559960388    1.000000
6302    -0.3485603924409547    1.000000
6303    8.221268612360335    1.000000
6304    9.232501169280255    1.000000
6305    1.755414729024501    1.000000
6306    -7.335591917586588    1.000000
6307    -9.682289184983945    1.000000
6308    -3.1271344278713658    1.000000
6309    6.303093300706856    1.000000
6310    9.938286116819242    1.000000
6311    4.4362645098826565    1.000000
6312    -5.144438228558057    1.000000
6313    -9.995368184454907    1.000000
6314    -5.656602727566    1.000000
6315    3.8828171902870716    1.000000
6316    9.852392889919114    1.000000
6317    6.763724003197251    1.000000
6318    -2.543481539552793    1.000000
6319    -9.512221884704092    1.000000
6320    -7.735469296917212    1.000000
6321    1.1532380885109577    1.000000
6322    8.981663693792084    1.000000
6324    0.26008743071341683    1.000000
6325    -8.271337442981517    1.000000
6327    -1.6682072982436993    1.000000
6328    7.395460317011949    1.000000
6329    9.659775822719459    1.000000
6330    3.042937985357311    1.000000
6331    -6.371563002514844    1.000000
6332    -9.928078349843108    1.000000
6333    -4.356764248004729    1.000000
6334    5.220138811201456    1.000000
6335    9.99767032129256    1.000000
6336    5.583389844606216    1.000000
6337    -3.9642335060895753    1.000000
6338    -9.867158853286092    1.000000
6339    -6.698263855505834    1.000000
6340    2.6289840404000557    1.000000
6341    9.53915613374321    1.000000
6342    7.679072069795276    1.000000
6343    -1.2411154412671799    1.000000
6344    -9.020227139325698    1.000000
6346    -0.17159409186113778    1.000000
6347    8.320758237385073    1.000000
6349    1.5808691680741676    1.000000
6350    -7.45474930274944    1.000000
6351    -9.636505643963027    1.000000
6352    -2.958503137139691    1.000000
6353    6.439533510133626    1.000000
6354    9.9170927456204    1.000000
6355    4.276922645800179    1.000000
6356    -5.295430410529396    1.000000
6357    -9.999189168546783    1.000000
6358    -5.509739518625713    1.000000
6359    4.045339235254211    1.000000
6360    9.881151752279125    1.000000
6361    6.632278917524631    1.000000
6362    -2.71428056768071    1.000000
6363    -9.565343016506572    1.000000
6364    -7.622073208795706    1.000000
6365    1.3288955560903903    1.000000
6366    9.058083875222831    1.000000
6368    0.08308730909038435    1.000000
6369    -8.369527123589604    1.000000
6371    -1.4934071812147953    1.000000
6372    7.513454229672401    1.000000
6373    9.612480471868246    1.000000
6374    2.8738364984533535    1.000000
6375    -6.506999498263512    1.000000
6376    -9.90533016484256    1.000000
6377    -4.196745958635841    1.000000
6378    5.370307127655078    1.000000
6379    9.99992460722013    1.000000
6380    5.435657519922097    1.000000
6381    -4.126128023373324    1.000000
6382    -9.894370490593612    1.000000
6383    -6.565774358989485    1.000000
6384    2.7993644386497594    1.000000
6385    9.590780481324957    1.000000
6386    7.564477179620282    1.000000
6387    -1.4165715556534353    1.000000
6388    -9.09523093551382    1.000000
6390    0.005425983339283005    1.000000
6391    8.417640280688909    1.000000
6393    1.4058281900682972    1.000000
6394    -7.571570498413553    1.000000
6395    -9.58770218874034    1.000000
6396    -2.7889447026932808    1.000000
6397    6.573955681132515    1.000000
6398    9.892791529074989    1.000000
6399    4.11624046813152    1.000000
6400    -5.444763096196569    1.000000
6401    -9.999876579693035    1.000000
6402    -5.361149652613337    1.000000
6403    4.20659354087071    1.000000
6404    9.906814032578273    1.000000
6405    6.498755390347059    1.000000
6406    -2.8842289872232363    1.000000
6407    -9.615466535243945    1.000000
6408    -7.506288494757237    1.000000
6409    1.5041365707863013    1.000000
6410    9.131665409830106    1.000000
6412    -0.09393885065829027    1.000000
6413    -8.465093939151327    1.000000
6415    -1.3181390562043471    1.000000
6416    7.629093555725338    1.000000
6417    9.562172735888678    1.000000
6418    2.703834400894883    1.000000
6419    -6.640396812910466    1.000000
6420    -9.879477820684825    1.000000
6421    -4.0354124816678425    1.000000
6422    5.518792482736409    1.000000
6423    9.99904508972832    1.000000
6424    5.286221754183011    1.000000
6425    -4.286729483497511    1.000000
6426    -9.918481403316303    1.000000
6427    -6.431227262346608    1.000000
6428    2.968867564500469    1.000000
6429    9.63939924418007    1.000000
6430    7.447511713127722    1.000000
6431    -1.591583741014296    1.000000
6432    -9.167384443632251    1.000000
6434    0.18244435813036972    1.000000
6435    8.511884381115083    1.000000
6437    1.2303466498219948    1.000000
6438    -7.686018894836667    1.000000
6439    -9.535894113474678    1.000000
6440    -2.6185122612129113    1.000000
6441    6.7063176881200155    1.000000
6442    9.865390082763982    1.000000
6443    3.954268331892101    1.000000
6444    -5.592389487278654    1.000000
6445    -9.997430202470902    1.000000
6446    -5.210879695022967    1.000000
6447    4.3665295728261455    1.000000
6448    9.929371688701746    1.000000
6449    6.36319526562861    1.000000
6450    -3.0532735392850094    1.000000
6451    -9.662576733072346    1.000000
6452    -7.388151439728638    1.000000
6453    1.6789062150955454    1.000000
6454    9.202385238433587    1.000000
6456    -0.270935571595877    1.000000
6457    -8.558007940679559    1.000000
6459    -1.1424578492114033    1.000000
6460    7.742342055806001    1.000000
6461    9.508868380355114    1.000000
6462    2.5329849683990218    1.000000
6463    -6.771713142044457    1.000000
6464    -9.850529419047435    1.000000
6465    -3.872814376222093    1.000000
6466    5.665548343703278    1.000000
6467    9.995032044442697    1.000000
6468    5.13512937797339    1.000000
6469    -4.445987556742196    1.000000
6470    -9.939484035511121    1.000000
6471    -6.294664730310247    1.000000
6472    3.1374402986041647    1.000000
6473    9.684997186029157    1.000000
6474    7.328212325271832    1.000000
6475    -1.7660971515577717    1.000000
6476    -9.236665052019466    1.000000
6477    -8.215085700717786    1.000000
6478    0.3594055580150633    1.000000
6479    8.603461004192514    1.000000
6481    1.0544795402149543    1.000000
6482    -7.798058625870778    1.000000
6483    -9.48109765392079    1.000000
6484    -2.4472592232780483    1.000000
6485    6.836578051132386    1.000000
6486    9.834896993826732    1.000000
6487    3.79105699634805    1.000000
6488    -5.738263320217941    1.000000
6489    -9.991850803532692    1.000000
6490    -5.058976737860335    1.000000
6491    4.525097209934255    1.000000
6492    9.948817651470263    1.000000
6493    6.225641025567811    1.000000
6494    -3.2213612482271046    1.000000
6495    -9.706658846470559    1.000000
6496    -7.267699065819735    1.000000
6497    1.8531497192343034    1.000000
6498    9.270221198662114    1.000000
6499    8.164294059855397    1.000000
6500    -0.4478473860112598    1.000000
6501    -8.648240010533202    1.000000
6503    -0.9664186156877623    1.000000
6504    7.853164239793141    1.000000
6505    9.452584109930664    1.000000
6506    2.3613417422230083    1.000000
6507    -6.900907333399101    1.000000
6508    -9.818494031858787    1.000000
6509    -3.70900259773264    1.000000
6510    5.8105287198070545    1.000000
6511    9.987886728982243    1.000000
6512    4.982427741030741    1.000000
6513    -4.603852334381653    1.000000
6514    -9.95737180531639    1.000000
6515    -6.156129559216041    1.000000
6516    3.305029813181507    1.000000
6517    9.727560017265873    1.000000
6518    7.206616402417435    1.000000
6519    -1.9400570977992757    1.000000
6520    -9.303051049331033    1.000000
6521    -8.112862769325874    1.000000
6522    0.5362541264139316    1.000000
6523    8.69234145139138    1.000000
6525    0.8782819749576377    1.000000
6526    -7.907654580201946    1.000000
6527    -9.423329982341375    1.000000
6528    -2.2752392566288946    1.000000
6529    6.964695948824766    1.000000
6530    9.801321818269919    1.000000
6531    3.6266576091091247    1.000000
6532    -5.88233888067813    1.000000
6533    -9.983140131365536    1.000000
6534    -4.905488384884994    1.000000
6535    4.682246759840058    1.000000
6536    9.965145826855412    1.000000
6537    6.08613577728444    1.000000
6538    -3.3884394382686804    1.000000
6539    -9.747699060866665    1.000000
6540    -7.144969120721237    1.000000
6541    2.0268124783019865    1.000000
6542    9.335152031899    1.000000
6543    8.060795858627374    1.000000
6544    -0.6246188528015586    1.000000
6545    -8.735761871542163    1.000000
6547    -0.7900765232845441    1.000000
6548    7.961525377931009    1.000000
6549    9.393337563132217    1.000000
6550    2.18895851238529    1.000000
6551    -7.027938899749288    1.000000
6552    -9.783381698455162    1.000000
6553    -3.544028481977677    1.000000
6554    5.953688176705361    1.000000
6555    9.97761138256525    1.000000
6556    4.828164697407044    1.000000
6557    -4.760274344324901    1.000000
6558    -9.972139107014426    1.000000
6559    -6.015665163590591    1.000000
6560    3.471583588577153    1.000000
6561    9.767074399435044    1.000000
6562    7.082762050623709    1.000000
6563    -2.113409063700358    1.000000
6564    -9.366521631343566    1.000000
6565    -8.008097407057122    1.000000
6566    0.7129346420443018    1.000000
6567    8.778497869116746    1.000000
6569    0.7018091713195914    1.000000
6570    -8.014772412353588    1.000000
6571    -9.362609202125586    1.000000
6572    -2.1025062693478462    1.000000
6573    7.090631231263863    1.000000
6574    9.76467507797287    1.000000
6575    3.4611216900999344    1.000000
6576    -6.024571017870415    1.000000
6577    -9.971300915743438    1.000000
6578    -4.750462736692128    1.000000
6579    4.837928974592576    1.000000
6580    9.978351097889435    1.000000
6581    5.944723239310514    1.000000
6582    -3.554455749994659    1.000000
6583    -9.78568451496728    1.000000
6584    -7.02000006587528    1.000000
6585    2.1998400693934665    1.000000
6586    9.397157389944116    1.000000
6587    7.954771543391805    1.000000
6588    -0.8011945748464112    1.000000
6589    -8.820546095868924    1.000000
6591    -0.6134868345636042    1.000000
6592    8.06739151171306    1.000000
6593    9.331147306802853    1.000000
6594    2.0158893008086656    1.000000
6595    -7.152768031599184    1.000000
6596    -9.745203422434573    1.000000
6597    -3.3779437289917897    1.000000
6598    6.094981850700402    1.000000
6599    9.964209225307567    1.000000
6600    4.672388590472136    1.000000
6601    -4.915204566619402    1.000000
6602    -9.983781312788281    1.000000
6603    -5.873315562546102    1.000000
6604    3.6370494297185045    1.000000
6605    9.803527949412725    1.000000
6606    6.956688083702395    1.000000
6607    -2.286098723753095    1.000000
6608    -9.427056907474412    1.000000
6609    -7.900822445564103    1.000000
6610    0.8893917362883327    1.000000
6611    8.86190325743741    1.000000
6613    0.5251164328253121    1.000000
6614    -8.119378553449756    1.000000
6615    -9.29895434211576    1.000000
6616    -1.9291143929656343    1.000000
6617    7.214344432510261    1.000000
6618    9.724968257390175    1.000000
6619    3.29450111541449    1.000000
6620    -6.16491515870296    1.000000
6621    -9.956336866871805    1.000000
6622    -4.593948375638653    1.000000
6623    4.992095066078289    1.000000
6624    9.988429326268777    1.000000
6625    5.80144772788965    1.000000
6626    -3.7193581567642604    1.000000
6627    -9.82060330478806    1.000000
6628    -6.892831064422262    1.000000
6629    2.372178268654274    1.000000
6630    9.456217841390654    1.000000
6631    7.846254340335352    1.000000
6632    -0.9775192163684736    1.000000
6633    -8.902566113603958    1.000000
6635    -0.4367048896792017    1.000000
6636    8.170729464523962    1.000000
6637    9.266032830293295    1.000000
6638    1.8421883443907436    1.000000
6639    -7.275355609657837    1.000000
6640    -9.703971168208412    1.000000
6641    -3.2108003868640647    1.000000
6642    6.234365462798474    1.000000
6643    9.94768445721348    1.000000
6644    4.515148237763721    1.000000
6645    -5.068594448813068    1.000000
6646    -9.992294774172027    1.000000
6647    -5.729125365985549    1.000000
6648    3.8013754824727433    1.000000
6649    9.83690924328682    1.000000
6650    6.82843401105423    1.000000
6651    -2.4580719600047596    1.000000
6652    -9.484637907015006    1.000000
6653    -7.7910715029643915    1.000000
6654    1.0655701105445812    1.000000
6655    8.942531478547203    1.000000
6657    0.34825913192307456    1.000000
6658    -8.221440221735026    1.000000
6659    -9.232385350644087    1.000000
6660    -1.755117965497438    1.000000
6661    7.335796782986359    1.000000
6662    9.682213799952658    1.000000
6663    3.126848101059132    1.000000
6664    -6.303327321749332    1.000000
6665    -9.938252674224753    1.000000
6666    -4.435994350618345    1.000000
6667    5.144696721310485    1.000000
6668    9.995377353650973    1.000000
6669    5.656354143089124    1.000000
6670    -3.8830949810152533    1.000000
6671    -9.852444487384208    1.000000
6672    -6.763501968927805    1.000000
6673    2.5437730682734156    1.000000
6674    9.512314877714603    1.000000
6675    7.735278256872608    1.000000
6676    -1.1535375202746947    1.000000
6677    -8.981796221092276    1.000000
6679    -0.2597860890353516    1.000000
6680    8.271506852036572    1.000000
6682    1.6679100780070417    1.000000
6683    -7.39566321709848    1.000000
6684    -9.659697857252027    1.000000
6685    -3.0426508354271182    1.000000
6686    6.371795332586241    1.000000
6687    9.92804225685951    1.000000
6688    4.356492915688806    1.000000
6689    -5.220395921169757    1.000000
6690    -9.997676823194109    1.000000
6691    -5.583139760622712    1.000000
6692    3.9645102498970184    1.000000
6693    9.867207819937178    1.000000
6694    6.698040025287377    1.000000
6695    -2.6292748790174536    1.000000
6696    -9.539246585075986    1.000000
6697    -7.678878973305211    1.000000
6698    1.2414145535576273    1.000000
6699    9.020357264956118    1.000000
6701    0.17129269263216737    1.000000
6702    -8.320925432847762    1.000000
6704    -1.5805715144142918    1.000000
6705    7.454950221626076    1.000000
6706    9.636425104167827    1.000000
6707    2.9582151865889355    1.000000
6708    -6.4397641310315255    1.000000
6709    -9.917054005075475    1.000000
6710    -4.276650161690775    1.000000
6711    5.29568611756972    1.000000
6712    9.999193002644407    1.000000
6713    5.509487954728961    1.000000
6714    -4.045614910458809    1.000000
6715    -9.881198084279806    1.000000
6716    -6.632053308893638    1.000000
6717    2.714570693408488    1.000000
6718    9.565430919075    1.000000
6719    7.621878070988756    1.000000
6720    -1.3291943254729344    1.000000
6721    -9.058211588988502    1.000000
6723    -0.08278587592429766    1.000000
6724    8.369692092360628    1.000000
6726    1.4931091174520348    1.000000
6727    -7.513653151597707    1.000000
6728    -9.612397364055349    1.000000
6729    -2.873547769842158    1.000000
6730    6.507228391919411    1.000000
6731    9.905288779771528    1.000000
6732    4.196472344081325    1.000000
6733    -5.370561411733494    1.000000
6734    -9.999925773213441    1.000000
6735    -5.435404495821431    1.000000
6736    4.126402608376695    1.000000
6737    9.894414184313902    1.000000
6738    6.5655469896217635    1.000000
6739    -2.7996538287573776    1.000000
6740    -9.590865828242118    1.000000
6741    -7.564280015784947    1.000000
6742    1.4168699587203282    1.000000
6743    9.095356227408724    1.000000
6745    -0.005727426826038199    1.000000
6746    -8.417803009843428    1.000000
6748    -1.4055297395551163    1.000000
6749    7.571767407802552    1.000000
6750    9.587616519421008    1.000000
6751    2.7886552186427256    1.000000
6752    -6.574182829613238    1.000000
6753    -9.892747502720251    1.000000
6754    -4.115965744568829    1.000000
6755    5.445015937390626    1.000000
6756    9.99987507749068    1.000000
6757    5.3608951881324876    1.000000
6758    -4.206867014159885    1.000000
6759    -9.90685508459489    1.000000
6760    -6.498526278056364    1.000000
6761    2.8845176190377853    1.000000
6762    9.615549319823145    1.000000
6763    7.506089320340751    1.000000
6764    -1.504434584158495    1.000000
6765    -9.131788270037974    1.000000
6767    0.0942402808484576    1.000000
6768    8.465254415939965    1.000000
6770    1.3178402423235116    1.000000
6771    -7.629288437150731    1.000000
6772    -9.562084511774863    1.000000
6773    -2.7035441840852363    1.000000
6774    6.64062219841956    1.000000
6775    9.879431156495723    1.000000
6776    4.035136670620804    1.000000
6777    -5.519043861236706    1.000000
6778    -9.99904091944799    1.000000
6779    -5.28596586925856    1.000000
6780    4.287001823646619    1.000000
6781    9.918519810412938    1.000000
6782    6.43099642508325    1.000000
6783    -2.9691554154084523    1.000000
6784    -9.639479459935371    1.000000
6785    -7.44731054373485    1.000000
6786    1.591881341343274    1.000000
6787    9.167504862527327    1.000000
6789    -0.1827457514077345    1.000000
6790    -8.512042592964931    1.000000
6792    -1.230047495984739    1.000000
6793    7.686211733030036    1.000000
6794    9.535803341478497    1.000000
6795    2.618221334381851    1.000000
6796    -6.706541292999153    1.000000
6797    -9.865340784396524    1.000000
6798    -3.9539914549697373    1.000000
6799    5.592639383390386    1.000000
6800    9.99742336443933    1.000000
6801    5.210622409702785    1.000000
6802    -4.366800758498096    1.000000
6803    -9.92940744786931    1.000000
6804    -6.362962721478041    1.000000
6805    3.0535605867341116    1.000000
6806    9.662654373719063    1.000000
6807    7.387948291120438    1.000000
6808    -1.679203379065152    1.000000
6809    -9.202503206581385    1.000000
6811    0.27123690434711667    1.000000
6812    8.558163875195158    1.000000
6814    1.1421583788555956    1.000000
6815    -7.742532835659011    1.000000
6816    -9.508775067588296    1.000000
6817    -2.532693354339853    1.000000
6818    6.771934948774822    1.000000
6819    9.850477490364012    1.000000
6820    3.872536455116941    1.000000
6821    -5.665796737847782    1.000000
6822    -9.995022539195622    1.000000
6823    -5.134870712415065    1.000000
6824    4.446257566690348    1.000000
6825    9.939517143947985    1.000000
6826    6.294430497491656    1.000000
6827    -3.1377265201050175    1.000000
6828    -9.685072245484365    1.000000
6829    -7.32800721336443    1.000000
6830    1.7663938558860393    1.000000
6831    9.236780560177515    1.000000
6832    8.214913815037796    1.000000
6833    -0.35970680663159726    1.000000
6834    -8.60361464915683    1.000000
6836    -1.0541797768032617    1.000000
6837    7.798247332436359    1.000000
6838    9.481001807694133    1.000000
6839    2.4469669448379205    1.000000
6840    -6.83679804233604    1.000000
6841    -9.834842438895812    1.000000
6842    -3.7907780528344523    1.000000
6843    5.73851019293423    1.000000
6844    9.991838631814828    1.000000
6845    5.05871671232959    1.000000
6846    -4.525366023004083    1.000000
6847    -9.948848106582469    1.000000
6848    -6.225405122432683    1.000000
6849    3.2216466213550534    1.000000
6850    9.706731318853556    1.000000
6851    7.267492006683078    1.000000
6852    -1.8534459406752746    1.000000
6853    -9.270334237780668    1.000000
6854    -8.16411998900724    1.000000
6855    0.4481485268910993    1.000000
6856    8.648391353908583    1.000000
6858    0.9661185827058121    1.000000
6859    -7.853350858286663    1.000000
6860    -9.452485737753449    1.000000
6861    -2.361048822301121    1.000000
6862    6.901125491840346    1.000000
6863    9.818436854954598    1.000000
6864    3.708722653665044    1.000000
6865    -5.81077405175334    1.000000
6866    -9.987871891747208    1.000000
6867    -4.982166375899851    1.000000
6868    4.604119929512401    1.000000
6869    9.957399604717866    1.000000
6870    6.1558920042467316    1.000000
6871    -3.305314315578361    1.000000
6872    -9.727629896898652    1.000000
6873    -7.206407412274032    1.000000
6874    1.940352813144827    1.000000
6875    9.303161610553794    1.000000
6876    8.112686526947515    1.000000
6877    -0.5365551359635286    1.000000
6878    -8.692490481320492    1.000000
6880    -0.877981695912177    1.000000
6881    7.907839096002368    1.000000
6882    9.423229091920787    1.000000
6883    2.2749457181747066    1.000000
6884    -6.9649122574114966    1.000000
6885    -9.80126202387211    1.000000
6886    -3.626376686420366    1.000000
6887    5.882582652633335    1.000000
6888    9.983122629775783    1.000000
6889    4.90522570063119    1.000000
6890    -4.682513116066397    1.000000
6891    -9.965170968368154    1.000000
6892    -6.085896589092718    1.000000
6893    3.3887230476444725    1.000000
6894    9.747766342274353    1.000000
6895    7.144758215944878    1.000000
6896    -2.0271076643836454    1.000000
6897    -9.335260106563805    1.000000
6898    -8.060617458526913    1.000000
6899    0.6249197074376545    1.000000
6900    8.735908576348928    1.000000
6902    0.7897760217015987    1.000000
6903    -7.961707776582034    1.000000
6904    -9.393234162372742    1.000000
6905    -2.1886643783967212    1.000000
6906    7.028153341534329    1.000000
6907    9.78331929124846    1.000000
6908    3.543746602677265    1.000000
6909    -5.953930369570635    1.000000
6910    -9.977591217991984    1.000000
6911    -4.827900714610904    1.000000
6912    4.760539440778562    1.000000
6913    9.972161588668667    1.000000
6914    6.0154243609161835    1.000000
6915    -3.471866282711878    1.000000
6916    -9.767139077346332    1.000000
6917    -7.082549247738196    1.000000
6918    2.113703697391119    1.000000
6919    9.366627210983067    1.000000
6920    8.007916863211706    1.000000
6921    -0.7132353181957751    1.000000
6922    -8.778642237307253    1.000000
6924    -0.7015084707426222    1.000000
6925    8.01495267956479    1.000000
6926    9.362503299128386    1.000000
6927    2.1022115628694733    1.000000
6928    -7.090843789446301    1.000000
6929    -9.764610062846701    1.000000
6930    -3.460838876272326    1.000000
6931    6.024811612670622    1.000000
6932    9.971278089766491    1.000000
6933    4.750197476035968    1.000000
6934    -4.838192790503991    1.000000
6935    -9.978370917923797    1.000000
6936    -5.944480841019638    1.000000
6937    3.5547375067400213    1.000000
6938    9.785746584314827    1.000000
6939    7.0197853815531275    1.000000
6940    -2.2001341276096014    1.000000
6941    -9.397260466286438    1.000000
6942    -7.954588869946544    1.000000
6943    0.801495048956124    1.000000
6944    8.820688116132326    1.000000
6946    0.6131859585516627    1.000000
6947    -8.067569633361005    1.000000
6948    -9.331038909865129    1.000000
6949    -2.0155940449299194    1.000000
6950    7.152978689525677    1.000000
6951    9.745135804482693    1.000000
6952    3.37766000279466    1.000000
6953    -6.09522082858561    1.000000
6954    -9.964183739715295    1.000000
6955    -4.672122072738387    1.000000
6956    4.91546708131933    1.000000
6957    9.983798469649924    1.000000
6958    5.873071587629987    1.000000
6959    -3.6373302269996475    1.000000
6960    -9.803587405333575    1.000000
6961    -6.956471534763518    1.000000
6962    2.2863921834559626    1.000000
6963    9.427157472443815    1.000000
6964    7.900637656830949    1.000000
6965    -0.8896919848149767    1.000000
6966    -8.862042918646818    1.000000
6968    -0.5248154049511943    1.000000
6969    8.119554515579107    1.000000
6970    9.298843459730112    1.000000
6971    1.9288186108189898    1.000000
6972    -7.2145531736763475    1.000000
6973    -9.724898041910262    1.000000
6974    -3.2942164990769953    1.000000
6975    6.16515250094992    1.000000
6976    9.956308723660936    1.000000
6977    4.593680621708237    1.000000
6978    -4.992356258999434    1.000000
6979    -9.988443818613506    1.000000
6980    -5.801202195463054    1.000000
6981    3.719637972581501    1.000000
6982    9.820660142624009    1.000000
6983    6.892612667832669    1.000000
6984    -2.3724711068521254    1.000000
6985    -9.45631588710815    1.000000
6986    -7.846067450791989    1.000000
6987    0.977819215788414    1.000000
6988    8.9027034048173    1.000000
6990    0.4364037335276021    1.000000
6991    -8.170903253348582    1.000000
6992    -9.265919471147049    1.000000
6993    -1.8418920591499066    1.000000
6994    7.275562417709229    1.000000
6995    9.703898360701654    1.000000
6996    3.2105149026851003    1.000000
6997    -6.234601150812081    1.000000
6998    -9.947653658588951    1.000000
6999    -4.514879268614411    1.000000
7000    5.068854299491697    1.000000
7001    9.992306600864408    1.000000
7002    5.728878295285248    1.000000
7003    -3.801654294903294    1.000000
7004    -9.836963458584782    1.000000
7005    -6.828213783924682    1.000000
7006    2.4583641537545384    1.000000
7007    9.484733425798993    1.000000
7008    7.790882527253092    1.000000
7009    -1.0658698373537003    1.000000
7010    -8.9426663890081    1.000000
7012    -0.3479578710887377    1.000000
7013    8.221611823639044    1.000000
7014    9.232269523618614    1.000000
7015    1.7548212003755312    1.000000
7016    -7.3360016417202205    1.000000
7017    -9.682138406123318    1.000000
7018    -3.126561771405587    1.000000
7019    6.30356133706409    1.000000
7020    9.93821922259955    1.000000
7021    4.435724187323127    1.000000
7022    -5.14495520938802    1.000000
7023    -9.995386513764416    1.000000
7024    -5.65610555347242    1.000000
7025    3.8833727682149366    1.000000
7026    9.852496075896562    1.000000
7027    6.763279928512485    1.000000
7028    -2.544064594682557    1.000000
7029    -9.512407862081446    1.000000
7030    -7.735087209799094    1.000000
7031    1.153836950990233    1.000000
7032    8.981928740230869    1.000000
7034    0.2594847471212234    1.000000
7035    -8.271676253575457    1.000000
7037    -1.6676128562547836    1.000000
7038    7.395866110464706    1.000000
7039    9.659619883007004    1.000000
7040    3.0423636827321223    1.000000
7041    -6.3720276568677    1.000000
7042    -9.928006154854478    1.000000
7043    -4.356221579414216    1.000000
7044    5.220653026394378    1.000000
7045    9.997683316010944    1.000000
7046    5.5828896715659075    1.000000
7047    -3.9647869901019823    1.000000
7048    -9.867256777622112    1.000000
7049    -6.697816188982531    1.000000
7050    2.6295657152456755    1.000000
7051    9.539337027740617    1.000000
7052    7.678685869837488    1.000000
7053    -1.241713664720024    1.000000
7054    -9.020487382389902    1.000000
7056    -0.1709912932475463    1.000000
7057    8.321092620749376    1.000000
7059    1.5802738593181784    1.000000
7060    -7.455151133728533    1.000000
7061    -9.636344555616182    1.000000
7062    -2.9579272333501025    1.000000
7063    6.439994746077727    1.000000
7064    9.917015255519106    1.000000
7065    4.276377673695255    1.000000
7066    -5.29594181979795    1.000000
7067    -9.999196827655943    1.000000
7068    -5.509236385825838    1.000000
7069    4.04589058198723    1.000000
7070    9.881244407301619    1.000000
7071    6.631827694236219    1.000000
7072    -2.7148608166695856    1.000000
7073    -9.565518812951495    1.000000
7074    -7.621682926255941    1.000000
7075    1.3294930936476637    1.000000
7076    9.058339294523138    1.000000
7078    0.08248444268298492    1.000000
7079    -8.369857053526266    1.000000
7081    -1.4928110523325124    1.000000
7082    7.5138520666954935    1.000000
7083    9.612314247507836    1.000000
7084    2.87325903861982    1.000000
7085    -6.5074572796623125    1.000000
7086    -9.905247385699736    1.000000
7087    -4.1961987257135505    1.000000
7088    5.370815690931775    1.000000
7089    9.99992693012    1.000000
7090    5.4351514667817105    1.000000
7091    -4.126677189630479    1.000000
7092    -9.894457869043315    1.000000
7093    -6.565319614288048    1.000000
7094    2.7999432163210005    1.000000
7095    9.590951166444231    1.000000
7096    7.564082845076085    1.000000
7097    -1.4171683604997367    1.000000
7098    -9.095481511038843    1.000000
7100    0.006028870307588984    1.000000
7101    8.41796573134884    1.000000
7103    1.405231287764756    1.000000
7104    -7.571964310311223    1.000000
7105    -9.587530841389581    1.000000
7106    -2.788365732058169    1.000000
7107    6.574409972120116    1.000000
7108    9.89270346737615    1.000000
7109    4.115691017266035    1.000000
7110    -5.445268773636895    1.000000
7111    -9.999873566201618    1.000000
7112    -5.360640718780289    1.000000
7113    4.207140483626355    1.000000
7114    9.906896127609329    1.000000
7115    6.498297159860574    1.000000
7116    -2.884806248231225    1.000000
7117    -9.615632095664871    1.000000
7118    -7.505890139103618    1.000000
7119    1.5047325961636364    1.000000
7120    9.131911121947947    1.000000
7122    -0.09454171095299045    1.000000
7123    -8.465414885036378    1.000000
7125    -1.3175414272451786    1.000000
7126    7.629483311643526    1.000000
7127    9.561996278972154    1.000000
7128    2.703253964818928    1.000000
7129    -6.640847577894439    1.000000
7130    -9.87938448332936    1.000000
7131    -4.034860855907108    1.000000
7132    5.519295234721948    1.000000
7133    9.999036740081714    1.000000
7134    5.285709979530846    1.000000
7135    -4.287274159900207    1.000000
7136    -9.918558208496792    1.000000
7137    -6.430765581976158    1.000000
7138    2.9694432636184183    1.000000
7139    9.639559666931449    1.000000
7140    7.44710936757474    1.000000
7141    -1.592178940225738    1.000000
7142    -9.167625273092053    1.000000
7144    0.18304714451904153    1.000000
7145    8.512200797080038    1.000000
7147    1.2297483410297612    1.000000
7148    -7.686404564239082    1.000000
7149    -9.535712560817299    1.000000
7150    -2.6179304051716596    1.000000
7151    6.706764891784178    1.000000
7152    9.865291477064611    1.000000
7153    3.953714574454453    1.000000
7154    -5.5928892744201875    1.000000
7155    -9.99741651732328    1.000000
7156    -5.210365119647804    1.000000
7157    4.367071940202014    1.000000
7158    9.929443198014201    1.000000
7159    6.3627301715455635    1.000000
7160    -3.0538476314084972    1.000000
7161    -9.6627320055855    1.000000
7162    -7.3877451357989425    1.000000
7163    1.6795005415088968    1.000000
7164    9.202621166367035    1.000000
7166    -0.2715382368518882    1.000000
7167    -8.558319801934108    1.000000
7169    -1.141858907461929    1.000000
7170    7.7427236084765205    1.000000
7171    9.508681746181024    1.000000
7172    2.532401737979272    1.000000
7173    -6.7721567493516535    1.000000
7174    -9.85042555272964    1.000000
7175    -3.8722585304928847    1.000000
7176    5.66604512684388    1.000000
7177    9.995013024866253    1.000000
7178    5.134612042190774    1.000000
7179    -4.446527572598267    1.000000
7180    -9.939550243352986    1.000000
7181    -6.294196258953429    1.000000
7182    3.1380127387546746    1.000000
7183    9.685147296138922    1.000000
7184    7.327802094798201    1.000000
7185    -1.7666905586092159    1.000000
7186    -9.236896059942264    1.000000
7187    -8.214741921893065    1.000000
7188    0.36000805492127214    1.000000
7189    8.603768286303199    1.000000
7191    1.053880012433655    1.000000
7192    -7.798436031915815    1.000000
7193    -9.480905952852256    1.000000
7194    -2.4466746641742776    1.000000
7195    6.837018027327218    1.000000
7196    9.834787875028148    1.000000
7197    3.7904991058762434    1.000000
7198    -5.738757060436037    1.000000
7199    -9.991826451017559    1.000000
7200    -5.058456682202079    1.000000
7201    4.525634831961793    1.000000
7202    9.948878552654335    1.000000
7203    6.225169213640642    1.000000
7204    -3.2219319915555484    1.000000
7205    -9.706803782416223    1.000000
7206    -7.267284940942584    1.000000
7207    1.8537421604320525    1.000000
7208    9.270447268475433    1.000000
7209    8.163945910740496    1.000000
7210    -0.4484496673637142    1.000000
7211    -8.648542689425325    1.000000
7213    -0.9658185488459672    1.000000
7214    7.853537469643984    1.000000
7215    9.452387356986929    1.000000
7216    2.360755900233791    1.000000
7217    -6.9013436440106615    1.000000
7218    -9.818379669128571    1.000000
7219    -3.7084427062273986    1.000000
7220    5.811019378419476    1.000000
7221    9.987857045436373    1.000000
7222    4.9819050062417585    1.000000
7223    -4.60438752045947    1.000000
7224    -9.957427395071234    1.000000
7225    -6.155654443683672    1.000000
7226    3.305598814971736    1.000000
7227    9.72769976769211    1.000000
7228    7.2061984155822945    1.000000
7229    -1.9406485267272147    1.000000
7230    -9.303272163322937    1.000000
7231    -8.112510277197305    1.000000
7232    0.5368561450255674    1.000000
7233    8.692639503350895    1.000000
7235    0.87768141606891    1.000000
7236    -7.908023604617076    1.000000
7237    -9.423128192937481    1.000000
7238    -2.274652177653316    1.000000
7239    6.965128559669336    1.000000
7240    9.80120222056807    1.000000
7241    3.6260957604363835    1.000000
7242    -5.882826419243142    1.000000
7243    -9.983105119114548    1.000000
7244    -4.904963011920096    1.000000
7245    4.68277946803782    1.000000
7246    9.965196100825725    1.000000
7247    6.085657395370849    1.000000
7248    -3.3890066539409918    1.000000
7249    -9.747833614824424    1.000000
7250    -7.144547304676206    1.000000
7251    2.027402848623309    1.000000
7252    9.335368172745822    1.000000
7253    8.060439051101913    1.000000
7254    -0.625220561505897    1.000000
7255    -8.73605527321753    1.000000
7257    -0.7894755194009982    1.000000
7258    7.961890167998397    1.000000
7259    9.393130753077806    1.000000
7260    2.188370242419352    1.000000
7261    -7.028367776933014    1.000000
7262    -9.783256875151828    1.000000
7263    -3.543464720156715    1.000000
7264    5.954172557025679    1.000000
7265    9.977571044352258    1.000000
7266    4.827636727427738    1.000000
7267    -4.7608045329064055    1.000000
7268    -9.972184061261382    1.000000
7269    -6.015183552775665    1.000000
7270    3.4721489736917808    1.000000
7271    9.767203746382393    1.000000
7272    7.0823364384169    1.000000
7273    -2.1139983291611957    1.000000
7274    -9.366732782111276    1.000000
7275    -8.00773631208964    1.000000
7276    0.7135359936991441    1.000000
7277    8.778786597520764    1.000000
7279    0.7012077695282048    1.000000
7280    -8.015132939492947    1.000000
7281    -9.362397387623645    1.000000
7282    -2.101916854480859    1.000000
7283    7.091056341185415    1.000000
7284    9.764545038847606    1.000000
7285    3.4605560592999165    1.000000
7286    -6.025052201996192    1.000000
7287    -9.971255254728826    1.000000
7288    -4.7499322110633875    1.000000
7289    4.8384566020190265    1.000000
7290    9.978390728890997    1.000000
7291    5.944238437327119    1.000000
7292    -3.5550192602552566    1.000000
7293    -9.785808644770244    1.000000
7294    -7.0195706908522215    1.000000
7295    2.200428183826514    1.000000
7296    9.397363534089639    1.000000
7297    7.954406189273089    1.000000
7298    -0.8017955223375326    1.000000
7299    -8.820830128380527    1.000000
7301    -0.6128850819825299    1.000000
7302    8.067747747678093    1.000000
7303    9.330930504448457    1.000000
7304    2.0152987872196393    1.000000
7305    -7.153189340952386    1.000000
7306    -9.745068177675584    1.000000
7307    -3.377376273528311    1.000000
7308    6.0954598009322    1.000000
7309    9.96415824506875    1.000000
7310    4.671855550759165    1.000000
7311    -4.915729591552662    1.000000
7312    -9.983815617439468    1.000000
7313    -5.8728276073771175    1.000000
7314    3.637611020975615    1.000000
7315    9.803646852346082    1.000000
7316    6.956254979503422    1.000000
7317    -2.2866856410812275    1.000000
7318    -9.427258028846927    1.000000
7319    -7.90045286091863    1.000000
7320    0.8899922325331733    1.000000
7321    8.862182571803443    1.000000
7323    0.5245143766001862    1.000000
7324    -8.119730470330369    1.000000
7325    -9.29873256889477    1.000000
7326    -1.9285228269196626    1.000000
7327    7.214761908286698    1.000000
7328    9.724827817593509    1.000000
7329    3.2939318797461046    1.000000
7330    -6.165389837594716    1.000000
7331    -9.956280571402946    1.000000
7332    -4.593412863603627    1.000000
7333    4.9926174473841165    1.000000
7334    9.988458301881916    1.000000
7335    5.800956657765006    1.000000
7336    -3.719917785018775    1.000000
7337    -9.8207169715361    1.000000
7338    -6.892394264979883    1.000000
7339    2.3727639428941547    1.000000
7340    9.456413924232866    1.000000
7341    7.845880554119046    1.000000
7342    -0.9781192143198276    1.000000
7343    -8.902840687940918    1.000000
7345    -0.4361025769794502    1.000000
7346    8.171077034748448    1.000000
7347    9.265806103581028    1.000000
7348    1.8415957722353753    1.000000
7349    -7.275769219149446    1.000000
7350    -9.703825544377136    1.000000
7351    -3.210229415588799    1.000000
7352    6.2348368331604185    1.000000
7353    9.947622850925168    1.000000
7354    4.514610295362513    1.000000
7355    -5.069114145564349    1.000000
7356    -9.992318418476957    1.000000
7357    -5.728631219379217    1.000000
7358    3.801933103879349    1.000000
7359    9.837017664944069    1.000000
7360    6.827993550590459    1.000000
7361    -2.4586563452704464    1.000000
7362    -9.48482893596437    1.000000
7363    -7.790693544462361    1.000000
7364    1.0661695631942825    1.000000
7365    8.942801291342958    1.000000
7367    0.34765660993821773    1.000000
7368    -8.221783418072233    1.000000
7369    -9.232153688203944    1.000000
7370    -1.7545244336590493    1.000000
7371    7.336206493787991    1.000000
7372    9.682063003495992    1.000000
7373    3.1262754389109926    1.000000
7374    -6.303795346650913    1.000000
7375    -9.938185761943666    1.000000
7376    -4.435454019997244    1.000000
7377    5.145213692790426    1.000000
7378    9.99539566479523    1.000000
7379    5.6558569587161145    1.000000
7380    -3.883650551885869    1.000000
7381    -9.85254765545613    1.000000
7382    -6.763057881951494    1.000000
7383    2.5443561187799526    1.000000
7384    9.51250083780453    1.000000
7385    7.7348961556968465    1.000000
7386    -1.1541363806573008    1.000000
7387    -8.982061251207744    1.000000
7389    -0.2591834049713061    1.000000
7390    8.271845647598019    1.000000
7392    1.667315632987196    1.000000
7393    -7.396068997110437    1.000000
7394    -9.659541899984454    1.000000
7395    -3.0420765272725863    1.000000
7396    6.372259975359011    1.000000
7397    9.927970043828045    1.000000
7398    4.3559502391812055    1.000000
7399    -5.220910126875085    1.000000
7400    -9.997689799743066    1.000000
7401    -5.582639577436033    1.000000
7402    3.965063726704215    1.000000
7403    9.867305726340847    1.000000
7404    6.697592346591502    1.000000
7405    -2.6298565490844594    1.000000
7406    -9.539427461737025    1.000000
7407    -7.67849275939228    1.000000
7408    1.2420127747540974    1.000000
7409    9.020617491626933    1.000000
7411    0.1706898937075486    1.000000
7412    -8.321259801089761    1.000000
7414    -1.5799762027860986    1.000000
7415    7.455352039056627    1.000000
7416    9.636263998308165    1.000000
7417    2.957639277423455    1.000000
7418    -6.440225355272022    1.000000
7419    -9.91697649695132    1.000000
7420    -4.276105181813867    1.000000
7421    5.2961975172138525    1.000000
7422    9.999200643581391    1.000000
7423    5.508984811916571    1.000000
7424    -4.0461662498392235    1.000000
7425    -9.881290721344524    1.000000
7426    -6.6316020735525765    1.000000
7427    2.7151509374637373    1.000000
7428    9.565606698135971    1.000000
7429    7.621487774597438    1.000000
7430    -1.3297918606143062    1.000000
7431    -9.058466991826624    1.000000
7433    -0.08218300936672003    1.000000
7434    8.370022007086366    1.000000
7436    1.4925129858565    1.000000
7437    -7.514050974965576    1.000000
7438    -9.612231122225788    1.000000
7439    -2.872970304786603    1.000000
7440    6.507686161492001    1.000000
7441    9.905205982627225    1.000000
7442    4.1959251035327645    1.000000
7443    -5.371069965249694    1.000000
7444    -9.999928077939803    1.000000
7445    -5.434898432803164    1.000000
7446    4.1269517671344245    1.000000
7447    9.89450154478181    1.000000
7448    6.565092232988541    1.000000
7449    -2.8002326013403644    1.000000
7450    -9.591036495931219    1.000000
7451    -7.563885667493876    1.000000
7452    1.41746676099139    1.000000
7453    9.09560678640406    1.000000
7455    -0.006330313783661443    1.000000
7456    -8.418128445205    1.000000
7458    -1.4049328346974876    1.000000
7459    7.572161205939388    1.000000
7460    9.587445154646135    1.000000
7461    2.7880762429398747    1.000000
7462    -6.574637108652949    1.000000
7463    -9.892659423042728    1.000000
7464    -4.115416286223385    1.000000
7465    5.445521604935147    1.000000
7466    9.999872045825848    1.000000
7467    5.360386244556972    1.000000
7468    -4.2074139492698714    1.000000
7469    -9.906937161621547    1.000000
7470    -6.498068035759898    1.000000
7471    2.885094874803294    1.000000
7472    9.615714862769043    1.000000
7473    7.505690951046019    1.000000
7474    -1.5050306068014536    1.000000
7475    -9.13203396555992    1.000000
7477    0.09484314097161498    1.000000
7478    8.46557534644042    1.000000
7480    1.3172426109696194    1.000000
7481    -7.629678179203546    1.000000
7482    -9.561908037480631    1.000000
7483    -2.7029637430962206    1.000000
7484    6.6410729513349    1.000000
7485    9.879337801185777    1.000000
7486    4.034585037527005    1.000000
7487    -5.5195466031919045    1.000000
7488    -9.999032551629492    1.000000
7489    -5.285454085000104    1.000000
7490    4.287546492258024    1.000000
7491    9.918596597567833    1.000000
7492    6.430534733025546    1.000000
7493    -2.969731109130103    1.000000
7494    -9.639639865168233    1.000000
7495    -7.446908184647575    1.000000
7496    1.5924765376614176    1.000000
7497    9.167745675326325    1.000000
7499    -0.18334853746401691    1.000000
7500    -8.512358993460259    1.000000
7502    -1.2294491849573328    1.000000
7503    7.686597388463631    1.000000
7504    9.535621771491172    1.000000
7505    2.617639473582602    1.000000
7506    -6.706988484474888    1.000000
7507    -9.865242160768284    1.000000
7508    -3.9534376903464996    1.000000
7509    5.593139160367831    1.000000
7510    9.99740966112276    1.000000
7511    5.210107824858258    1.000000
7512    -4.367343117937652    1.000000
7513    -9.929478939136386    1.000000
7514    -6.362497615831388    1.000000
7515    3.0541346733079067    1.000000
7516    9.662809628671587    1.000000
7517    7.387541973764335    1.000000
7518    -1.6797977024265092    1.000000
7519    -9.202739117790426    1.000000
7521    0.2718395691099178    1.000000
7522    8.558475720896265    1.000000
7524    1.1415594350306757    1.000000
7525    -7.7429143742583575    1.000000
7526    -9.508588416133383    1.000000
7527    -2.5321101193175433    1.000000
7528    6.772378543774746    1.000000
7529    9.85037360614436    1.000000
7530    3.871980602350177    1.000000
7531    -5.666293510691344    1.000000
7532    -9.995003501454596    1.000000
7533    -5.134353367300753    1.000000
7534    4.446797574465706    1.000000
7535    9.939583333726096    1.000000
7536    6.293962014695777    1.000000
7537    -3.138298954552876    1.000000
7538    -9.68522233799276    1.000000
7539    -7.32759696957333    1.000000
7540    1.7669872597270329    1.000000
7541    9.237011551313614    1.000000
7542    8.214570021283741    1.000000
7543    -0.3603093028838142    1.000000
7544    -8.603921915631476    1.000000
7546    -1.0535802471064062    1.000000
7547    7.79862472430897    1.000000
7548    9.48081008939525    1.000000
7549    2.446382381287385    1.000000
7550    -6.8372380061057205    1.000000
7551    -9.83473330222379    1.000000
7552    -3.790220155473676    1.000000
7553    5.739003922723138    1.000000
7554    9.991814261140899    1.000000
7555    5.058196647478042    1.000000
7556    -4.525903636807139    1.000000
7557    -9.948908989685833    1.000000
7558    -6.224933299191902    1.000000
7559    3.222217358828332    1.000000
7560    9.706876237158491    1.000000
7561    7.267077868598437    1.000000
7562    -1.8540383785043686    1.000000
7563    -9.27056029074631    1.000000
7564    -8.163771825055319    1.000000
7565    0.448750807428831    1.000000
7566    8.648694017083294    1.000000
7568    0.9655185141085003    1.000000
7569    -7.853724073864938    1.000000
7570    -9.452288967631194    1.000000
7571    -2.3604629760212843    1.000000
7572    6.9015617899098505    1.000000
7573    9.818322474380759    1.000000
7574    3.708162755419957    1.000000
7575    -5.811264699805245    1.000000
7576    -9.987842190049749    1.000000
7577    -4.981643632056696    1.000000
7578    4.604655107222615    1.000000
7579    9.957455176376467    1.000000
7580    6.155416877527083    1.000000
7581    -3.3058833113613724    1.000000
7582    -9.727769629646183    1.000000
7583    -7.2059894123424115    1.000000
7584    1.94094423854617    1.000000
7585    9.303382707638367    1.000000
7586    8.112334020075401    1.000000
7587    -0.5371571535997749    1.000000
7588    -8.692788517482452    1.000000
7590    -0.8773811354281098    1.000000
7591    7.908208106045908    1.000000
7592    9.423027285391546    1.000000
7593    2.2743586350649907    1.000000
7594    -6.9653448555980875    1.000000
7595    -9.801142408357853    1.000000
7596    -3.625814831157433    1.000000
7597    5.883070180507333    1.000000
7598    9.983087599381843    1.000000
7599    4.90470031875195    1.000000
7600    -4.6830458157540855    1.000000
7601    -9.965221224228102    1.000000
7602    -6.085418196119053    1.000000
7603    3.389290257157982    1.000000
7604    9.747900878516809    1.000000
7605    7.144336386915412    1.000000
7606    -2.0276980310207073    1.000000
7607    -9.335476230444963    1.000000
7608    -8.060260636352536    1.000000
7609    0.6255214150060129    1.000000
7610    8.736201962147836    1.000000
7612    0.7891750163830152    1.000000
7613    -7.962072552179933    1.000000
7614    -9.393027335247499    1.000000
7615    -2.18807610445345    1.000000
7616    7.028582205945147    1.000000
7617    9.783194450165327    1.000000
7618    3.5431828344162812    1.000000
7619    -5.954414739070272    1.000000
7620    -9.977550861646092    1.000000
7621    -4.827372735857783    1.000000
7622    4.7610696207081915    1.000000
7623    9.972206524792554    1.000000
7624    6.014942739169259    1.000000
7625    -3.472431661516604    1.000000
7626    -9.767268406543174    1.000000
7627    -7.08212362266001    1.000000
7628    2.11429295901032    1.000000
7629    9.366838344728105    1.000000
7630    8.00755575369109    1.000000
7631    -0.7138366685541359    1.000000
7632    -8.77893094975715    1.000000
7634    -0.7009070676766127    1.000000
7635    8.015313192137896    1.000000
7636    9.362291467611461    1.000000
7637    2.10162214418227    1.000000
7638    -7.091268886481014    1.000000
7639    -9.764480005975646    1.000000
7640    -3.460273239182961    1.000000
7641    6.0252927858469025    1.000000
7642    9.971232410630458    1.000000
7643    4.749666941774629    1.000000
7644    -4.838720409137443    1.000000
7645    -9.978410530791008    1.000000
7646    -5.943996028233176    1.000000
7647    3.5553010105401097    1.000000
7648    9.785870696333474    1.000000
7649    7.019355993772757    1.000000
7650    -2.200722238043937    1.000000
7651    -9.397466593353622    1.000000
7652    -7.95422350137161    1.000000
7653    0.8020959949903637    1.000000
7654    8.820972132613397    1.000000
7656    0.6125842048564796    1.000000
7657    -8.067925854664162    1.000000
7658    -9.330822090552937    1.000000
7659    -2.0150035276780938    1.000000
7660    7.153399985879118    1.000000
7661    9.745000542013305    1.000000
7662    3.377092541193002    1.000000
7663    -6.095698767739957    1.000000
7664    -9.964132741367955    1.000000
7665    -4.671589024534712    1.000000
7666    4.915992097319158    1.000000
7667    9.983832756156898    1.000000
7668    5.872583621787716    1.000000
7669    -3.63789181164615    1.000000
7670    -9.803706290450194    1.000000
7671    -6.956038417922302    1.000000
7672    2.2869790966286208    1.000000
7673    9.42735857668366    1.000000
7674    7.900268057827311    1.000000
7675    -0.89029247944265    1.000000
7676    -8.862322216907163    1.000000
7678    -0.5242133477725613    1.000000
7679    8.119906417703374    1.000000
7680    9.298621669609842    1.000000
7681    1.928227041267921    1.000000
7682    -7.214970636341123    1.000000
7683    -9.724757584439978    1.000000
7684    -3.2936472574220774    1.000000
7685    6.165627168637133    1.000000
7686    9.956252410097862    1.000000
7687    4.593145101325065    1.000000
7688    -4.992878631232098    1.000000
7689    -9.988472776073992    1.000000
7690    -5.800711114795734    1.000000
7691    3.720197594075825    1.000000
7692    9.820773791524283    1.000000
7693    6.892175855864101    1.000000
7694    -2.3730567767800963    1.000000
7695    -9.456511952764703    1.000000
7696    -7.845693650316692    1.000000
7697    0.9784192119624419    1.000000
7698    8.902977962974685    1.000000
7700    0.4358014200350199    1.000000
7701    -8.171250808723405    1.000000
7702    -9.265692727595336    1.000000
7703    -1.8412994836474195    1.000000
7704    7.275976013978304    1.000000
7705    9.703752719234926    1.000000
7706    3.2099439255754194    1.000000
7707    -6.235072509843271    1.000000
7708    -9.947592034222156    1.000000
7709    -4.5143413180082685    1.000000
7710    5.0693739870307875    1.000000
7711    9.99233022700967    1.000000
7712    5.728384138267684    1.000000
7713    -3.8022119094006563    1.000000
7714    -9.837071862364638    1.000000
7715    -6.827773311051762    1.000000
7716    2.458948534552217    1.000000
7717    9.484924437511054    1.000000
7718    7.790504554592365    1.000000
7719    -1.066469288066056    1.000000
7720    -8.94293618555165    1.000000
7722    -0.3473553484717884    1.000000
7723    8.221955005034433    1.000000
7724    9.23203784440018    1.000000
7725    1.754227665348263    1.000000
7726    -7.336411339189482    1.000000
7727    -9.68198759207075    1.000000
7728    -3.1259891035756064    1.000000
7729    6.304029350509592    1.000000
7730    9.938152292257133    1.000000
7731    4.4351838486409445    1.000000
7732    -5.145472171517469    1.000000
7733    -9.99540480674341    1.000000
7734    -5.655608358820435    1.000000
7735    3.8839283320277977    1.000000
7736    9.852599226062868    1.000000
7737    6.762835829245035    1.000000
7738    -2.5446476405653375    1.000000
7739    -9.512593804883782    1.000000
7740    -7.734705094566037    1.000000
7741    1.1544358092756253    1.000000
7742    8.982193754022783    1.000000
7744    0.2588820625858735    1.000000
7745    -8.272015034104102    1.000000
7747    -1.667018408204549    1.000000
7748    7.396271877035496    1.000000
7749    9.659463908184454    1.000000
7750    3.0417893690487703    1.000000
7751    -6.3724922880599655    1.000000
7752    -9.927933923780245    1.000000
7753    -4.355678894990022    1.000000
7754    5.221167222611644    1.000000
7755    9.997696274390465    1.000000
7756    5.5823894782333126    1.000000
7757    -3.965340459703466    1.000000
7758    -9.867354666093338    1.000000
7759    -6.69736849811449    1.000000
7760    2.6301473805335394    1.000000
7761    9.539517887065127    1.000000
7762    7.6782996419697644    1.000000
7763    -1.2423118836595761    1.000000
7764    -9.020747592667087    1.000000
7766    -0.17038849401244807    1.000000
7767    8.32142697386877    1.000000
7769    1.5796785448183233    1.000000
7770    -7.455552937610176    1.000000
7771    -9.636183432243845    1.000000
7772    -2.9573513188092524    1.000000
7773    6.440455958614199    1.000000
7774    9.916937729372155    1.000000
7775    4.2758326860468605    1.000000
7776    -5.296453209817196    1.000000
7777    -9.999204450420743    1.000000
7778    -5.508733233001388    1.000000
7779    4.046441914014538    1.000000
7780    9.881337026408476    1.000000
7781    6.631376446842913    1.000000
7782    -2.7154410557906794    1.000000
7783    -9.565694574628354    1.000000
7784    -7.621292616013427    1.000000
7785    1.3300906263725907    1.000000
7786    9.058594680898846    1.000000
7788    0.08188157597577696    1.000000
7789    -8.370186953040774    1.000000
7791    -1.4922149180242674    1.000000
7792    7.514249876407775    1.000000
7793    9.612147988209278    1.000000
7794    2.87268156834277    1.000000
7795    -6.507915037408273    1.000000
7796    -9.905164570554032    1.000000
7797    -4.195651477539218    1.000000
7798    5.371324234687019    1.000000
7799    9.99992921667285    1.000000
7800    5.434645393886025    1.000000
7801    -4.127226340888283    1.000000
7802    -9.894545211529353    1.000000
7803    -6.564864845723457    1.000000
7804    2.800521983815208    1.000000
7805    9.591121816703003    1.000000
7806    7.5636884830385025    1.000000
7807    -1.4177651601950165    1.000000
7808    -9.095732053504262    1.000000
7810    0.006631757253981658    1.000000
7811    8.418291151411754    1.000000
7813    1.4046343803535815    1.000000
7814    -7.572358094686864    1.000000
7815    -9.58735945919075    1.000000
7816    -2.787786751288105    1.000000
7817    6.574864239211526    1.000000
7818    9.892615369720025    1.000000
7819    4.115141551441132    1.000000
7820    -5.445774431285148    1.000000
7821    -9.999870516363378    1.000000
7822    -5.360131765462767    1.000000
7823    4.207687411090188    1.000000
7824    9.906978186631509    1.000000
7825    6.497838905754547    1.000000
7826    -2.8853834987537286    1.000000
7827    -9.615797621135586    1.000000
7828    -7.50549175616813    1.000000
7829    1.505328616071677    1.000000
7830    9.132156800873776    1.000000
7832    -0.09514457090405722    1.000000
7833    -8.465735800151949    1.000000
7835    -1.3169437934971053    1.000000
7836    7.629873039830616    1.000000
7837    9.561819787300374    1.000000
7838    2.702673518917379    1.000000
7839    -6.641298318740736    1.000000
7840    -9.879291110065017    1.000000
7841    -4.034309215480748    1.000000
7842    5.519797966646348    1.000000
7843    9.99902835409133    1.000000
7844    5.285198185666563    1.000000
7845    -4.287818820719825    1.000000
7846    -9.918634977626022    1.000000
7847    -6.430303878231623    1.000000
7848    2.9700189519432474    1.000000
7849    9.639720054645649    1.000000
7850    7.446706994953539    1.000000
7851    -1.5927741336500423    1.000000
7852    -9.167866069230032    1.000000
7854    0.18364993024238674    1.000000
7855    8.512517182105455    1.000000
7857    1.2291500277677263    1.000000
7858    -7.686790205703505    1.000000
7859    -9.535530973500197    1.000000
7860    -2.617348539614943    1.000000
7861    6.707212071071075    1.000000
7862    9.865192835507589    1.000000
7863    3.9531608026461287    1.000000
7864    -5.59338904123309    1.000000
7865    -9.997402795837772    1.000000
7866    -5.209850525334379    1.000000
7867    4.367614291704763    1.000000
7868    9.929514671235829    1.000000
7869    6.362265054335722    1.000000
7870    -3.054421712432079    1.000000
7871    -9.662887242977249    1.000000
7872    -7.3873388050168    1.000000
7873    1.6800948618177203    1.000000
7874    9.202857060851457    1.000000
7876    -0.2721409011209318    1.000000
7877    -8.558631632081491    1.000000
7879    -1.141259961562108    1.000000
7880    7.743105133004344    1.000000
7881    9.50849507744546    1.000000
7882    2.531818498354931    1.000000
7883    -6.772600332043899    1.000000
7884    -9.850321650608226    1.000000
7885    -3.8717026706890696    1.000000
7886    5.666541889389948    1.000000
7887    9.994993968960657    1.000000
7888    5.134094687745239    1.000000
7889    -4.4470675722924184    1.000000
7890    -9.939616415067286    1.000000
7891    -6.293727764718915    1.000000
7892    3.138585167499361    1.000000
7893    9.685297371045808    1.000000
7894    7.327391837690003    1.000000
7895    -1.76728395923922    1.000000
7896    -9.237127034291454    1.000000
7897    -8.214398113209986    1.000000
7898    0.3606105505189496    1.000000
7899    8.604075537141522    1.000000
7901    1.0532804808217882    1.000000
7902    -7.798813409615655    1.000000
7903    -9.480714217323204    1.000000
7904    -2.4460900961775085    1.000000
7905    6.837457978671348    1.000000
7906    9.834678720482788    1.000000
7907    3.7899412016270033    1.000000
7908    -5.73925077979531    1.000000
7909    -9.991802062184854    1.000000
7910    -5.05793660815771    1.000000
7911    4.526172437539878    1.000000
7912    9.94893941767694    1.000000
7913    6.224697379086677    1.000000
7914    -3.2225027231731445    1.000000
7915    -9.706948683080297    1.000000
7916    -7.266870789650827    1.000000
7917    1.8543345948919532    1.000000
7918    9.270673304593197    1.000000
7919    8.163597731951869    1.000000
7920    -0.449051947086176    1.000000
7921    -8.648845336882347    1.000000
7923    -0.965218478493684    1.000000
7924    7.853910670949355    1.000000
7925    9.452190569686332    1.000000
7926    2.3601700496638673    1.000000
7927    -6.901779929537714    1.000000
7928    -9.818265270711215    1.000000
7929    -3.7078828012429748    1.000000
7930    5.811510015910422    1.000000
7931    9.987827325587356    1.000000
7932    4.981382253344904    1.000000
7933    -4.604922689801592    1.000000
7934    -9.957482948633537    1.000000
7935    -6.155179305777174    1.000000
7936    3.306167804747011    1.000000
7937    9.727839482760807    1.000000
7938    7.205780402554579    1.000000
7939    -1.9412399486014242    1.000000
7940    -9.303493243499975    1.000000
7941    -8.112157755581967    1.000000
7942    0.5374581616858772    1.000000
7943    8.692937523715027    1.000000
7945    0.8770808539900492    1.000000
7946    -7.9083926002886935    1.000000
7947    -9.42292636928308    1.000000
7948    -2.2740650904099966    1.000000
7949    6.965561145197556    1.000000
7950    9.801082587241517    1.000000
7951    3.6255338985837713    1.000000
7952    -5.88331393642568    1.000000
7953    -9.983070070577687    1.000000
7954    -4.904437621126991    1.000000
7955    4.683312159214952    1.000000
7956    9.965246338575259    1.000000
7957    6.085178991337548    1.000000
7958    -3.389573857295185    1.000000
7959    -9.747968133351453    1.000000
7960    -7.144125462662687    1.000000
7961    2.027993211575573    1.000000
7962    9.33558427966112    1.000000
7963    8.060082214278946    1.000000
7964    -0.6258222679377287    1.000000
7965    -8.736348643139712    1.000000
7967    -0.7888745126479232    1.000000
7968    7.962254929126478    1.000000
7969    9.392923908881915    1.000000
7970    2.187781964499283    1.000000
7971    -7.028796628570535    1.000000
7972    -9.783132016289015    1.000000
7973    -3.5429009454562217    1.000000
7974    5.954656915704198    1.000000
7975    9.977530669873508    1.000000
7976    4.827108739901284    1.000000
7977    -4.76133470418368    1.000000
7978    -9.97222897926216    1.000000
7979    -6.014701920097183    1.000000
7980    3.4727143461860908    1.000000
7981    9.767333057828612    1.000000
7982    7.081910800467722    1.000000
7983    -2.114587586938224    1.000000
7984    -9.366943898833457    1.000000
7985    -8.007375188016216    1.000000
7986    0.714137342760477    1.000000
7987    8.77907529401628    1.000000
7989    0.7006063651881186    1.000000
7990    -8.015493437499474    1.000000
7991    -9.362185539091934    1.000000
7992    -2.1013274319739748    1.000000
7993    7.091481425332905    1.000000
7994    9.764414964230877    1.000000
7995    3.459990415921718    1.000000
7996    -6.0255333642225395    1.000000
7997    -9.971209557471413    1.000000
7998    -4.749401668169935    1.000000
7999    4.838984211859002    1.000000
8000    9.978430323623817    1.000000
8001    5.943753613738032    1.000000
8002    -3.5555827575943253    1.000000
8003    -9.785932739004457    1.000000
8004    -7.019141290314932    1.000000
8005    2.201016290261603    1.000000
8006    9.397569644078297    1.000000
8007    7.954040806242271    1.000000
8008    -0.802396466914345    1.000000
8009    -8.82111412883081    1.000000
8011    -0.6122833271737849    1.000000
8012    8.068103954319055    1.000000
8013    9.330713668178667    1.000000
8014    2.0147082663055507    1.000000
8015    -7.153610624305687    1.000000
8016    -9.744932897495922    1.000000
8017    -3.376808805788989    1.000000
8018    6.095937729008661    1.000000
8019    9.96410722861293    1.000000
8020    4.671322494065269    1.000000
8021    -4.916254598618581    1.000000
8022    -9.983849885802197    1.000000
8023    -5.872339630862002    1.000000
8024    3.638172599010998    1.000000
8025    9.803765719645853    1.000000
8026    6.955821850020354    1.000000
8027    -2.2872725500978786    1.000000
8028    -9.427459115953923    1.000000
8029    -7.900083247557157    1.000000
8030    0.8905927255431341    1.000000
8031    8.86246185395785    1.000000
8033    0.5239123184685932    1.000000
8034    -8.12008235769797    1.000000
8035    -9.29851076187542    1.000000
8036    -1.9279312538640347    1.000000
8037    7.215179357839436    1.000000
8038    9.724687342449736    1.000000
8039    3.293362632105172    1.000000
8040    -6.1658644940769545    1.000000
8041    -9.956224239745712    1.000000
8042    -4.592877334872794    1.000000
8043    4.993139810543138    1.000000
8044    9.988487241189722    1.000000
8045    5.800465566555462    1.000000
8046    -3.7204773997523994    1.000000
8047    -9.820830602588504    1.000000
8048    -6.891957440485523    1.000000
8049    2.373349608509684    1.000000
8050    9.456609972703582    1.000000
8051    7.8455067393850975    1.000000
8052    -0.9787192087159842    1.000000
8053    -8.903115229918473    1.000000
8055    -0.43550026269458453    1.000000
8056    8.171424575273294    1.000000
8057    9.265579343190073    1.000000
8058    1.8410031933863071    1.000000
8059    -7.276182802195612    1.000000
8060    -9.703679885275092    1.000000
8061    -3.209658432645222    1.000000
8062    6.235308180860426    1.000000
8063    9.947561208479948    1.000000
8064    4.514072336551925    1.000000
8065    -5.0696338238907765    1.000000
8066    -9.992342026462529    1.000000
8067    -5.72813705195087    1.000000
8068    3.8024907114669624    1.000000
8069    9.837126050846434    1.000000
8070    6.8275530653087895    1.000000
8071    -2.4592407215995857    1.000000
8072    -9.485019930438957    1.000000
8073    -7.790315557643277    1.000000
8074    1.0667690119687476    1.000000
8075    8.94307107163406    1.000000
8077    0.3470540866897236    1.000000
8078    -8.222126584525489    1.000000
8079    -9.231921992207432    1.000000
8080    -1.7539308954434414    1.000000
8081    7.3366161779245065    1.000000
8082    9.68191217184766    1.000000
8083    3.125702765399691    1.000000
8084    -6.304263348639912    1.000000
8085    -9.93811881353998    1.000000
8086    -4.4349136732544725    1.000000
8087    5.145730645568914    1.000000
8088    9.995413939608943    1.000000
8089    5.655359753785603    1.000000
8090    -3.8842061086404702    1.000000
8091    -9.852650787716724    1.000000
8092    -6.7626137703933065    1.000000
8093    2.544939160038447    1.000000
8094    9.512686763319104    1.000000
8095    7.73451402640684    1.000000
8096    -1.1547352368449346    1.000000
8097    -8.98232624867586    1.000000
8099    -0.2585807199651994    1.000000
8100    8.272184413093555    1.000000
8102    1.6667211819071115    1.000000
8103    -7.396474750239696    1.000000
8104    -9.65938590760707    1.000000
8105    -3.0415022080609337    1.000000
8106    6.37272459497035    1.000000
8107    9.92789779471111    1.000000
8108    4.355407546840911    1.000000
8109    -5.221424313603823    1.000000
8110    -9.997702739953139    1.000000
8111    -5.582139373957976    1.000000
8112    3.9656171890994827    1.000000
8113    9.867403596879539    1.000000
8114    6.697144643551698    1.000000
8115    -2.6304382095926524    1.000000
8116    -9.53960830372484    1.000000
8117    -7.678106517570116    1.000000
8118    1.2426109914361883    1.000000
8119    9.020877685510252    1.000000
8121    0.1700870941625185    1.000000
8122    -8.321594139086244    1.000000
8124    -1.579380885415122    1.000000
8125    7.455753829388999    1.000000
8126    9.6361028574233    1.000000
8127    2.9570633575077587    1.000000
8128    -6.440686556104049    1.000000
8129    -9.91689895278165    1.000000
8130    -4.275560186394481    1.000000
8131    5.296708897607746    1.000000
8132    9.999208248173998    1.000000
8133    5.508481649080519    1.000000
8134    -4.046717574512923    1.000000
8135    -9.881383322493436    1.000000
8136    -6.631150814107442    1.000000
8137    2.71573117165015    1.000000
8138    9.565782442428564    1.000000
8139    7.6210974505040845    1.000000
8140    -1.330389390922246    1.000000
8141    -9.058722361739683    1.000000
8143    -0.08158014251042955    1.000000
8144    8.370351891389344    1.000000
8146    1.4919168488360863    1.000000
8147    -7.514448771021912    1.000000
8148    -9.612064845458383    1.000000
8149    -2.8723928292885836    1.000000
8150    6.508143907410919    1.000000
8151    9.905123149480191    1.000000
8152    4.195377847733157    1.000000
8153    -5.371578499243516    1.000000
8154    -9.999930346319143    1.000000
8155    -5.43439235003052    1.000000
8156    4.127500910891806    1.000000
8157    9.894588869285899    1.000000
8158    6.564637452492996    1.000000
8159    -2.8008113637452676    1.000000
8160    -9.59120712875951    1.000000
8161    -7.563491291710139    1.000000
8162    1.4180635581103451    1.000000
8163    9.095857312339334    1.000000
8165    -0.006933200718275715    1.000000
8166    -8.418453849968962    1.000000
8168    -1.4043359247333098    1.000000
8169    7.572554976553474    1.000000
8170    9.587273755023507    1.000000
8171    2.7874972571031247    1.000000
8172    -6.575091363795642    1.000000
8173    -9.892571307408078    1.000000
8174    -4.114866812919523    1.000000
8175    5.446027252686676    1.000000
8176    9.999868977814206    1.000000
8177    5.359877281497908    1.000000
8178    -4.207960869087052    1.000000
8179    -9.90701920263918    1.000000
8180    -6.497609769844722    1.000000
8181    2.885672120082267    1.000000
8182    9.615880370764428    1.000000
8183    7.505292554470137    1.000000
8184    -1.5056266239740348    1.000000
8185    -9.132279627889405    1.000000
8187    0.09544600075004331    1.000000
8188    8.46589624617081    1.000000
8190    1.3166449748279083    1.000000
8191    -7.630067893524557    1.000000
8192    -9.561731528431462    1.000000
8193    -2.7023832922826667    1.000000
8194    6.641523680111743    1.000000
8195    9.879244409967123    1.000000
8196    4.034033389768588    1.000000
8197    -5.520049325085051    1.000000
8198    -9.999024147467232    1.000000
8199    -5.284942281530458    1.000000
8200    4.288091145285362    1.000000
8201    9.918673348671325    1.000000
8202    6.430073017594597    1.000000
8203    -2.9703067920575887    1.000000
8204    -9.639800235363621    1.000000
8205    -7.4465057984928125    1.000000
8206    1.5930717281913416    1.000000
8207    9.167986454803062    1.000000
8209    -0.18395132285387716    1.000000
8210    -8.51267536301548    1.000000
8212    -1.228850869461213    1.000000
8213    7.686983015958533    1.000000
8214    9.535440166844458    1.000000
8215    2.617057603268946    1.000000
8216    -6.707435651572539    1.000000
8217    -9.865143501282569    1.000000
8218    -3.9528839113535907    1.000000
8219    5.593638917015737    1.000000
8220    9.997395921468323    1.000000
8221    5.209593221076405    1.000000
8222    -4.367885461503103    1.000000
8223    -9.929550394312503    1.000000
8224    -6.362032487058782    1.000000
8225    3.0547087487807523    1.000000
8226    9.662964848502423    1.000000
8227    7.387135629556523    1.000000
8228    -1.680392019682259    1.000000
8229    -9.202974995550013    1.000000
8231    0.2724422328846562    1.000000
8232    8.55878753548964    1.000000
8234    1.1409604870564973    1.000000
8235    -7.7432958847143105    1.000000
8236    -9.508401730117336    1.000000
8237    -2.5315268750917004    1.000000
8238    6.772822114158913    1.000000
8239    9.850269686121282    1.000000
8240    3.871424735509816    1.000000
8241    -5.666790262939467    1.000000
8242    -9.994984427384447    1.000000
8243    -5.133836003524462    1.000000
8244    4.447337566078163    1.000000
8245    9.939649487376526    1.000000
8246    6.293493509023058    1.000000
8247    -3.1388713775938704    1.000000
8248    -9.685372395298002    1.000000
8249    -7.327186699148406    1.000000
8250    1.767580657145508    1.000000
8251    9.237242508875687    1.000000
8252    8.214226197671959    1.000000
8253    -0.3609117978264047    1.000000
8254    -8.604229150833202    1.000000
8256    -1.0529807135800728    1.000000
8257    7.7990020878357    1.000000
8258    9.480618336636201    1.000000
8259    2.445797808844915    1.000000
8260    -6.8376779450239    1.000000
8261    -9.834624129805189    1.000000
8262    -3.789662244336479    1.000000
8263    5.739497631652328    1.000000
8264    9.99178985414944    1.000000
8265    5.057676564241322    1.000000
8266    -4.526441234159766    1.000000
8267    -9.94896983662762    1.000000
8268    -6.224461453325181    1.000000
8269    3.2227880845897268    1.000000
8270    9.707021120181569    1.000000
8271    7.266663704099944    1.000000
8272    -1.8546308095945374    1.000000
8273    -9.270786310015989    1.000000
8274    -8.163423631430307    1.000000
8275    0.44935308633547555    1.000000
8276    8.64899664882235    1.000000
8278    0.9649184420017913    1.000000
8279    -7.8540972608970625    1.000000
8280    -9.452092163152436    1.000000
8281    -2.359877121161807    1.000000
8282    6.901998062894054    1.000000
8283    9.818208058119987    1.000000
8284    3.7076028436967063    1.000000
8285    -5.811755326734783    1.000000
8286    -9.9878124520492    1.000000
8287    -4.981120870106619    1.000000
8288    4.605190268196158    1.000000
8289    9.957510711842422    1.000000
8290    6.154941728434165    1.000000
8291    -3.3064522951283957    1.000000
8292    -9.727909327035917    1.000000
8293    -7.205571386218982    1.000000
8294    1.9415356568927087    1.000000
8295    9.303603770907669    1.000000
8296    8.111981483717159    1.000000
8297    -0.537759169283601    1.000000
8298    -8.693086522048489    1.000000
8300    -0.8767805717550009    1.000000
8301    7.9085770873452645    1.000000
8302    9.422825444612165    1.000000
8303    2.2737715436886    1.000000
8304    -6.965777428467545    1.000000
8305    -9.80102275721911    1.000000
8306    -3.6252529627156505    1.000000
8307    5.8835576869979676    1.000000
8308    9.983052532702093    1.000000
8309    4.904174919045458    1.000000
8310    -4.683578498420176    1.000000
8311    -9.965271443867179    1.000000
8312    -6.0849397810265495    1.000000
8313    3.389857454352344    1.000000
8314    9.748035379328297    1.000000
8315    7.143914531918225    1.000000
8316    -2.028288390287638    1.000000
8317    -9.3356923203942    1.000000
8318    -8.059903784881302    1.000000
8319    0.626123120300771    1.000000
8320    8.736495316193027    1.000000
8322    0.788574008195995    1.000000
8323    -7.9624372988378616    1.000000
8324    -9.392820473981153    1.000000
8325    -2.1874878225571175    1.000000
8326    7.029011044808979    1.000000
8327    9.783069573522946    1.000000
8328    3.542619053276791    1.000000
8329    -5.954899086927232    1.000000
8330    -9.977510469034518    1.000000
8331    -4.826844739558475    1.000000
8332    4.7615997833326285    1.000000
8333    9.972251424670182    1.000000
8334    6.014461095559654    1.000000
8335    -3.4729970276999844    1.000000
8336    -9.767397700238647    1.000000
8337    -7.08169797184023    1.000000
8338    2.1148822129446403    1.000000
8339    9.367049444427236    1.000000
8340    8.007194615065185    1.000000
8341    -0.7144380163178944    1.000000
8342    -8.779219630298021    1.000000
8344    -0.7003056620629964    1.000000
8345    8.015673675577519    1.000000
8346    9.362079602065156    1.000000
8347    2.101032717856241    1.000000
8348    -7.091693957740893    1.000000
8349    -9.764349913613358    1.000000
8350    -3.4597075895164435    1.000000
8351    6.0257739371228825    1.000000
8352    9.971186695251706    1.000000
8353    4.749136390249544    1.000000
8354    -4.839248010183463    1.000000
8355    -9.978450107389408    1.000000
8356    -5.943511193841904    1.000000
8357    3.555864501417647    1.000000
8358    9.78599477278314    1.000000
8359    7.0189265804789365    1.000000
8360    -2.2013103404792456    1.000000
8361    -9.397672686263569    1.000000
8362    -7.953858103885237    1.000000
8363    0.802696938109203    1.000000
8364    8.821256117032634    1.000000
8366    0.6119824489347193    1.000000
8367    -8.068282046642606    1.000000
8368    -9.330605237325747    1.000000
8369    -2.0144130031022778    1.000000
8370    7.153821256231896    1.000000
8371    9.74486524412349    1.000000
8372    3.3765250673165306    1.000000
8373    -6.096176684738095    1.000000
8374    -9.9640817068037    1.000000
8375    -4.67105595935108    1.000000
8376    4.91651709545069    1.000000
8377    9.983867006375354    1.000000
8378    5.8720956346002    1.000000
8379    -3.638453383069904    1.000000
8380    -9.803825139933005    1.000000
8381    -6.955605275797777    1.000000
8382    2.2875660014887322    1.000000
8383    9.427559646657622    1.000000
8384    7.899898430108343    1.000000
8385    -0.8908929708343525    1.000000
8386    -8.862601482955379    1.000000
8388    -0.5236112886885553    1.000000
8389    8.120258290313988    1.000000
8390    9.298399845691607    1.000000
8391    1.9276354647082714    1.000000
8392    -7.215388072781445    1.000000
8393    -9.724617091622845    1.000000
8394    -3.2930780037956473    1.000000
8395    6.166101813913968    1.000000
8396    9.956196060346517    1.000000
8397    4.5926095642470575    1.000000
8398    -4.993400985317004    1.000000
8399    -9.988501697229092    1.000000
8400    -5.800220013044409    1.000000
8401    3.720757202048242    1.000000
8402    9.820887404728714    1.000000
8403    6.891739018844349    1.000000
8404    -2.3736424380826513    1.000000
8405    -9.456707984049405    1.000000
8406    -7.845319821324432    1.000000
8407    0.979019204580182    1.000000
8408    8.903252488772159    1.000000
8410    0.435199104958418    1.000000
8411    -8.171598334397956    1.000000
8412    -9.265465950365348    1.000000
8413    -1.840706901452309    1.000000
8414    7.276389583801185    1.000000
8415    9.703607042497698    1.000000
8416    3.2093729367984647    1.000000
8417    -6.235543846211669    1.000000
8418    -9.947530373698571    1.000000
8419    -4.513803350993723    1.000000
8420    5.069893656144083    1.000000
8421    9.992353816835525    1.000000
8422    5.727889960429    1.000000
8423    -3.802769510078012    1.000000
8424    -9.83718023038941    1.000000
8425    -6.827332813361742    1.000000
8426    2.4595329064122855    1.000000
8427    9.485115414747995    1.000000
8428    7.790126553615269    1.000000
8429    -1.0670687349020858    1.000000
8430    -8.94320594959006    1.000000
8432    -0.34675282459229684    1.000000
8433    8.222298156545248    1.000000
8434    9.2318061316258    1.000000
8435    1.753634123944854    1.000000
8436    -7.336821009992882    1.000000
8437    -9.681836742826789    1.000000
8438    -3.1254164243835056    1.000000
8439    6.30449734104166    1.000000
8440    9.938085325792235    1.000000
8441    4.434643493838075    1.000000
8442    -5.145989114944526    1.000000
8443    -9.995423063391824    1.000000
8444    -5.655111143611848    1.000000
8445    3.884483881723635    1.000000
8446    9.852702340417652    1.000000
8447    6.762391705396515    1.000000
8448    -2.5452306771990156    1.000000
8449    -9.512779713110424    1.000000
8450    -7.73432295121943    1.000000
8451    1.1550346633649569    1.000000
8452    8.982458735166864    1.000000
8454    0.2582793771095576    1.000000
8455    -8.27235378456622    1.000000
8457    -1.666423954095155    1.000000
8458    7.396677616722851    1.000000
8459    9.659307898252381    1.000000
8460    3.0412150443093395    1.000000
8461    -6.3729568960899545    1.000000
8462    -9.927861656620669    1.000000
8463    -4.355136194734119    1.000000
8464    5.221681399851388    1.000000
8465    9.997709196431082    1.000000
8466    5.5818892646102505    1.000000
8467    -3.965893914892015    1.000000
8468    -9.867452518699409    1.000000
8469    -6.696920782903333    1.000000
8470    2.6307290362615325    1.000000
8471    9.539698711716083    1.000000
8472    7.677913386193509    1.000000
8473    -1.2429100980836623    1.000000
8474    -9.021007770156308    1.000000
8476    -0.16978569415803385    1.000000
8477    8.321761296742036    1.000000
8479    1.5790832245767659    1.000000
8480    -7.455954714392912    1.000000
8481    -9.6360222738466    1.000000
8482    -2.956775393519234    1.000000
8483    6.440917147741364    1.000000
8484    9.916860167179832    1.000000
8485    4.275287682856977    1.000000
8486    -5.296964580585274    1.000000
8487    -9.99921203684115    1.000000
8488    -5.50823006015419    1.000000
8489    4.046993231334128    1.000000
8490    9.881429609599358    1.000000
8491    6.63092517534636    1.000000
8492    -2.7160212850418834    1.000000
8493    -9.565870301536513    1.000000
8494    -7.620902278069588    1.000000
8495    1.3306881542629996    1.000000
8496    9.058850034349025    1.000000
8498    0.08127870897095171    1.000000
8499    -8.370516822131927    1.000000
8501    -1.4916187782922272    1.000000
8502    7.514647658807805    1.000000
8503    9.611981693973176    1.000000
8504    2.872104087624304    1.000000
8505    -6.508372771499732    1.000000
8506    -9.905081719405745    1.000000
8507    -4.195104214114833    1.000000
8508    5.371832758918957    1.000000
8509    9.99993146687868    1.000000
8510    5.434139301236881    1.000000
8511    -4.127775477144743    1.000000
8512    -9.894632518051411    1.000000
8513    -6.564410053297367    1.000000
8514    2.8011007411302793    1.000000
8515    9.591292432100657    1.000000
8516    7.563294093508968    1.000000
8517    -1.4183619547371051    1.000000
8518    -9.095982562909166    1.000000
8520    0.007234644176269697    1.000000
8521    8.418616540876473    1.000000
8523    1.4040374678369427    1.000000
8524    -7.572751851539041    1.000000
8525    -9.58718804214448    1.000000
8526    -2.7872077603851952    1.000000
8527    6.57531848240509    1.000000
8528    9.892527236106929    1.000000
8529    4.114592070658809    1.000000
8530    -5.446280069139494    1.000000
8531    -9.999867430178329    1.000000
8532    -5.359622792662625    1.000000
8533    4.208234323260219    1.000000
8534    9.907060209644518    1.000000
8535    6.497380628030639    1.000000
8536    -2.8859607387886466    1.000000
8537    -9.615963111655493    1.000000
8538    -7.505093345952219    1.000000
8539    1.5059246305082572    1.000000
8540    9.132402446606696    1.000000
8542    -0.0957474305092993    1.000000
8543    -8.466056684496866    1.000000
8545    -1.3163461549622995    1.000000
8546    7.630262740285191    1.000000
8547    9.561643260873979    1.000000
8548    2.7020930631923465    1.000000
8549    -6.641749035447718    1.000000
8550    -9.879197700892137    1.000000
8551    -4.033757560390773    1.000000
8552    5.520300678507782    1.000000
8553    9.999019931757195    1.000000
8554    5.284686372592022    1.000000
8555    -4.288363465954388    1.000000
8556    -9.918711710703707    1.000000
8557    -6.429842151114681    1.000000
8558    2.970594629472865    1.000000
8559    9.639880407322083    1.000000
8560    7.446304595265581    1.000000
8561    -1.5933693212850457    1.000000
8562    -9.168106832045307    1.000000
8564    0.1842527152982144    1.000000
8565    8.512833536190188    1.000000
8567    1.228551710038065    1.000000
8568    -7.6871758192285355    1.000000
8569    -9.535349351524033    1.000000
8570    -2.6167666645448757    1.000000
8571    6.707659225979079    1.000000
8572    9.865094158093271    1.000000
8573    3.9526070164691385    1.000000
8574    -5.593888787715544    1.000000
8575    -9.997389038014418    1.000000
8576    -5.2093359120845655    1.000000
8577    4.3681566273324215    1.000000
8578    9.929586108366372    1.000000
8579    6.361799914000776    1.000000
8580    -3.054995782353668    1.000000
8581    -9.663042445247033    1.000000
8582    -7.38693244738369    1.000000
8583    1.680689176019856    1.000000
8584    9.203092921885993    1.000000
8586    -0.27274356440081715    1.000000
8587    -8.558943431120573    1.000000
8589    -1.140661011514117    1.000000
8590    7.7434866293880855    1.000000
8591    9.5083083741491    1.000000
8592    2.5312352495281174    1.000000
8593    -6.773043890119585    1.000000
8594    -9.85021771268357    1.000000
8595    -3.871146796812668    1.000000
8596    5.6670386313396754    1.000000
8597    9.994974876725975    1.000000
8598    5.1335773146386625    1.000000
8599    -4.447607555822691    1.000000
8600    -9.939682550653785    1.000000
8601    -6.293259247608414    1.000000
8602    3.139157584836144    1.000000
8603    9.685447410749273    1.000000
8604    7.326981553948726    1.000000
8605    -1.7678773534456276    1.000000
8606    -9.2373579750662    1.000000
8607    -8.214054274669808    1.000000
8608    0.3612130448059058    1.000000
8609    8.604382756706373    1.000000
8611    1.0526809453815331    1.000000
8612    -7.79919075896893    1.000000
8613    -9.480522447334334    1.000000
8614    -2.445505519289868    1.000000
8615    6.837897905163177    1.000000
8616    9.834569530191041    1.000000
8617    3.789383283602357    1.000000
8618    -5.739744478293967    1.000000
8619    -9.991777637034664    1.000000
8620    -5.057416515729115    1.000000
8621    4.526710026666557    1.000000
8622    9.949000246537853    1.000000
8623    6.224225521907628    1.000000
8624    -3.2230734430778196    1.000000
8625    -9.707093548462248    1.000000
8626    -7.26645661194597    1.000000
8627    1.8549270226118517    1.000000
8628    9.270899307014584    1.000000
8629    8.163249523490785    1.000000
8630    -0.4496542251764561    1.000000
8631    -8.649147952903167    1.000000
8633    -0.9646184046330945    1.000000
8634    7.8542838437078935    1.000000
8635    9.451993748029594    1.000000
8636    2.3595841905153674    1.000000
8637    -6.902216189978672    1.000000
8638    -9.818150836607131    1.000000
8639    -3.7073228827814053    1.000000
8640    5.812000632278108    1.000000
8641    9.987797569435301    1.000000
8642    4.980859482342081    1.000000
8643    -4.605457842406071    1.000000
8644    -9.957538466003095    1.000000
8645    -6.154704145498273    1.000000
8646    3.3067367825052663    1.000000
8647    9.72797916247145    1.000000
8648    7.205362363335811    1.000000
8649    -1.9418313634197544    1.000000
8650    -9.303714289861343    1.000000
8651    -8.11180520448114    1.000000
8652    0.5380601763926727    1.000000
8653    8.693235512482698    1.000000
8655    0.876480288723238    1.000000
8656    -7.9087615672154525    1.000000
8657    -9.4227245113789    1.000000
8658    -2.2734779949010675    1.000000
8659    6.965993705407858    1.000000
8660    9.80096291829069    1.000000
8661    3.624972023553328    1.000000
8662    -5.883801432223971    1.000000
8663    -9.983034985755078    1.000000
8664    -4.9039122125075885    1.000000
8665    4.683844833369517    1.000000
8666    9.965296540103832    1.000000
8667    6.084700565186274    1.000000
8668    -3.3901410483291987    1.000000
8669    -9.748102616447271    1.000000
8670    -7.143703594682216    1.000000
8671    2.0285835671566335    1.000000
8672    9.335800352644107    1.000000
8673    8.059725348159771    1.000000
8674    -0.6264239720948664    1.000000
8675    -8.73664198130764    1.000000
8677    -0.7882735030275038    1.000000
8678    7.962619661313925    1.000000
8679    9.392717030545302    1.000000
8680    2.1871936786272212    1.000000
8681    -7.029225454660288    1.000000
8682    -9.783007121867175    1.000000
8683    -3.5423371578782463    1.000000
8684    5.955141252739157    1.000000
8685    9.977490259129144    1.000000
8686    4.826580734829602    1.000000
8687    -4.761864858154796    1.000000
8688    -9.972273861016598    1.000000
8689    -6.014220265556894    1.000000
8690    3.4732797060580283    1.000000
8691    9.767462333773228    1.000000
8692    7.081485136777726    1.000000
8693    -2.1151768370293014    1.000000
8694    -9.367154981509344    1.000000
8695    -8.00701403483816    1.000000
8696    0.7147386892261148    1.000000
8697    8.779363958602243    1.000000
8699    0.7000049583015188    1.000000
8700    -8.015853906371863    1.000000
8701    -9.361973656531225    1.000000
8702    -2.1007380018293373    1.000000
8703    7.091906483704787    1.000000
8704    9.76428485412315    1.000000
8705    3.4594247599673946    1.000000
8706    -6.026014504547712    1.000000
8707    -9.971163823971365    1.000000
8708    -4.748871108013698    1.000000
8709    4.839511804110586    1.000000
8710    9.97846988208776    1.000000
8711    5.943268768545016    1.000000
8712    -3.5561462420098175    1.000000
8713    -9.786056797669463    1.000000
8714    -7.018711864264971    1.000000
8715    2.2016043886965964    1.000000
8716    9.397775719909346    1.000000
8717    7.953675394300677    1.000000
8718    -0.8029974085746645    1.000000
8719    -8.82139809721874    1.000000
8721    -0.6116815701395565    1.000000
8722    8.068460131634653    1.000000
8723    9.33049679799427    1.000000
8724    2.0141177380685447    1.000000
8725    -7.1540318816575565    1.000000
8726    -9.744797581896075    1.000000
8727    -3.3762413257758843    1.000000
8728    6.096415634928044    1.000000
8729    9.964056175940286    1.000000
8730    4.670789420392387    1.000000
8731    -4.91677958781525    1.000000
8732    -9.983884117876348    1.000000
8733    -5.87185163300253    1.000000
8734    3.638734163822613    1.000000
8735    9.803884551311597    1.000000
8736    6.955388695254765    1.000000
8737    -2.287859450800916    1.000000
8738    -9.427660168794667    1.000000
8739    -7.899713605481032    1.000000
8740    0.8911932153160323    1.000000
8741    8.862741103899618    1.000000
8743    0.5233102584327213    1.000000
8744    -8.120434215551278    1.000000
8745    -9.298288921058507    1.000000
8746    -1.9273396738009005    1.000000
8747    7.215596781166959    1.000000
8748    9.724546831959369    1.000000
8749    3.292793372493762    1.000000
8750    -6.1663391281479525    1.000000
8751    -9.956167871900309    1.000000
8752    -4.592341789448099    1.000000
8753    4.993662155553455    1.000000
8754    9.988516144192094    1.000000
8755    5.7999744542628004    1.000000
8756    -3.7210370009631    1.000000
8757    -9.82094419794486    1.000000
8758    -6.891520590940772    1.000000
8759    2.3739352654987322    1.000000
8760    9.456805986802092    1.000000
8761    7.8451328961348645    1.000000
8762    -0.9793191995547624    1.000000
8763    -8.903389739535623    1.000000
8765    -0.43489794682679384    1.000000
8766    8.17177208609723    1.000000
8767    9.265352549121257    1.000000
8768    1.8404106078456932    1.000000
8769    -7.2765963587948335    1.000000
8770    -9.703534190902806    1.000000
8771    -3.209087438035409    1.000000
8772    6.235779505896783    1.000000
8773    9.947499529878051    1.000000
8774    4.51353436133391    1.000000
8775    -5.070153483790465    1.000000
8776    -9.99236559812865    1.000000
8777    -5.7276428637023    1.000000
8778    3.803048305233554    1.000000
8779    9.83723440099352    1.000000
8780    6.827112555210821    1.000000
8781    -2.459825088990053    1.000000
8782    -9.485210890438077    1.000000
8783    -7.789937542508514    1.000000
8784    1.0673684568657973    1.000000
8785    8.943340819419529    1.000000
8787    0.34645156217978207    1.000000
8788    -8.222469721093551    1.000000
8789    -9.231690262655393    1.000000
8790    -1.7533373508527712    1.000000
8791    7.337025835394418    1.000000
8792    9.681761305008207    1.000000
8793    3.1251300805273106    1.000000
8794    -6.304731327714626    1.000000
8795    -9.938051829013931    1.000000
8796    -4.434373310391995    1.000000
8797    5.1462475796440685    1.000000
8798    9.995432178092042    1.000000
8799    5.654862528299396    1.000000
8800    -3.884761651277038    1.000000
8801    -9.852753884165608    1.000000
8802    -6.762169634254858    1.000000
8803    2.5455221920467785    1.000000
8804    9.51287265425765    1.000000
8805    7.734131869003979    1.000000
8806    -1.15533408883542    1.000000
8807    -8.982591213495665    1.000000
8809    -0.25797803401922204    1.000000
8810    8.272523148521948    1.000000
8812    1.6661267247689484    1.000000
8813    -7.396880476484777    1.000000
8814    -9.65922988012045    1.000000
8815    -3.0409278777942474    1.000000
8816    6.373189191418567    1.000000
8817    9.927825509508962    1.000000
8818    4.3548648386698945    1.000000
8819    -5.221938481354105    1.000000
8820    -9.997715643824282    1.000000
8821    -5.581639150190361    1.000000
8822    3.9661706370808103    1.000000
8823    9.867501431552903    1.000000
8824    6.6966969161695955    1.000000
8825    -2.6310198605399173    1.000000
8826    -9.539789111038772    1.000000
8827    -7.6777202478401225    1.000000
8828    1.2432092036017264    1.000000
8829    9.021137846605136    1.000000
8831    0.1694842939992681    1.000000
8832    -8.321928446835996    1.000000
8834    -1.5787855623035245    1.000000
8835    7.456155592621734    1.000000
8836    9.63594168151382    1.000000
8837    2.956487426843941    1.000000
8838    -6.441147733525932    1.000000
8839    -9.916821372566748    1.000000
8840    -4.2750151754345955    1.000000
8841    5.297220258749544    1.000000
8842    9.9992158164222    1.000000
8843    5.507978466222632    1.000000
8844    -4.047268884477905    1.000000
8845    -9.881475887726204    1.000000
8846    -6.630699530559876    1.000000
8847    2.716311395965618    1.000000
8848    9.565958151952135    1.000000
8849    7.620707098710115    1.000000
8850    -1.3309869163945816    1.000000
8851    -9.05897769872675    1.000000
8853    -0.08097727535761741    1.000000
8854    8.370681745268373    1.000000
8856    1.4913207063929603    1.000000
8857    -7.514846539765269    1.000000
8858    -9.611898533753733    1.000000
8859    -2.8718153433501956    1.000000
8860    6.508601629674503    1.000000
8861    9.905040280330729    1.000000
8862    4.194830576684492    1.000000
8863    -5.37208701371311    1.000000
8864    -9.999932578351457    1.000000
8865    -5.433886247505337    1.000000
8866    4.128050039646843    1.000000
8867    9.894676157825847    1.000000
8868    6.564182648136777    1.000000
8869    -2.801390115969982    1.000000
8870    -9.591377726726371    1.000000
8871    -7.563096888435166    1.000000
8872    1.418660350075025    1.000000
8873    9.096107805213643    1.000000
8875    -0.007536087627689688    1.000000
8876    -8.418779224134134    1.000000
8878    -1.4037390096647526    1.000000
8879    7.572948719643383    1.000000
8880    9.587102320553745    1.000000
8881    2.78691826113458    1.000000
8882    -6.5755455950396655    1.000000
8883    -9.89248315581662    1.000000
8884    -4.114317324659238    1.000000
8885    5.446532880643376    1.000000
8886    9.999865873455754    1.000000
8887    5.359368298957149    1.000000
8888    -4.20850777360944    1.000000
8889    -9.90710120764749    1.000000
8890    -6.497151480312502    1.000000
8891    2.8862493548726063    1.000000
8892    9.6160458438087    1.000000
8893    7.50489413061456    1.000000
8894    -1.5062226356740729    1.000000
8895    -9.132525257025536    1.000000
8897    0.09604886018155137    1.000000
8898    8.46621711512997    1.000000
8900    1.3160473339005505    1.000000
8901    -7.630457580112343    1.000000
8902    -9.561554984628001    1.000000
8903    -2.7018028316466833    1.000000
8904    6.641974384748455    1.000000
8905    9.879150982840102    1.000000
8906    4.033481727347556    1.000000
8907    -5.520552026914318    1.000000
8908    -9.999015706961233    1.000000
8909    -5.284430458851484    1.000000
8910    4.288635782726654    1.000000
8911    9.918750063723136    1.000000
8912    6.429611278792082    1.000000
8913    -2.970882464188816    1.000000
8914    -9.639960570520957    1.000000
8915    -7.4461033852720275    1.000000
8916    1.5936669129308836    1.000000
8917    9.16822720095666    1.000000
8919    -0.18455410757512444    1.000000
8920    -8.512991701629437    1.000000
8922    -1.2282525494985543    1.000000
8923    7.687368615513341    1.000000
8924    9.535258527539009    1.000000
8925    2.616475723442997    1.000000
8926    -6.707882794290488    1.000000
8927    -9.865044805939739    1.000000
8928    -3.9523301179930233    1.000000
8929    5.594138653332285    1.000000
8930    9.997382145476069    1.000000
8931    5.2090785983590955    1.000000
8932    -4.368427789192475    1.000000
8933    -9.929621813397405    1.000000
8934    -6.361567335161917    1.000000
8935    3.0552828131505625    1.000000
8936    9.66312003321101    1.000000
8937    7.386729258498484    1.000000
8938    -1.6809863308302404    1.000000
8939    -9.203210839859288    1.000000
8941    0.273044895669141    1.000000
8942    8.55909931897415    1.000000
8944    1.140361534935238    1.000000
8945    -7.743677367025493    1.000000
8946    -9.508215009540834    1.000000
8947    -2.530943621664446    1.000000
8948    6.7732656599257135    1.000000
8949    9.850165730295144    1.000000
8950    3.870868854597878    1.000000
8951    -5.6672869945903495    1.000000
8952    -9.99496531698525    1.000000
8953    -5.133318621088074    1.000000
8954    4.447877541525757    1.000000
8955    9.939715604899034    1.000000
8956    6.2930249804752    1.000000
8957    -3.1394437892259206    1.000000
8958    -9.68552241739955    1.000000
8959    -7.32677640209115    1.000000
8960    1.7681740481393082    1.000000
8961    9.237473432862894    1.000000
8962    8.213882344203693    1.000000
8963    -0.36151429145717895    1.000000
8964    -8.604536354760896    1.000000
8966    -1.0523811762264408    1.000000
8967    7.799379423015177    1.000000
8968    9.480426549417684    1.000000
8969    2.4452132275126344    1.000000
8970    -6.838117859088979    1.000000
8971    -9.834514921640398    1.000000
8972    -3.789104319424891    1.000000
8973    5.739991319720006    1.000000
8974    9.991765410840541    1.000000
8975    5.057156462621324    1.000000
8976    -4.5269788150600085    1.000000
8977    -9.949030647407607    1.000000
8978    -6.223989584834234    1.000000
8979    3.2233587986371637    1.000000
8980    9.707165967922265    1.000000
8981    7.266249513189101    1.000000
8982    -1.855223233943627    1.000000
8983    -9.27101229558888    1.000000
8984    -8.163075408133466    1.000000
8985    0.44995536360884386    1.000000
8986    8.649299249124658    1.000000
8988    0.964318366387866    1.000000
8989    -7.854470419381677    1.000000
8990    -9.451895324317896    1.000000
8991    -2.359291257724817    1.000000
8992    6.902434310791371    1.000000
8993    9.8180936061727    1.000000
8994    3.7070429184973266    1.000000
8995    -5.812245932540172    1.000000
8996    -9.987782677745669    1.000000
8997    -4.980598090051523    1.000000
8998    4.605725412431086    1.000000
8999    9.957566211115534    1.000000
9000    6.15446655696971    1.000000
9001    -3.3070212668773635    1.000000
9002    -9.728048989067343    1.000000
9003    -7.205153333905257    1.000000
9004    1.9421270681822926    1.000000
9005    9.3038248003609    1.000000
9006    8.111628917874068    1.000000
9007    -0.5383611830128189    1.000000
9008    -8.69338449501752    1.000000
9010    -0.876180004895033    1.000000
9011    7.90894603989909    1.000000
9012    9.422623569583372    1.000000
9013    2.2731844440476676    1.000000
9014    -6.966209976018295    1.000000
9015    -9.800903070456313    1.000000
9016    -3.6246910810970583    1.000000
9017    5.884045172103471    1.000000
9018    9.983017429736659    1.000000
9019    4.903649501513622    1.000000
9020    -4.684111164062732    1.000000
9021    -9.965321627285203    1.000000
9022    -6.084461343816943    1.000000
9023    3.3904246392254946    1.000000
9024    9.748169844708324    1.000000
9025    7.14349265095485    1.000000
9026    -2.0288787421822914    1.000000
9027    -9.335908376410737    1.000000
9028    -8.059546904114512    1.000000
9029    0.6267248233197418    1.000000
9030    8.736788638483429    1.000000
9032    0.7879729971427226    1.000000
9033    -7.962802016554497    1.000000
9034    -9.392613578574458    1.000000
9035    -2.1868995327098615    1.000000
9036    7.029439858124268    1.000000
9037    9.782944661321762    1.000000
9038    3.5420552592608434    1.000000
9039    -5.955383413139751    1.000000
9040    -9.977470040157403    1.000000
9041    -4.826316725714901    1.000000
9042    4.7621299286499434    1.000000
9043    9.972296288301388    1.000000
9044    6.013979430089119    1.000000
9045    -3.473562381259965    1.000000
9046    -9.767526958432288    1.000000
9047    -7.0812722952804    1.000000
9048    2.115471459191939    1.000000
9049    9.367260510079687    1.000000
9050    8.006833447335305    1.000000
9051    -0.715039361484865    1.000000
9052    -8.779508278928814    1.000000
9054    -0.6997042539039592    1.000000
9055    8.016034129882346    1.000000
9056    9.361867702490237    1.000000
9057    2.1004432838935303    1.000000
9058    -7.092119003224392    1.000000
9059    -9.764219785760313    1.000000
9060    -3.4591419272748287    1.000000
9061    6.026255066496812    1.000000
9062    9.971140943630404    1.000000
9063    4.748605821462639    1.000000
9064    -4.839775593640132    1.000000
9065    -9.978489647718854    1.000000
9066    -5.943026337847585    1.000000
9067    3.556427979370582    1.000000
9068    9.786118813663373    1.000000
9069    7.018497141673228    1.000000
9070    -2.2018984349133888    1.000000
9071    -9.397878745015532    1.000000
9072    -7.953492677488753    1.000000
9073    0.8032978783104567    1.000000
9074    8.821540069389    1.000000
9076    0.6113806907885694    1.000000
9077    -8.068638209295035    1.000000
9078    -9.330388350184341    1.000000
9079    -2.013822471204618    1.000000
9080    7.1542425005824795    1.000000
9081    9.744729910813735    1.000000
9082    3.375957581167308    1.000000
9083    -6.0966545795782885    1.000000
9084    -9.964030636022715    1.000000
9085    -4.67052287718943    1.000000
9086    4.91704207571202    1.000000
9087    9.983901220305166    1.000000
9088    5.871607626069212    1.000000
9089    -3.6390149412688695    1.000000
9090    -9.803943953781578    1.000000
9091    -6.955172108391516    1.000000
9092    2.2881528980341628    1.000000
9093    9.427760682364966    1.000000
9094    7.899528773675391    1.000000
9095    -0.891493458987901    1.000000
9096    -8.862880716790444    1.000000
9098    -0.5230092277013647    1.000000
9099    8.120610133409672    1.000000
9100    9.298177987976219    1.000000
9101    1.9270438811421904    1.000000
9102    -7.21580548299579    1.000000
9103    -9.72447656345937    1.000000
9104    -3.292508738199774    1.000000
9105    6.166576436778698    1.000000
9106    9.956139674407108    1.000000
9107    4.592074010476163    1.000000
9108    -4.993923321252254    1.000000
9109    -9.988530582078708    1.000000
9110    -5.799728890210861    1.000000
9111    3.7213167964967178    1.000000
9112    9.82100098223689    1.000000
9113    6.891302156774996    1.000000
9114    -2.3742280907576605    1.000000
9115    -9.456903980961545    1.000000
9116    -7.844945963816566    1.000000
9117    0.9796191936394533    1.000000
9118    8.903526982208735    1.000000
9120    0.43459678829998566    1.000000
9121    -8.171945830370964    1.000000
9122    -9.26523913945791    1.000000
9123    -1.8401143125667292    1.000000
9124    7.276803127176367    1.000000
9125    9.703461330490493    1.000000
9126    3.2088019363563127    1.000000
9127    -6.236015159915559    1.000000
9128    -9.947468677018417    1.000000
9129    -4.513265367572729    1.000000
9130    5.070413306829691    1.000000
9131    9.992377370341892    1.000000
9132    5.727395761770995    1.000000
9133    -3.803327096933334    1.000000
9134    -9.837288562658712    1.000000
9135    -6.826892290856224    1.000000
9136    2.4601172693326214    1.000000
9137    9.485306357509117    1.000000
9138    7.789748524323182    1.000000
9139    -1.0676681778596104    1.000000
9140    -8.943475681122347    1.000000
9142    -0.3461502994524531    1.000000
9143    8.222641278170245    1.000000
9144    9.231574385296318    1.000000
9145    1.7530405761674621    1.000000
9146    -7.33723065412893    1.000000
9147    -9.681685858391981    1.000000
9148    -3.1248437338313653    1.000000
9149    6.304965308658596    1.000000
9150    9.938018323205098    1.000000
9151    4.43410312291648    1.000000
9152    -5.146506039667312    1.000000
9153    -9.995441283709592    1.000000
9154    -5.654613907848471    1.000000
9155    3.8850394173004283    1.000000
9156    9.852805418960543    1.000000
9157    6.761947556968537    1.000000
9158    -2.5458137045814713    1.000000
9159    -9.512965586760698    1.000000
9160    -7.733940779760661    1.000000
9161    1.1556335132560518    1.000000
9162    8.98272368366215    1.000000
9164    0.2576766906944664    1.000000
9165    -8.272692504960583    1.000000
9167    -1.665829493928763    1.000000
9168    7.397083329525293    1.000000
9169    9.659151853211348    1.000000
9170    3.0406407085159195    1.000000
9171    -6.373421480955976    1.000000
9172    -9.927789353376015    1.000000
9173    -4.35459347864848    1.000000
9174    5.222195558111738    1.000000
9175    9.997722082132741    1.000000
9176    5.581389030698537    1.000000
9177    -3.9664473556656175    1.000000
9178    -9.867550335439974    1.000000
9179    -6.69647304335069    1.000000
9180    2.631310682427541    1.000000
9181    9.539879501692827    1.000000
9182    7.677527102510127    1.000000
9183    -1.2435083079901084    1.000000
9184    -9.021267914856617    1.000000
9186    -0.1691828936864949    1.000000
9187    8.322095589367965    1.000000
9189    1.57848789859567    1.000000
9190    -7.45635646407528    1.000000
9191    -9.635861080425034    1.000000
9192    -2.956199457482141    1.000000
9193    6.4413783134575455    1.000000
9194    9.916782568942423    1.000000
9195    4.274742664127585    1.000000
9196    -5.297475932100324    1.000000
9197    -9.99921958691714    1.000000
9198    -5.507726867286074    1.000000
9199    4.0475445339439995    1.000000
9200    9.88152215687393    1.000000
9201    6.6304738797481955    1.000000
9202    -2.7166015044210887    1.000000
9203    -9.566045993675338    1.000000
9204    -7.620511912425842    1.000000
9205    1.3312856773167197    1.000000
9206    9.059105354872745    1.000000
9208    0.08067584167070048    1.000000
9209    -8.370846660798529    1.000000
9211    -1.4910226331385577    1.000000
9212    7.51504541389413    1.000000
9213    9.61181536480013    1.000000
9214    2.871526596466521    1.000000
9215    -6.508830481935026    1.000000
9216    -9.90499883225518    1.000000
9217    -4.194556935442384    1.000000
9218    5.372341263625746    1.000000
9219    9.999933680737474    1.000000
9220    5.433633188836118    1.000000
9221    -4.128324598397859    1.000000
9222    -9.89471978860917    1.000000
9223    -6.563955237011432    1.000000
9224    2.801679488264112    1.000000
9225    9.59146301263657    1.000000
9226    7.5628996764889145    1.000000
9227    -1.4189587441238336    1.000000
9228    -9.096233039252649    1.000000
9230    0.00783753107226177    1.000000
9231    8.418941899741803    1.000000
9233    1.4034405502170098    1.000000
9234    -7.573145580866323    1.000000
9235    -9.587016590251382    1.000000
9236    -2.786628759351542    1.000000
9237    6.575772701699159    1.000000
9238    9.892439066537188    1.000000
9239    4.1140425749210605    1.000000
9240    -5.4467856871980915    1.000000
9241    -9.99986430764648    1.000000
9242    -5.359113800381709    1.000000
9243    4.208781220134464    1.000000
9244    9.907142196648058    1.000000
9245    6.49692232669052    1.000000
9246    -2.8865379683338817    1.000000
9247    -9.616128567223985    1.000000
9248    -7.504694908457335    1.000000
9249    1.506520639471211    1.000000
9250    9.132648059145815    1.000000
9252    -0.09635028976652554    1.000000
9253    -8.466377538069974    1.000000
9255    -1.3157485116429333    1.000000
9256    7.630652413005836    1.000000
9257    9.561466699693609    1.000000
9258    2.7015125976459404    1.000000
9259    -6.6421997280137495    1.000000
9260    -9.87910425581106    1.000000
9261    -4.033205890639186    1.000000
9262    5.520803370304426    1.000000
9263    9.999011473079342    1.000000
9264    5.284174540309081    1.000000
9265    -4.288908095601915    1.000000
9266    -9.918788407729576    1.000000
9267    -6.42938040062701    1.000000
9268    2.971170296205179    1.000000
9269    9.640040724960176    1.000000
9270    7.445902168512332    1.000000
9271    -1.5939645031285847    1.000000
9272    -9.168347561537008    1.000000
9274    0.18485549968433346    1.000000
9275    8.513149859333083    1.000000
9277    1.2279533878429527    1.000000
9278    -7.687561404812771    1.000000
9279    -9.535167694889466    1.000000
9280    -2.616184779963573    1.000000
9281    6.708106356506566    1.000000
9282    9.864995444822016    1.000000
9283    3.952053215925497    1.000000
9284    -5.594388513865732    1.000000
9285    -9.997375243853277    1.000000
9286    -5.208821279900231    1.000000
9287    4.368698947083018    1.000000
9288    9.929657509405567    1.000000
9289    6.361334750542418    1.000000
9290    -3.0555698411711774    1.000000
9291    -9.663197612394283    1.000000
9292    -7.386526062901089    1.000000
9293    1.681283484113143    1.000000
9294    9.20332874946979    1.000000
9296    -0.2733462266893538    1.000000
9297    -8.559255199050224    1.000000
9299    -1.1400620573201334    1.000000
9300    7.7438680976263585    1.000000
9301    9.508121636292627    1.000000
9302    2.5306519915009518    1.000000
9303    -6.773487423577096    1.000000
9304    -9.850113738956052    1.000000
9305    -3.8705909088657    1.000000
9306    5.667535352691259    1.000000
9307    9.994955748162276    1.000000
9308    5.1330599228729294    1.000000
9309    -4.448147523187116    1.000000
9310    -9.939748650112238    1.000000
9311    -6.292790707623626    1.000000
9312    3.1397299907629423    1.000000
9313    9.685597415248766    1.000000
9314    7.326571243575863    1.000000
9315    -1.7684707412262812    1.000000
9316    -9.23758888226566    1.000000
9317    -8.213710406273773    1.000000
9318    0.36181553777995074    1.000000
9319    8.60468994499663    1.000000
9321    1.0520814061150687    1.000000
9322    -7.799568079974269    1.000000
9323    -9.480330642886342    1.000000
9324    -2.444920933513479    1.000000
9325    6.838337806801106    1.000000
9326    9.834460304153309    1.000000
9327    3.788825351804333    1.000000
9328    -5.740238155930215    1.000000
9329    -9.991753175567078    1.000000
9330    -5.056896404918187    1.000000
9331    4.527247599339876    1.000000
9332    9.949061039236856    1.000000
9333    6.223753642105211    1.000000
9334    -3.223644151267499    1.000000
9335    -9.707238378561557    1.000000
9336    -7.266042407829522    1.000000
9337    1.8555194435895943    1.000000
9338    9.271125275738772    1.000000
9339    8.162901285358508    1.000000
9340    -0.4502565016323652    1.000000
9341    -8.649450537486684    1.000000
9343    -0.9640183272663788    1.000000
9344    7.854656987918245    1.000000
9345    9.451796892017429    1.000000
9346    2.3589983227904203    1.000000
9347    -6.902652425331952    1.000000
9348    -9.818036366816742    1.000000
9349    -3.706762950844725    1.000000
9350    5.812491227520751    1.000000
9351    9.987767776980318    1.000000
9352    4.980336693235187    1.000000
9353    -4.6059929782709625    1.000000
9354    -9.95759394717971    1.000000
9355    -6.154228962848693    1.000000
9356    3.307305748244431    1.000000
9357    9.728118806823533    1.000000
9358    7.20494429792751    1.000000
9359    -1.9424227711800552    1.000000
9360    -9.30393530240624    1.000000
9361    -8.111452623896104    1.000000
9362    0.5386621891437657    1.000000
9363    8.693533469652818    1.000000
9365    0.8758797202706591    1.000000
9366    -7.909130505396012    1.000000
9367    -9.422522619225681    1.000000
9368    -2.272890891128665    1.000000
9369    6.966426240298663    1.000000
9370    9.800843213716028    1.000000
9371    3.6244101353470968    1.000000
9372    -5.884288906636245    1.000000
9373    -9.982999864646851    1.000000
9374    -4.903386786063798    1.000000
9375    4.68437749049958    1.000000
9376    9.965346705411262    1.000000
9377    6.084222116918769    1.000000
9378    -3.3907082270409714    1.000000
9379    -9.748237064111386    1.000000
9380    -7.143281700736323    1.000000
9381    2.0291739153643436    1.000000
9382    9.336016391693995    1.000000
9383    8.059368452745685    1.000000
9384    -0.6270256739751234    1.000000
9385    -8.736935287720252    1.000000
9387    -0.7876724905419249    1.000000
9388    7.962984364559414    1.000000
9389    9.392510118068714    1.000000
9390    2.1866053848053046    1.000000
9391    -7.02965425520072    1.000000
9392    -9.782882191886763    1.000000
9393    -3.5417733574248382    1.000000
9394    5.955625568128798    1.000000
9395    9.977449812119318    1.000000
9396    4.826052712214611    1.000000
9397    -4.762394994817829    1.000000
9398    -9.972318706524531    1.000000
9399    -6.013738589156548    1.000000
9400    3.4738450533055385    1.000000
9401    9.767591574215775    1.000000
9402    7.081059447348453    1.000000
9403    -2.115766079432286    1.000000
9404    -9.36736603013817    1.000000
9405    -8.006652852556783    1.000000
9406    0.7153400330938716    1.000000
9407    8.779652591277603    1.000000
9409    0.6994035488705911    1.000000
9410    -8.016214346108802    1.000000
9411    -9.361761739942285    1.000000
9412    -2.100148564049088    1.000000
9413    7.092331516299516    1.000000
9414    9.764154708524904    1.000000
9415    3.4588590914390034    1.000000
9416    -6.026495622969961    1.000000
9417    -9.971118054228844    1.000000
9418    -4.748340530596606    1.000000
9419    4.84003937877186    1.000000
9420    9.978509404282676    1.000000
9421    5.9427839017498325    1.000000
9422    -3.5567097134996852    1.000000
9423    -9.786180820764816    1.000000
9424    -7.018282412703901    1.000000
9425    2.2021924791293563    1.000000
9426    9.397981761582034    1.000000
9427    7.953309953449633    1.000000
9428    -0.8035983473163067    1.000000
9429    -8.821682033543286    1.000000
9431    -0.6110798108820317    1.000000
9432    8.068816279623592    1.000000
9433    9.330279893896053    1.000000
9434    2.013527202510768    1.000000
9435    -7.1544531130064675    1.000000
9436    -9.744662230876537    1.000000
9437    -3.3756738334910596    1.000000
9438    6.096893518688613    1.000000
9439    9.964005087051007    1.000000
9440    4.670256329742454    1.000000
9441    -4.917304559140762    1.000000
9442    -9.983918313661794    1.000000
9443    -5.87136361380047    1.000000
9444    3.639295715408418    1.000000
9445    9.80400334734289    1.000000
9446    6.954955515208228    1.000000
9447    -2.288446343188206    1.000000
9448    -9.427861187368428    1.000000
9449    -7.899343934691593    1.000000
9450    0.8917937018496855    1.000000
9451    8.863020321627731    1.000000
9453    0.5227081964947589    1.000000
9454    -8.120786043889014    1.000000
9455    -9.298067046444844    1.000000
9456    -1.9267480867324107    1.000000
9457    7.216014178267748    1.000000
9458    9.724406286122917    1.000000
9459    3.292224100913943    1.000000
9460    -6.166813739805986    1.000000
9461    -9.956111467866942    1.000000
9462    -4.5918062273314915    1.000000
9463    4.994184482413167    1.000000
9464    9.988545010888924    1.000000
9465    5.799483320888809    1.000000
9466    -3.721596588648842    1.000000
9467    -9.821057757604754    1.000000
9468    -6.891083716347217    1.000000
9469    2.3745209138591714    1.000000
9470    9.457001966527683    1.000000
9471    7.844759024369706    1.000000
9472    -0.9799191868339817    1.000000
9473    -8.903664216791372    1.000000
9475    -0.4342956293782672    1.000000
9476    8.172119567219    1.000000
9477    9.265125721375403    1.000000
9478    1.839818015615687    1.000000
9479    -7.277009888945604    1.000000
9480    -9.703388461260817    1.000000
9481    -3.208516431761435    1.000000
9482    6.236250808267778    1.000000
9483    9.947437815119695    1.000000
9484    4.512996369710425    1.000000
9485    -5.070673125261524    1.000000
9486    -9.992389133475239    1.000000
9487    -5.727148654635306    1.000000
9488    3.8036058851770997    1.000000
9489    9.837342715384933    1.000000
9490    6.826672020298153    1.000000
9491    -2.4604094474397256    1.000000
9492    -9.485401815961032    1.000000
9493    -7.789559499059444    1.000000
9494    1.0679678978832525    1.000000
9495    8.943610534698388    1.000000
9497    0.34584903641058345    1.000000
9498    -8.222812827775172    1.000000
9499    -9.23145849954867    1.000000
9500    -1.7527437998891964    1.000000
9501    7.3374354661962355    1.000000
9502    9.681610402978185    1.000000
9503    3.1245573842959313    1.000000
9504    -6.305199283873356    1.000000
9505    -9.937984808365767    1.000000
9506    -4.433832931411777    1.000000
9507    5.146764495014015    1.000000
9508    9.995450380244463    1.000000
9509    5.654365282259301    1.000000
9510    -3.885317179793554    1.000000
9511    -9.85285694480241    1.000000
9512    -6.7617254735377585    1.000000
9513    2.5461052148028296    1.000000
9514    9.513058510619487    1.000000
9515    7.73374968348965    1.000000
9516    -1.1559329366265803    1.000000
9517    -8.982856145666192    1.000000
9519    -0.25737534713556465    1.000000
9520    8.27286185388197    1.000000
9522    1.6655322615748682    1.000000
9523    -7.39728617584421    1.000000
9524    -9.659073817525147    1.000000
9525    -3.040353536474615    1.000000
9526    6.373653764701974    1.000000
9527    9.927753188221866    1.000000
9528    4.354322114670127    1.000000
9529    -5.222452630124058    1.000000
9530    -9.997728511356447    1.000000
9531    -5.581138906135005    1.000000
9532    3.966724070646186    1.000000
9533    9.867599230360582    1.000000
9534    6.69624916444682    1.000000
9535    -2.6316015019241394    1.000000
9536    -9.539969883678165    1.000000
9537    -7.677333950203701    1.000000
9538    1.2438074112485367    1.000000
9539    9.021397974910633    1.000000
9541    0.16888149321998824    1.000000
9542    -8.322262724337797    1.000000
9544    -1.5781902334534714    1.000000
9545    7.456557328753368    1.000000
9546    9.635780470580313    1.000000
9547    2.9559114854340955    1.000000
9548    -6.4416088875359945    1.000000
9549    -9.916743756306897    1.000000
9550    -4.274470148936192    1.000000
9551    5.297731600637386    1.000000
9552    9.999223348325971    1.000000
9553    5.507475263344741    1.000000
9554    -4.047820179732164    1.000000
9555    -9.881568417042494    1.000000
9556    -6.630248222911521    1.000000
9557    2.7168916104080325    1.000000
9558    9.566133826706047    1.000000
9559    7.6203167192169445    1.000000
9560    -1.3315844370291423    1.000000
9561    -9.059233002786893    1.000000
9563    -0.08037440791047487    1.000000
9564    8.371011568722245    1.000000
9566    1.4907245585292892    1.000000
9567    -7.515244281194202    1.000000
9568    -9.611732187112446    1.000000
9569    -2.8712378469735413    1.000000
9570    6.509059328281091    1.000000
9571    9.904957375179135    1.000000
9572    4.194283290388757    1.000000
9573    -5.372595508656628    1.000000
9574    -9.999934774036731    1.000000
9575    -5.433380125229453    1.000000
9576    4.128599153397541    1.000000
9577    9.894763410401335    1.000000
9578    6.563727819921539    1.000000
9579    -2.8019688580124056    1.000000
9580    -9.59154828983118    1.000000
9581    -7.562702457670391    1.000000
9582    1.4192571368832603    1.000000
9583    9.09635826502607    1.000000
9585    -0.00813897450971203    1.000000
9586    -8.419104567699332    1.000000
9588    -1.4031420894939857    1.000000
9589    7.573342435207683    1.000000
9590    9.58693085123747    1.000000
9591    2.7863392550363453    1.000000
9592    -6.575999802383368    1.000000
9593    -9.892394968268674    1.000000
9594    -4.113767821444528    1.000000
9595    5.44703848880341    1.000000
9596    9.999862732750508    1.000000
9597    5.358859296936543    1.000000
9598    -4.209054662835045    1.000000
9599    -9.90718317664618    1.000000
9600    -6.496693167164902    1.000000
9601    2.886826579172213    1.000000
9602    9.616211281901261    1.000000
9603    7.504495679480732    1.000000
9604    -1.506818641899401    1.000000
9605    -9.132770852967422    1.000000
9607    0.09665171926394793    1.000000
9608    8.466537953316731    1.000000
9610    1.3154496881897184    1.000000
9611    -7.630847238965492    1.000000
9612    -9.561378406070883    1.000000
9613    -2.701222361190382    1.000000
9614    6.642425065243396    1.000000
9615    9.879057519805052    1.000000
9616    4.0329300502659144    1.000000
9617    -5.521054708677879    1.000000
9618    -9.99900723011153    1.000000
9619    -5.2839186169650425    1.000000
9620    4.2891804045799224    1.000000
9621    9.918826742722988    1.000000
9622    6.4291495166196775    1.000000
9623    -2.971458125521693    1.000000
9624    -9.64012087063966    1.000000
9625    -7.44570094498668    1.000000
9626    1.5942620918778794    1.000000
9627    9.168467913786245    1.000000
9629    -0.18515689162556767    1.000000
9630    -8.513308009300983    1.000000
9632    -1.2276542250715317    1.000000
9633    7.687754187126654    1.000000
9634    9.535076853575486    1.000000
9635    2.6158938341068687    1.000000
9636    -6.708329912627105    1.000000
9637    -9.864946074740152    1.000000
9638    -3.95177631026681    1.000000
9639    5.594638369315659    1.000000
9640    9.99736833314605    1.000000
9641    5.208563956708201    1.000000
9642    -4.368970101003803    1.000000
9643    -9.92969319639083    1.000000
9644    -6.361102160142486    1.000000
9645    3.0558568664152506    1.000000
9646    9.663275182796783    1.000000
9647    7.386322860591691    1.000000
9648    -1.6815806358682932    1.000000
9649    -9.203446650717394    1.000000
9651    0.27364755746118186    1.000000
9652    8.55941107134866    1.000000
9654    1.1397625786690746    1.000000
9655    -7.744058821190512    1.000000
9656    -9.508028254404557    1.000000
9657    -2.5303603590379    1.000000
9658    6.773709181073534    1.000000
9659    9.850061738666335    1.000000
9660    3.8703129596163848    1.000000
9661    -5.667783705642183    1.000000
9662    -9.994946170257068    1.000000
9663    -5.1328012199934685    1.000000
9664    4.448417500806525    1.000000
9665    9.939781686293372    1.000000
9666    6.2925564290539056    1.000000
9667    -3.140016189446947    1.000000
9668    -9.685672404296856    1.000000
9669    -7.326366078403053    1.000000
9670    1.7687674327062766    1.000000
9671    9.237704323274395    1.000000
9672    8.213538460880201    1.000000
9673    -0.36211678377394707    1.000000
9674    -8.604843527413438    1.000000
9676    -1.0517816350476892    1.000000
9677    7.79975672984603    1.000000
9678    9.480234727740392    1.000000
9679    2.444628637292668    1.000000
9680    -6.838557748299357    1.000000
9681    -9.834405677729821    1.000000
9682    -3.788546380740937    1.000000
9683    5.740484986924374    1.000000
9684    9.991740931214292    1.000000
9685    5.056636342619938    1.000000
9686    -4.527516379505915    1.000000
9687    -9.949091422025571    1.000000
9688    -6.223517693720777    1.000000
9689    3.2239295009685667    1.000000
9690    9.707310780380052    1.000000
9691    7.265835295867418    1.000000
9692    -1.8558156515494848    1.000000
9693    -9.27123824746416    1.000000
9694    -8.162727155166069    1.000000
9695    0.45055763924674663    1.000000
9696    8.649601817989112    1.000000
9698    0.9637182872689055    1.000000
9699    -7.854843549317428    1.000000
9700    -9.451698451128284    1.000000
9701    -2.3587053857124447    1.000000
9702    6.902870533600216    1.000000
9703    9.81797911853931    1.000000
9704    3.7064829798238548    1.000000
9705    -5.812736517219627    1.000000
9706    -9.98775286713926    1.000000
9707    -4.980075291893307    1.000000
9708    4.606260539925455    1.000000
9709    9.9576216741956    1.000000
9710    6.153991363135441    1.000000
9711    -3.307590226606209    1.000000
9712    -9.728188615739954    1.000000
9713    -7.204735255402759    1.000000
9714    1.9427184724127728    1.000000
9715    9.304045795997263    1.000000
9716    8.111276322547411    1.000000
9717    -0.5389631947852401    1.000000
9718    -8.69368243638846    1.000000
9720    -0.8755794348503888    1.000000
9721    7.909314963706048    1.000000
9722    9.422421660305908    1.000000
9723    2.2725973361443272    1.000000
9724    -6.966642498248765    1.000000
9725    -9.800783348069897    1.000000
9726    -3.6241291863036995    1.000000
9727    5.884532635822069    1.000000
9728    9.982982290485673    1.000000
9729    4.9031240661583535    1.000000
9730    -4.684643812679817    1.000000
9731    -9.965371774481989    1.000000
9732    -6.083982884491973    1.000000
9733    3.390991811775373    1.000000
9734    9.748304274656402    1.000000
9735    7.143070744026822    1.000000
9736    -2.029469086702522    1.000000
9737    -9.336124398493784    1.000000
9738    -8.059189994053456    1.000000
9739    0.6273265240607382    1.000000
9740    8.73708192901798    1.000000
9742    0.7873719832253828    1.000000
9743    -7.963166705328512    1.000000
9744    -9.392406649028166    1.000000
9745    -2.1863112349138194    1.000000
9746    7.029868645889452    1.000000
9747    9.782819713562235    1.000000
9748    3.5414914523704883    1.000000
9749    -5.955867717706073    1.000000
9750    -9.977429575014899    1.000000
9751    -4.825788694328974    1.000000
9752    4.762660056658211    1.000000
9753    9.972341115686005    1.000000
9754    6.013497742759402    1.000000
9755    -3.4741277221944906    1.000000
9756    -9.767656181123625    1.000000
9757    -7.080846592982074    1.000000
9758    2.1160606977500738    1.000000
9759    9.367471541684692    1.000000
9760    8.00647225050276    1.000000
9761    -0.715640704052862    1.000000
9762    -8.77979689564848    1.000000
9764    -0.6991028432016874    1.000000
9765    8.016394555051066    1.000000
9766    9.361655768887472    1.000000
9767    2.0998538422962785    1.000000
9768    -7.0925440229299666    1.000000
9769    -9.764089622416984    1.000000
9770    -3.4585762524601735    1.000000
9771    6.026736173966941    1.000000
9772    9.971095155766712    1.000000
9773    4.748075235415842    1.000000
9774    -4.840303159505531    1.000000
9775    -9.978529151779204    1.000000
9776    -5.942541460251982    1.000000
9777    3.5569914443968695    1.000000
9778    9.786242818973728    1.000000
9779    7.018067677357188    1.000000
9780    -2.202486521344231    1.000000
9781    -9.398084769608758    1.000000
9782    -7.953127222183483    1.000000
9783    0.8038988155919412    1.000000
9784    8.821823989681468    1.000000
9786    0.6107789304202167    1.000000
9787    -8.06899434262016    1.000000
9788    -9.330171429129509    1.000000
9789    -2.0132319319872614    1.000000
9790    7.154663718929334    1.000000
9791    9.74459454208454    1.000000
9792    3.3753900827473977    1.000000
9793    -6.097132452258801    1.000000
9794    -9.96397952902519    1.000000
9795    -4.6699897780517    1.000000
9796    4.917567038101238    1.000000
9797    9.983935397946214    1.000000
9798    5.871119596196526    1.000000
9799    -3.6395764862410043    1.000000
9800    -9.804062731995478    1.000000
9801    -6.954738915705097    1.000000
9802    2.288739786262779    1.000000
9803    9.427961683804963    1.000000
9804    7.899159088529803    1.000000
9805    -0.8920939439011133    1.000000
9806    -8.863159918411352    1.000000
9808    -0.5224071648131776    1.000000
9809    8.120961946989144    1.000000
9810    9.297956096464482    1.000000
9811    1.9264522905718293    1.000000
9812    -7.216222866982645    1.000000
9813    -9.72433599995007    1.000000
9814    -3.291939460636527    1.000000
9815    6.1670510372296    1.000000
9816    9.956083252279837    1.000000
9817    4.591538440014329    1.000000
9818    -4.994445639035952    1.000000
9819    -9.988559430622729    1.000000
9820    -5.799237746296873    1.000000
9821    3.7218763774192194    1.000000
9822    9.821114524048399    1.000000
9823    6.890865269657635    1.000000
9824    -2.3748137348029967    1.000000
9825    -9.45709994350041    1.000000
9826    -7.844572077794456    1.000000
9827    0.9802191791380751    1.000000
9828    8.90380144328341    1.000000
9830    0.4339944700619122    1.000000
9831    -8.172293296641174    1.000000
9832    -9.265012294873847    1.000000
9833    -1.8395217169928346    1.000000
9834    7.27721664410235    1.000000
9835    9.703315583213843    1.000000
9836    3.2082309242510365    1.000000
9837    -6.236486450953228    1.000000
9838    -9.947406944181918    1.000000
9839    -4.512727367747242    1.000000
9840    5.0709329390857265    1.000000
9841    9.992400887528683    1.000000
9842    5.726901542295461    1.000000
9843    -3.8038846699645967    1.000000
9844    -9.837396859172138    1.000000
9845    -6.826451743536808    1.000000
9846    2.4607016233110994    1.000000
9847    9.48549726579373    1.000000
9848    7.789370466717476    1.000000
9849    -1.0682676169364518    1.000000
9850    -8.943745380147531    1.000000
9852    -0.34554777305444695    1.000000
9853    8.222984369908175    1.000000
9854    9.231342605412566    1.000000
9855    1.7524470220182438    1.000000
9856    -7.337640271596142    1.000000
9857    -9.68153493876688    1.000000
9858    -3.124271031921267    1.000000
9859    6.305433253358696    1.000000
9860    9.937951284495965    1.000000
9861    4.433562735878127    1.000000
9862    -5.147022945683944    1.000000
9863    -9.995459467696648    1.000000
9864    -5.654116651532109    1.000000
9865    3.8855949387561606    1.000000
9866    9.852908461691165    1.000000
9867    6.761503383962721    1.000000
9868    -2.546396722710588    1.000000
9869    -9.51315142583393    1.000000
9870    -7.7335585801911195    1.000000
9871    1.1562323589467327    1.000000
9872    8.982988599507676    1.000000
9874    0.25707400334279057    1.000000
9875    -8.273031195285958    1.000000
9877    -1.6652350277075336    1.000000
9878    7.397489015441348    1.000000
9879    9.658995773061923    1.000000
9880    3.040066361670596    1.000000
9881    -6.373886042656345    1.000000
9882    -9.927717014046546    1.000000
9883    -4.354050746735079    1.000000
9884    5.22270969739083    1.000000
9885    9.997734931495398    1.000000
9886    5.580888776499993    1.000000
9887    -3.9670007820222626    1.000000
9888    -9.867648116314676    1.000000
9889    -6.696025279458188    1.000000
9890    2.6318923190294496    1.000000
9891    9.540060256994702    1.000000
9892    7.677140790921021    1.000000
9893    -1.2441065133767397    1.000000
9894    -9.02152802676707    1.000000
9896    -0.16858009260002207    1.000000
9897    8.322429851745339    1.000000
9899    1.5778925668772    1.000000
9900    -7.456758186655819    1.000000
9901    -9.635699851979732    1.000000
9902    -2.955623510700067    1.000000
9903    6.441839455761068    1.000000
9904    9.916704934660201    1.000000
9905    4.274197629860665    1.000000
9906    -5.297987264360493    1.000000
9907    -9.999227100648689    1.000000
9908    -5.507223654398866    1.000000
9909    4.048095821842146    1.000000
9910    9.881614668231855    1.000000
9911    6.63002256005006    1.000000
9912    -2.7171817139261862    1.000000
9913    -9.566221651044184    1.000000
9914    -7.620121519083605    1.000000
9915    1.3318831955315775    1.000000
9916    9.05936064246908    1.000000
9918    0.0800729740772145    1.000000
9919    -8.371176469039376    1.000000
9921    -1.490426482565426    1.000000
9922    7.515443141665308    1.000000
9923    9.61164900069075    1.000000
9924    2.870949094871518    1.000000
9925    -6.509288168712489    1.000000
9926    -9.904915909102636    1.000000
9927    -4.194009641523861    1.000000
9928    5.372849748805532    1.000000
9929    9.999935858249229    1.000000
9930    5.433127056685574    1.000000
9931    -4.128873704645639    1.000000
9932    -9.89480702320231    1.000000
9933    -6.563500396867304    1.000000
9934    2.802258225214601    1.000000
9935    9.591633558310123    1.000000
9936    7.5625052319797765    1.000000
9937    -1.4195555283530332    1.000000
9938    -9.096483482533797    1.000000
9940    0.00844041793976655    1.000000
9941    8.419267228006573    1.000000
9943    1.4028436274959515    1.000000
9944    -7.57353928266728    1.000000
9945    -9.586845103512088    1.000000
9946    -2.7860497481892517    1.000000
9947    6.576226897092083    1.000000
9948    9.892350861011119    1.000000
9949    4.113493064229887    1.000000
9950    -5.447291285459104    1.000000
9951    -9.999861148767842    1.000000
9952    -5.358604788621875    1.000000
9953    4.209328101710933    1.000000
9954    9.907224147641825    1.000000
9955    6.4964640017358555    1.000000
9956    -2.887115187387337    1.000000
9957    -9.616293987840464    1.000000
9958    -7.504296443684924    1.000000
9959    1.5071166429583718    1.000000
9960    9.132893638490241    1.000000
9962    -0.09695314867354467    1.000000
9963    -8.4666983608701    1.000000
9965    -1.3151508635411786    1.000000
9966    7.6310420579911336    1.000000
9967    9.561290103759905    1.000000
9968    2.7009321222802707    1.000000
9969    -6.6426503964371895    1.000000
9970    -9.879010774822122    1.000000
9971    -4.032654206227991    1.000000
9972    5.521306042034449    1.000000
9973    9.999002978057801    1.000000
9974    5.283662688819603    1.000000
9975    -4.289452709660429    1.000000
9976    -9.918865068703342    1.000000
9977    -6.42891862677029    1.000000
9978    2.971745952138097    1.000000
9979    9.64020100755934    1.000000
9980    7.445499714695253    1.000000
9981    -1.5945596791784962    1.000000
9982    -9.168588257704258    1.000000
9984    0.1854582833985531    1.000000
9985    8.513466151532993    1.000000
9987    1.2273550611845634    1.000000
9988    -7.687946962454813    1.000000
9989    -9.534986003597155    1.000000
9990    -2.615602885873149    1.000000
9991    6.708553462651907    1.000000
9992    9.864896695694188    1.000000
9993    3.9514994010172155    1.000000
9994    -5.594888219681838    1.000000
9995    -9.997361413354392    1.000000
9996    -5.208306628783247    1.000000
9997    4.369241250954582    1.000000
9998    9.929728874353158    1.000000
9999    6.360869563962336    1.000000
10000    -3.0561438888825214    1.000000
